交易所名称,合约名称,合约代码,现价,涨停板,跌停板,保证金-买开,保证金-卖开,保证金-每手,手续费标准-开仓-万分之,手续费标准-开仓-元,手续费标准-平昨-万分之,手续费标准-平昨-元,手续费标准-平今-万分之,手续费标准-平今-元,每跳毛利,手续费,每跳净利,备注,手续费更新时间,价格更新时间
上海期货交易所,白银2603,ag2603,22037.0,26444.0,17629.0,22.0,22.0,72722.1,5e-05,0.5/万分之 (16.5元),5e-05,0.5/万分之 (16.5元),5e-05,0.5/万分之 (16.5元),15,33.1,-18.1,,2026-03-16 22:35:16.562,2026-03-16 22:35:25.654
上海期货交易所,白银2604,ag2604,20659.0,24790.0,16527.0,22.0,22.0,68174.7,5e-05,0.5/万分之 (15.5元),5e-05,0.5/万分之 (15.5元),0.00025,2.5/万分之 (77.5元),15,93.0,-78.0,,2026-03-16 22:35:16.562,2026-03-16 22:35:25.654
上海期货交易所,白银2605,ag2605,20620.0,24744.0,16496.0,22.0,22.0,68046.0,5e-05,0.5/万分之 (15.5元),5e-05,0.5/万分之 (15.5元),5e-05,0.5/万分之 (15.5元),15,30.9,-15.9,,2026-03-16 22:35:16.562,2026-03-16 22:35:25.654
上海期货交易所,白银2606,ag2606,20552.0,24662.0,16441.0,22.0,22.0,67821.6,5e-05,0.5/万分之 (15.4元),5e-05,0.5/万分之 (15.4元),5e-05,0.5/万分之 (15.4元),15,30.8,-15.8,主力合约,2026-03-16 22:35:16.562,2026-03-16 22:35:25.654
上海期货交易所,白银2607,ag2607,20485.0,24582.0,16388.0,22.0,22.0,67600.5,1e-05,0.1/万分之 (3.1元),1e-05,0.1/万分之 (3.1元),1e-05,0.1/万分之 (3.1元),15,6.1,8.9,,2026-03-16 22:35:16.562,2026-03-16 22:35:25.654
上海期货交易所,白银2608,ag2608,20510.0,24612.0,16408.0,22.0,22.0,67683.0,1e-05,0.1/万分之 (3.1元),1e-05,0.1/万分之 (3.1元),1e-05,0.1/万分之 (3.1元),15,6.2,8.8,,2026-03-16 22:35:16.562,2026-03-16 22:35:25.654
上海期货交易所,白银2609,ag2609,20533.0,24639.0,16426.0,22.0,22.0,67758.9,1e-05,0.1/万分之 (3.1元),1e-05,0.1/万分之 (3.1元),1e-05,0.1/万分之 (3.1元),15,6.2,8.8,,2026-03-16 22:35:16.562,2026-03-16 22:35:25.654
上海期货交易所,白银2610,ag2610,20541.0,24649.0,16432.0,22.0,22.0,67785.3,1e-05,0.1/万分之 (3.1元),1e-05,0.1/万分之 (3.1元),1e-05,0.1/万分之 (3.1元),15,6.2,8.8,,2026-03-16 22:35:16.562,2026-03-16 22:35:25.654
上海期货交易所,白银2611,ag2611,20590.0,24708.0,16472.0,22.0,22.0,67947.0,1e-05,0.1/万分之 (3.1元),1e-05,0.1/万分之 (3.1元),1e-05,0.1/万分之 (3.1元),15,6.2,8.8,,2026-03-16 22:35:16.562,2026-03-16 22:35:25.654
上海期货交易所,白银2612,ag2612,20437.0,24524.0,16349.0,22.0,22.0,67442.1,5e-05,0.5/万分之 (15.3元),5e-05,0.5/万分之 (15.3元),5e-05,0.5/万分之 (15.3元),15,30.7,-15.7,,2026-03-16 22:35:16.562,2026-03-16 22:35:25.654
上海期货交易所,白银2701,ag2701,20525.0,24630.0,16420.0,22.0,22.0,67732.5,1e-05,0.1/万分之 (3.1元),1e-05,0.1/万分之 (3.1元),1e-05,0.1/万分之 (3.1元),15,6.2,8.8,,2026-03-16 22:35:16.562,2026-03-16 22:35:25.654
上海期货交易所,白银2702,ag2702,20505.0,24606.0,16404.0,22.0,22.0,67666.5,1e-05,0.1/万分之 (3.1元),1e-05,0.1/万分之 (3.1元),1e-05,0.1/万分之 (3.1元),15,6.2,8.8,,2026-03-16 22:35:16.562,2026-03-16 22:35:25.654
上海期货交易所,黄金2604,au2604,1125.12,1316.38,933.84,19.0,19.0,213772.8,,19.99,,19.99,,0,20,20.0,0.0,主力合约,2026-03-16 22:35:16.562,2026-03-16 22:35:25.654
上海期货交易所,黄金2606,au2606,1127.08,1318.68,935.46,19.0,19.0,214145.2,,19.99,,19.99,,0,20,20.0,0.0,,2026-03-16 22:35:16.562,2026-03-16 22:35:25.654
上海期货交易所,黄金2608,au2608,1130.98,1323.24,938.7,19.0,19.0,214886.2,,10,,10,,0,20,10.0,10.0,,2026-03-16 22:35:16.562,2026-03-16 22:35:25.654
上海期货交易所,黄金2610,au2610,1130.36,1322.52,938.18,19.0,19.0,214768.4,,10,,10,,0,20,10.0,10.0,,2026-03-16 22:35:16.562,2026-03-16 22:35:25.654
上海期货交易所,黄金2612,au2612,1133.86,1326.6,941.1,19.0,19.0,215433.4,,19.99,,19.99,,0,20,20.0,0.0,,2026-03-16 22:35:16.562,2026-03-16 22:35:25.654
上海期货交易所,黄金2603,au2603,1137.0,1330.28,943.7,20.0,20.0,227400.0,,19.99,,19.99,,0,20,20.0,0.0,,2026-03-16 22:35:16.562,2026-03-16 22:35:25.654
上海期货交易所,黄金2702,au2702,1137.7,1331.1,944.28,19.0,19.0,216163.0,,10,,10,,0,20,10.0,10.0,,2026-03-16 22:35:16.562,2026-03-16 22:35:25.654
上海期货交易所,黄金2605,au2605,1126.4,1317.88,934.9,19.0,19.0,214016.0,,19.99,,19.99,,0,20,20.0,0.0,,2026-03-16 22:35:16.562,2026-03-16 22:35:25.654
上海期货交易所,沪锡2603,sn2603,384040.0,430120.0,337950.0,20.0,20.0,76808.0,,3,,3,,3,10,6.0,4.0,,2026-03-16 22:35:16.562,2026-03-16 22:35:25.654
上海期货交易所,沪锡2604,sn2604,372770.0,417500.0,328030.0,14.0,14.0,52187.8,,3,,3,,3,10,6.0,4.0,主力合约,2026-03-16 22:35:16.562,2026-03-16 22:35:25.654
上海期货交易所,沪锡2605,sn2605,372700.0,417420.0,327970.0,14.0,14.0,52178.0,,3,,3,,3,10,6.0,4.0,,2026-03-16 22:35:16.562,2026-03-16 22:35:25.654
上海期货交易所,沪锡2606,sn2606,372660.0,417370.0,327940.0,14.0,14.0,52172.4,,3,,3,,3,10,6.0,4.0,,2026-03-16 22:35:16.562,2026-03-16 22:35:25.654
上海期货交易所,沪锡2607,sn2607,373640.0,418470.0,328800.0,14.0,14.0,52309.6,,3,,3,,3,10,6.0,4.0,,2026-03-16 22:35:16.562,2026-03-16 22:35:25.654
上海期货交易所,沪锡2608,sn2608,373680.0,418520.0,328830.0,14.0,14.0,52315.2,,3,,3,,3,10,6.0,4.0,,2026-03-16 22:35:16.562,2026-03-16 22:35:25.654
上海期货交易所,沪锡2609,sn2609,374400.0,419320.0,329470.0,14.0,14.0,52416.0,,3,,3,,3,10,6.0,4.0,,2026-03-16 22:35:16.562,2026-03-16 22:35:25.654
上海期货交易所,沪锡2610,sn2610,374160.0,419050.0,329260.0,14.0,14.0,52382.4,,3,,3,,3,10,6.0,4.0,,2026-03-16 22:35:16.562,2026-03-16 22:35:25.654
上海期货交易所,沪锡2611,sn2611,374820.0,419790.0,329840.0,14.0,14.0,52474.8,,3,,3,,3,10,6.0,4.0,,2026-03-16 22:35:16.562,2026-03-16 22:35:25.654
上海期货交易所,沪锡2612,sn2612,375980.0,421090.0,330860.0,14.0,14.0,52637.2,,3,,3,,3,10,6.0,4.0,,2026-03-16 22:35:16.562,2026-03-16 22:35:25.654
上海期货交易所,沪锡2701,sn2701,375270.0,420300.0,330230.0,14.0,14.0,52537.8,,3,,3,,3,10,6.0,4.0,,2026-03-16 22:35:16.562,2026-03-16 22:35:25.654
上海期货交易所,沪锡2702,sn2702,375910.0,421010.0,330800.0,14.0,14.0,52627.4,,3,,3,,3,10,6.0,4.0,,2026-03-16 22:35:16.562,2026-03-16 22:35:25.654
上海期货交易所,沪铜2603,cu2603,100340.0,110370.0,90300.0,20.0,20.0,100340.0,5e-05,0.5/万分之 (25.1元),5e-05,0.5/万分之 (25.1元),0.0001,1/万分之 (50.2元),50,75.3,-25.3,,2026-03-16 22:35:16.562,2026-03-16 22:35:25.654
上海期货交易所,沪铜2604,cu2604,99610.0,109570.0,89640.0,12.0,12.0,59766.0,5e-05,0.5/万分之 (24.9元),5e-05,0.5/万分之 (24.9元),0.0001,1/万分之 (49.8元),50,74.7,-24.7,主力合约,2026-03-16 22:35:16.562,2026-03-16 22:35:25.654
上海期货交易所,沪铜2605,cu2605,99720.0,109690.0,89740.0,12.0,12.0,59832.0,5e-05,0.5/万分之 (24.9元),5e-05,0.5/万分之 (24.9元),0.0001,1/万分之 (49.9元),50,74.8,-24.8,,2026-03-16 22:35:16.562,2026-03-16 22:35:25.654
上海期货交易所,沪铜2606,cu2606,99860.0,109840.0,89870.0,12.0,12.0,59916.0,5e-05,0.5/万分之 (25元),5e-05,0.5/万分之 (25元),0.0001,1/万分之 (49.9元),50,74.9,-24.9,,2026-03-16 22:35:16.562,2026-03-16 22:35:25.654
上海期货交易所,沪铜2607,cu2607,99860.0,109840.0,89870.0,12.0,12.0,59916.0,5e-05,0.5/万分之 (25元),5e-05,0.5/万分之 (25元),0.0001,1/万分之 (49.9元),50,74.9,-24.9,,2026-03-16 22:35:16.562,2026-03-16 22:35:25.654
上海期货交易所,沪铜2608,cu2608,99950.0,109940.0,89950.0,12.0,12.0,59970.0,5e-05,0.5/万分之 (25元),5e-05,0.5/万分之 (25元),0.0001,1/万分之 (50元),50,75.0,-25.0,,2026-03-16 22:35:16.562,2026-03-16 22:35:25.654
上海期货交易所,沪铜2609,cu2609,99970.0,109960.0,89970.0,12.0,12.0,59982.0,5e-05,0.5/万分之 (25元),5e-05,0.5/万分之 (25元),0.0001,1/万分之 (50元),50,75.0,-25.0,,2026-03-16 22:35:16.562,2026-03-16 22:35:25.654
上海期货交易所,沪铜2610,cu2610,100090.0,110090.0,90080.0,12.0,12.0,60054.0,5e-05,0.5/万分之 (25元),5e-05,0.5/万分之 (25元),0.0001,1/万分之 (50元),50,75.1,-25.1,,2026-03-16 22:35:16.562,2026-03-16 22:35:25.654
上海期货交易所,沪铜2611,cu2611,100150.0,110160.0,90130.0,12.0,12.0,60090.0,5e-05,0.5/万分之 (25元),5e-05,0.5/万分之 (25元),0.0001,1/万分之 (50.1元),50,75.1,-25.1,,2026-03-16 22:35:16.562,2026-03-16 22:35:25.654
上海期货交易所,沪铜2612,cu2612,99960.0,109950.0,89960.0,12.0,12.0,59976.0,5e-05,0.5/万分之 (25元),5e-05,0.5/万分之 (25元),0.0001,1/万分之 (50元),50,75.0,-25.0,,2026-03-16 22:35:16.562,2026-03-16 22:35:25.654
上海期货交易所,沪铜2701,cu2701,99830.0,109810.0,89840.0,12.0,12.0,59898.0,5e-05,0.5/万分之 (25元),5e-05,0.5/万分之 (25元),0.0001,1/万分之 (49.9元),50,74.9,-24.9,,2026-03-16 22:35:16.562,2026-03-16 22:35:25.654
上海期货交易所,沪铜2702,cu2702,100120.0,110130.0,90100.0,12.0,12.0,60072.0,5e-05,0.5/万分之 (25元),5e-05,0.5/万分之 (25元),0.0001,1/万分之 (50.1元),50,75.1,-25.1,,2026-03-16 22:35:16.562,2026-03-16 22:35:25.654
上海期货交易所,沪镍2603,ni2603,137040.0,153480.0,120590.0,20.0,20.0,27408.0,,3,,3,,3,10,6.0,4.0,,2026-03-16 22:35:16.562,2026-03-16 22:35:25.654
上海期货交易所,沪镍2604,ni2604,135840.0,152140.0,119530.0,14.0,14.0,19017.6,,3,,3,,3,10,6.0,4.0,,2026-03-16 22:35:16.562,2026-03-16 22:35:25.654
上海期货交易所,沪镍2605,ni2605,136400.0,152760.0,120030.0,14.0,14.0,19096.0,,3,,3,,3,10,6.0,4.0,主力合约,2026-03-16 22:35:16.562,2026-03-16 22:35:25.654
上海期货交易所,沪镍2606,ni2606,136680.0,153080.0,120270.0,14.0,14.0,19135.2,,3,,3,,3,10,6.0,4.0,,2026-03-16 22:35:16.562,2026-03-16 22:35:25.654
上海期货交易所,沪镍2607,ni2607,136790.0,153200.0,120370.0,14.0,14.0,19150.6,,3,,3,,3,10,6.0,4.0,,2026-03-16 22:35:16.562,2026-03-16 22:35:25.654
上海期货交易所,沪镍2608,ni2608,137100.0,153550.0,120640.0,14.0,14.0,19194.0,,3,,3,,3,10,6.0,4.0,,2026-03-16 22:35:16.562,2026-03-16 22:35:25.654
上海期货交易所,沪镍2609,ni2609,137360.0,153840.0,120870.0,14.0,14.0,19230.4,,3,,3,,3,10,6.0,4.0,,2026-03-16 22:35:16.562,2026-03-16 22:35:25.654
上海期货交易所,沪镍2610,ni2610,137580.0,154080.0,121070.0,14.0,14.0,19261.2,,3,,3,,3,10,6.0,4.0,,2026-03-16 22:35:16.562,2026-03-16 22:35:25.654
上海期货交易所,沪镍2611,ni2611,137640.0,154150.0,121120.0,14.0,14.0,19269.6,,3,,3,,3,10,6.0,4.0,,2026-03-16 22:35:16.562,2026-03-16 22:35:25.654
上海期货交易所,沪镍2612,ni2612,138160.0,154730.0,121580.0,14.0,14.0,19342.4,,3,,3,,3,10,6.0,4.0,,2026-03-16 22:35:16.562,2026-03-16 22:35:25.654
上海期货交易所,沪镍2701,ni2701,138590.0,155220.0,121950.0,14.0,14.0,19402.6,,3,,3,,3,10,6.0,4.0,,2026-03-16 22:35:16.562,2026-03-16 22:35:25.654
上海期货交易所,沪镍2702,ni2702,138720.0,155360.0,122070.0,14.0,14.0,19420.8,,3,,3,,3,10,6.0,4.0,,2026-03-16 22:35:16.562,2026-03-16 22:35:25.654
上海期货交易所,沪铝2603,al2603,25125.0,27635.0,22610.0,20.0,20.0,25125.0,,3,,3,,3,25,6.0,19.0,,2026-03-16 22:35:16.562,2026-03-16 22:35:25.654
上海期货交易所,沪铝2604,al2604,24985.0,27480.0,22485.0,12.0,12.0,14991.0,,3,,3,,3,25,6.0,19.0,,2026-03-16 22:35:16.562,2026-03-16 22:35:25.654
上海期货交易所,沪铝2605,al2605,25090.0,27595.0,22580.0,12.0,12.0,15054.0,,3,,3,,3,25,6.0,19.0,主力合约,2026-03-16 22:35:16.562,2026-03-16 22:35:25.654
上海期货交易所,沪铝2606,al2606,25140.0,27650.0,22625.0,12.0,12.0,15084.0,,3,,3,,3,25,6.0,19.0,,2026-03-16 22:35:16.562,2026-03-16 22:35:25.654
上海期货交易所,沪铝2607,al2607,25190.0,27705.0,22670.0,12.0,12.0,15114.0,,3,,3,,3,25,6.0,19.0,,2026-03-16 22:35:16.562,2026-03-16 22:35:25.654
上海期货交易所,沪铝2608,al2608,25210.0,27730.0,22685.0,12.0,12.0,15126.0,,3,,3,,3,25,6.0,19.0,,2026-03-16 22:35:16.562,2026-03-16 22:35:25.654
上海期货交易所,沪铝2609,al2609,25240.0,27760.0,22715.0,12.0,12.0,15144.0,,3,,3,,3,25,6.0,19.0,,2026-03-16 22:35:16.562,2026-03-16 22:35:25.654
上海期货交易所,沪铝2610,al2610,25250.0,27775.0,22725.0,12.0,12.0,15150.0,,3,,3,,3,25,6.0,19.0,,2026-03-16 22:35:16.562,2026-03-16 22:35:25.654
上海期货交易所,沪铝2611,al2611,25250.0,27775.0,22725.0,12.0,12.0,15150.0,,3,,3,,3,25,6.0,19.0,,2026-03-16 22:35:16.562,2026-03-16 22:35:25.654
上海期货交易所,沪铝2612,al2612,25265.0,27790.0,22735.0,12.0,12.0,15159.0,,3,,3,,3,25,6.0,19.0,,2026-03-16 22:35:16.562,2026-03-16 22:35:25.654
上海期货交易所,沪铝2701,al2701,25245.0,27765.0,22720.0,12.0,12.0,15147.0,,3,,3,,3,25,6.0,19.0,,2026-03-16 22:35:16.562,2026-03-16 22:35:25.654
上海期货交易所,沪铝2702,al2702,25280.0,27805.0,22750.0,12.0,12.0,15168.0,,3,,3,,3,25,6.0,19.0,,2026-03-16 22:35:16.562,2026-03-16 22:35:25.654
上海期货交易所,沪铅2603,pb2603,16515.0,18165.0,14860.0,20.0,20.0,16515.0,4e-05,0.4/万分之 (3.3元),4e-05,0.4/万分之 (3.3元),0.0,0/万分之 (0元),25,3.3,21.7,,2026-03-16 22:35:16.562,2026-03-16 22:35:25.654
上海期货交易所,沪铅2604,pb2604,16365.0,18000.0,14725.0,12.0,12.0,9819.0,4e-05,0.4/万分之 (3.3元),4e-05,0.4/万分之 (3.3元),0.0,0/万分之 (0元),25,3.3,21.7,主力合约,2026-03-16 22:35:16.562,2026-03-16 22:35:25.654
上海期货交易所,沪铅2605,pb2605,16405.0,18045.0,14760.0,12.0,12.0,9843.0,4e-05,0.4/万分之 (3.3元),4e-05,0.4/万分之 (3.3元),0.0,0/万分之 (0元),25,3.3,21.7,,2026-03-16 22:35:16.562,2026-03-16 22:35:25.654
上海期货交易所,沪铅2606,pb2606,16435.0,18075.0,14790.0,12.0,12.0,9861.0,4e-05,0.4/万分之 (3.3元),4e-05,0.4/万分之 (3.3元),0.0,0/万分之 (0元),25,3.3,21.7,,2026-03-16 22:35:16.562,2026-03-16 22:35:25.654
上海期货交易所,沪铅2607,pb2607,16470.0,18115.0,14820.0,12.0,12.0,9882.0,4e-05,0.4/万分之 (3.3元),4e-05,0.4/万分之 (3.3元),0.0,0/万分之 (0元),25,3.3,21.7,,2026-03-16 22:35:16.562,2026-03-16 22:35:25.654
上海期货交易所,沪铅2608,pb2608,16525.0,18175.0,14870.0,12.0,12.0,9915.0,4e-05,0.4/万分之 (3.3元),4e-05,0.4/万分之 (3.3元),0.0,0/万分之 (0元),25,3.3,21.7,,2026-03-16 22:35:16.562,2026-03-16 22:35:25.654
上海期货交易所,沪铅2609,pb2609,16580.0,18235.0,14920.0,12.0,12.0,9948.0,4e-05,0.4/万分之 (3.3元),4e-05,0.4/万分之 (3.3元),0.0,0/万分之 (0元),25,3.3,21.7,,2026-03-16 22:35:16.562,2026-03-16 22:35:25.654
上海期货交易所,沪铅2610,pb2610,16645.0,18305.0,14980.0,12.0,12.0,9987.0,4e-05,0.4/万分之 (3.3元),4e-05,0.4/万分之 (3.3元),0.0,0/万分之 (0元),25,3.3,21.7,,2026-03-16 22:35:16.562,2026-03-16 22:35:25.654
上海期货交易所,沪铅2611,pb2611,16770.0,18445.0,15090.0,12.0,12.0,10062.0,4e-05,0.4/万分之 (3.4元),4e-05,0.4/万分之 (3.4元),0.0,0/万分之 (0元),25,3.4,21.6,,2026-03-16 22:35:16.562,2026-03-16 22:35:25.654
上海期货交易所,沪铅2612,pb2612,16780.0,18455.0,15100.0,12.0,12.0,10068.0,4e-05,0.4/万分之 (3.4元),4e-05,0.4/万分之 (3.4元),0.0,0/万分之 (0元),25,3.4,21.6,,2026-03-16 22:35:16.562,2026-03-16 22:35:25.654
上海期货交易所,沪铅2701,pb2701,16760.0,18435.0,15080.0,12.0,12.0,10056.0,4e-05,0.4/万分之 (3.4元),4e-05,0.4/万分之 (3.4元),0.0,0/万分之 (0元),25,3.4,21.6,,2026-03-16 22:35:16.562,2026-03-16 22:35:25.654
上海期货交易所,沪铅2702,pb2702,16830.0,18510.0,15145.0,12.0,12.0,10098.0,4e-05,0.4/万分之 (3.4元),4e-05,0.4/万分之 (3.4元),0.0,0/万分之 (0元),25,3.4,21.6,,2026-03-16 22:35:16.562,2026-03-16 22:35:25.654
上海期货交易所,沪锌2603,zn2603,24105.0,26515.0,21690.0,20.0,20.0,24105.0,,3,,3,,0,25,3.0,22.0,,2026-03-16 22:35:16.562,2026-03-16 22:35:25.654
上海期货交易所,沪锌2604,zn2604,24015.0,26415.0,21610.0,12.0,12.0,14409.0,,3,,3,,0,25,3.0,22.0,主力合约,2026-03-16 22:35:16.562,2026-03-16 22:35:25.654
上海期货交易所,沪锌2605,zn2605,24030.0,26430.0,21625.0,12.0,12.0,14418.0,,3,,3,,0,25,3.0,22.0,,2026-03-16 22:35:16.562,2026-03-16 22:35:25.654
上海期货交易所,沪锌2606,zn2606,24080.0,26485.0,21670.0,12.0,12.0,14448.0,,3,,3,,0,25,3.0,22.0,,2026-03-16 22:35:16.562,2026-03-16 22:35:25.654
上海期货交易所,沪锌2607,zn2607,24050.0,26455.0,21645.0,12.0,12.0,14430.0,,3,,3,,0,25,3.0,22.0,,2026-03-16 22:35:16.562,2026-03-16 22:35:25.654
上海期货交易所,沪锌2608,zn2608,24015.0,26415.0,21610.0,12.0,12.0,14409.0,,3,,3,,0,25,3.0,22.0,,2026-03-16 22:35:16.562,2026-03-16 22:35:25.654
上海期货交易所,沪锌2609,zn2609,24060.0,26465.0,21650.0,12.0,12.0,14436.0,,3,,3,,0,25,3.0,22.0,,2026-03-16 22:35:16.562,2026-03-16 22:35:25.654
上海期货交易所,沪锌2610,zn2610,24140.0,26550.0,21725.0,12.0,12.0,14484.0,,3,,3,,0,25,3.0,22.0,,2026-03-16 22:35:16.562,2026-03-16 22:35:25.654
上海期货交易所,沪锌2611,zn2611,24200.0,26620.0,21780.0,12.0,12.0,14520.0,,3,,3,,0,25,3.0,22.0,,2026-03-16 22:35:16.562,2026-03-16 22:35:25.654
上海期货交易所,沪锌2612,zn2612,24160.0,26575.0,21740.0,12.0,12.0,14496.0,,3,,3,,0,25,3.0,22.0,,2026-03-16 22:35:16.562,2026-03-16 22:35:25.654
上海期货交易所,沪锌2701,zn2701,24200.0,26620.0,21780.0,12.0,12.0,14520.0,,3,,3,,0,25,3.0,22.0,,2026-03-16 22:35:16.562,2026-03-16 22:35:25.654
上海期货交易所,沪锌2702,zn2702,24260.0,26685.0,21830.0,12.0,12.0,14556.0,,3,,3,,0,25,3.0,22.0,,2026-03-16 22:35:16.562,2026-03-16 22:35:25.654
上海期货交易所,氧化铝2603,ao2603,2830.0,3113.0,2547.0,20.0,20.0,11320.0,0.0001,1/万分之 (5.7元),0.0001,1/万分之 (5.7元),0.0001,1/万分之 (5.7元),20,11.3,8.7,,2026-03-16 22:35:16.562,2026-03-16 22:35:25.654
上海期货交易所,氧化铝2604,ao2604,2945.0,3239.0,2650.0,12.0,12.0,7068.0,0.0001,1/万分之 (5.9元),0.0001,1/万分之 (5.9元),0.0001,1/万分之 (5.9元),20,11.8,8.2,,2026-03-16 22:35:16.562,2026-03-16 22:35:25.654
上海期货交易所,氧化铝2605,ao2605,2972.0,3269.0,2674.0,12.0,12.0,7132.8,0.0001,1/万分之 (5.9元),0.0001,1/万分之 (5.9元),0.0001,1/万分之 (5.9元),20,11.9,8.1,主力合约,2026-03-16 22:35:16.562,2026-03-16 22:35:25.654
上海期货交易所,氧化铝2606,ao2606,2969.0,3265.0,2672.0,12.0,12.0,7125.6,0.0001,1/万分之 (5.9元),0.0001,1/万分之 (5.9元),0.0001,1/万分之 (5.9元),20,11.9,8.1,,2026-03-16 22:35:16.562,2026-03-16 22:35:25.654
上海期货交易所,氧化铝2607,ao2607,2978.0,3275.0,2680.0,12.0,12.0,7147.2,0.0001,1/万分之 (6元),0.0001,1/万分之 (6元),0.0001,1/万分之 (6元),20,11.9,8.1,,2026-03-16 22:35:16.562,2026-03-16 22:35:25.654
上海期货交易所,氧化铝2608,ao2608,3006.0,3306.0,2705.0,12.0,12.0,7214.4,0.0001,1/万分之 (6元),0.0001,1/万分之 (6元),0.0001,1/万分之 (6元),20,12.0,8.0,,2026-03-16 22:35:16.562,2026-03-16 22:35:25.654
上海期货交易所,氧化铝2609,ao2609,3029.0,3331.0,2726.0,12.0,12.0,7269.6,0.0001,1/万分之 (6.1元),0.0001,1/万分之 (6.1元),0.0001,1/万分之 (6.1元),20,12.1,7.9,,2026-03-16 22:35:16.562,2026-03-16 22:35:25.654
上海期货交易所,氧化铝2610,ao2610,3053.0,3358.0,2747.0,12.0,12.0,7327.2,0.0001,1/万分之 (6.1元),0.0001,1/万分之 (6.1元),0.0001,1/万分之 (6.1元),20,12.2,7.8,,2026-03-16 22:35:16.562,2026-03-16 22:35:25.654
上海期货交易所,氧化铝2611,ao2611,3042.0,3346.0,2737.0,12.0,12.0,7300.8,0.0001,1/万分之 (6.1元),0.0001,1/万分之 (6.1元),0.0001,1/万分之 (6.1元),20,12.2,7.8,,2026-03-16 22:35:16.562,2026-03-16 22:35:25.654
上海期货交易所,氧化铝2612,ao2612,3039.0,3342.0,2735.0,12.0,12.0,7293.6,0.0001,1/万分之 (6.1元),0.0001,1/万分之 (6.1元),0.0001,1/万分之 (6.1元),20,12.2,7.8,,2026-03-16 22:35:16.562,2026-03-16 22:35:25.654
上海期货交易所,氧化铝2701,ao2701,3061.0,3367.0,2754.0,12.0,12.0,7346.4,0.0001,1/万分之 (6.1元),0.0001,1/万分之 (6.1元),0.0001,1/万分之 (6.1元),20,12.2,7.8,,2026-03-16 22:35:16.562,2026-03-16 22:35:25.654
上海期货交易所,氧化铝2702,ao2702,3084.0,3392.0,2775.0,12.0,12.0,7401.6,0.0001,1/万分之 (6.2元),0.0001,1/万分之 (6.2元),0.0001,1/万分之 (6.2元),20,12.3,7.7,,2026-03-16 22:35:16.562,2026-03-16 22:35:25.654
上海期货交易所,线材2603,wr2603,3300.0,3564.0,3036.0,20.0,20.0,6600.0,4e-05,0.4/万分之 (1.3元),4e-05,0.4/万分之 (1.3元),0.0,0/万分之 (0元),10,1.3,8.7,,2026-03-16 22:35:16.562,2026-03-16 22:35:25.654
上海期货交易所,线材2604,wr2604,3340.0,3607.0,3072.0,10.0,10.0,3340.0,4e-05,0.4/万分之 (1.3元),4e-05,0.4/万分之 (1.3元),0.0,0/万分之 (0元),10,1.3,8.7,,2026-03-16 22:35:16.562,2026-03-16 22:35:25.654
上海期货交易所,线材2605,wr2605,3369.0,3638.0,3099.0,10.0,10.0,3369.0,4e-05,0.4/万分之 (1.3元),4e-05,0.4/万分之 (1.3元),0.0,0/万分之 (0元),10,1.3,8.7,主力合约,2026-03-16 22:35:16.562,2026-03-16 22:35:25.654
上海期货交易所,线材2606,wr2606,3390.0,3661.0,3118.0,10.0,10.0,3390.0,4e-05,0.4/万分之 (1.4元),4e-05,0.4/万分之 (1.4元),0.0,0/万分之 (0元),10,1.4,8.6,,2026-03-16 22:35:16.562,2026-03-16 22:35:25.654
上海期货交易所,线材2607,wr2607,3359.0,3627.0,3090.0,10.0,10.0,3359.0,4e-05,0.4/万分之 (1.3元),4e-05,0.4/万分之 (1.3元),0.0,0/万分之 (0元),10,1.3,8.7,,2026-03-16 22:35:16.562,2026-03-16 22:35:25.654
上海期货交易所,线材2608,wr2608,3380.0,3650.0,3109.0,10.0,10.0,3380.0,4e-05,0.4/万分之 (1.4元),4e-05,0.4/万分之 (1.4元),0.0,0/万分之 (0元),10,1.4,8.6,,2026-03-16 22:35:16.562,2026-03-16 22:35:25.654
上海期货交易所,线材2609,wr2609,3418.0,3691.0,3144.0,10.0,10.0,3418.0,4e-05,0.4/万分之 (1.4元),4e-05,0.4/万分之 (1.4元),0.0,0/万分之 (0元),10,1.4,8.6,,2026-03-16 22:35:16.562,2026-03-16 22:35:25.654
上海期货交易所,线材2610,wr2610,3439.0,3714.0,3163.0,10.0,10.0,3439.0,4e-05,0.4/万分之 (1.4元),4e-05,0.4/万分之 (1.4元),0.0,0/万分之 (0元),10,1.4,8.6,,2026-03-16 22:35:16.562,2026-03-16 22:35:25.654
上海期货交易所,线材2611,wr2611,3399.0,3670.0,3127.0,10.0,10.0,3399.0,4e-05,0.4/万分之 (1.4元),4e-05,0.4/万分之 (1.4元),0.0,0/万分之 (0元),10,1.4,8.6,,2026-03-16 22:35:16.562,2026-03-16 22:35:25.654
上海期货交易所,线材2612,wr2612,3421.0,3694.0,3147.0,10.0,10.0,3421.0,4e-05,0.4/万分之 (1.4元),4e-05,0.4/万分之 (1.4元),0.0,0/万分之 (0元),10,1.4,8.6,,2026-03-16 22:35:16.562,2026-03-16 22:35:25.654
上海期货交易所,线材2701,wr2701,3475.0,3753.0,3197.0,10.0,10.0,3475.0,4e-05,0.4/万分之 (1.4元),4e-05,0.4/万分之 (1.4元),0.0,0/万分之 (0元),10,1.4,8.6,,2026-03-16 22:35:16.562,2026-03-16 22:35:25.654
上海期货交易所,线材2702,wr2702,3380.0,3650.0,3109.0,10.0,10.0,3380.0,4e-05,0.4/万分之 (1.4元),4e-05,0.4/万分之 (1.4元),0.0,0/万分之 (0元),10,1.4,8.6,,2026-03-16 22:35:16.562,2026-03-16 22:35:25.654
上海期货交易所,不锈钢2603,ss2603,13800.0,14900.0,12695.0,20.0,20.0,13800.0,,2,,2,,0,25,2.0,23.0,,2026-03-16 22:35:16.562,2026-03-16 22:35:25.654
上海期货交易所,不锈钢2604,ss2604,14045.0,15165.0,12920.0,10.0,10.0,7022.5,,2,,2,,0,25,2.0,23.0,,2026-03-16 22:35:16.562,2026-03-16 22:35:25.654
上海期货交易所,不锈钢2605,ss2605,14125.0,15255.0,12995.0,10.0,10.0,7062.5,,2,,2,,0,25,2.0,23.0,主力合约,2026-03-16 22:35:16.562,2026-03-16 22:35:25.654
上海期货交易所,不锈钢2606,ss2606,14075.0,15200.0,12945.0,10.0,10.0,7037.5,,2,,2,,0,25,2.0,23.0,,2026-03-16 22:35:16.562,2026-03-16 22:35:25.654
上海期货交易所,不锈钢2607,ss2607,14045.0,15165.0,12920.0,10.0,10.0,7022.5,,2,,2,,0,25,2.0,23.0,,2026-03-16 22:35:16.562,2026-03-16 22:35:25.654
上海期货交易所,不锈钢2608,ss2608,14100.0,15225.0,12970.0,10.0,10.0,7050.0,,2,,2,,0,25,2.0,23.0,,2026-03-16 22:35:16.562,2026-03-16 22:35:25.654
上海期货交易所,不锈钢2609,ss2609,14110.0,15235.0,12980.0,10.0,10.0,7055.0,,2,,2,,0,25,2.0,23.0,,2026-03-16 22:35:16.562,2026-03-16 22:35:25.654
上海期货交易所,不锈钢2610,ss2610,14090.0,15215.0,12960.0,10.0,10.0,7045.0,,2,,2,,0,25,2.0,23.0,,2026-03-16 22:35:16.562,2026-03-16 22:35:25.654
上海期货交易所,不锈钢2611,ss2611,14205.0,15340.0,13065.0,10.0,10.0,7102.5,,2,,2,,0,25,2.0,23.0,,2026-03-16 22:35:16.562,2026-03-16 22:35:25.654
上海期货交易所,不锈钢2612,ss2612,14290.0,15430.0,13145.0,10.0,10.0,7145.0,,2,,2,,0,25,2.0,23.0,,2026-03-16 22:35:16.562,2026-03-16 22:35:25.654
上海期货交易所,不锈钢2701,ss2701,14300.0,15440.0,13155.0,10.0,10.0,7150.0,,2,,2,,0,25,2.0,23.0,,2026-03-16 22:35:16.562,2026-03-16 22:35:25.654
上海期货交易所,不锈钢2702,ss2702,14400.0,15550.0,13245.0,10.0,10.0,7200.0,,2,,2,,0,25,2.0,23.0,,2026-03-16 22:35:16.562,2026-03-16 22:35:25.654
上海期货交易所,铸造铝2603,ad2603,23755.0,25655.0,21850.0,20.0,20.0,47510.0,5e-05,0.5/万分之 (11.9元),5e-05,0.5/万分之 (11.9元),0.0,0/万分之 (0元),50,11.9,38.1,,2026-03-16 22:35:16.562,2026-03-16 22:35:25.654
上海期货交易所,铸造铝2604,ad2604,23715.0,25610.0,21815.0,10.0,10.0,23715.0,5e-05,0.5/万分之 (11.9元),5e-05,0.5/万分之 (11.9元),0.0,0/万分之 (0元),50,11.9,38.1,主力合约,2026-03-16 22:35:16.562,2026-03-16 22:35:25.654
上海期货交易所,铸造铝2605,ad2605,23770.0,25670.0,21865.0,10.0,10.0,23770.0,5e-05,0.5/万分之 (11.9元),5e-05,0.5/万分之 (11.9元),0.0,0/万分之 (0元),50,11.9,38.1,,2026-03-16 22:35:16.562,2026-03-16 22:35:25.654
上海期货交易所,铸造铝2606,ad2606,23800.0,25700.0,21895.0,10.0,10.0,23800.0,5e-05,0.5/万分之 (11.9元),5e-05,0.5/万分之 (11.9元),0.0,0/万分之 (0元),50,11.9,38.1,,2026-03-16 22:35:16.562,2026-03-16 22:35:25.654
上海期货交易所,铸造铝2607,ad2607,23805.0,25705.0,21900.0,10.0,10.0,23805.0,5e-05,0.5/万分之 (11.9元),5e-05,0.5/万分之 (11.9元),0.0,0/万分之 (0元),50,11.9,38.1,,2026-03-16 22:35:16.562,2026-03-16 22:35:25.654
上海期货交易所,铸造铝2608,ad2608,23760.0,25660.0,21855.0,10.0,10.0,23760.0,5e-05,0.5/万分之 (11.9元),5e-05,0.5/万分之 (11.9元),0.0,0/万分之 (0元),50,11.9,38.1,,2026-03-16 22:35:16.562,2026-03-16 22:35:25.654
上海期货交易所,铸造铝2609,ad2609,23745.0,25640.0,21845.0,10.0,10.0,23745.0,5e-05,0.5/万分之 (11.9元),5e-05,0.5/万分之 (11.9元),0.0,0/万分之 (0元),50,11.9,38.1,,2026-03-16 22:35:16.562,2026-03-16 22:35:25.654
上海期货交易所,铸造铝2610,ad2610,23945.0,25860.0,22025.0,10.0,10.0,23945.0,5e-05,0.5/万分之 (12元),5e-05,0.5/万分之 (12元),0.0,0/万分之 (0元),50,12.0,38.0,,2026-03-16 22:35:16.562,2026-03-16 22:35:25.654
上海期货交易所,铸造铝2611,ad2611,23870.0,25775.0,21960.0,10.0,10.0,23870.0,5e-05,0.5/万分之 (11.9元),5e-05,0.5/万分之 (11.9元),0.0,0/万分之 (0元),50,11.9,38.1,,2026-03-16 22:35:16.562,2026-03-16 22:35:25.654
上海期货交易所,铸造铝2612,ad2612,24165.0,26095.0,22230.0,10.0,10.0,24165.0,5e-05,0.5/万分之 (12.1元),5e-05,0.5/万分之 (12.1元),0.0,0/万分之 (0元),50,12.1,37.9,,2026-03-16 22:35:16.562,2026-03-16 22:35:25.654
上海期货交易所,铸造铝2701,ad2701,24250.0,26190.0,22310.0,10.0,10.0,24250.0,5e-05,0.5/万分之 (12.1元),5e-05,0.5/万分之 (12.1元),0.0,0/万分之 (0元),50,12.1,37.9,,2026-03-16 22:35:16.562,2026-03-16 22:35:25.654
上海期货交易所,铸造铝2702,ad2702,24065.0,25990.0,22135.0,10.0,10.0,24065.0,5e-05,0.5/万分之 (12元),5e-05,0.5/万分之 (12元),0.0,0/万分之 (0元),50,12.0,38.0,,2026-03-16 22:35:16.562,2026-03-16 22:35:25.654
上海期货交易所,螺纹钢2603,rb2603,3155.0,3375.0,2934.0,20.0,20.0,6310.0,0.0001,1/万分之 (3.2元),0.0001,1/万分之 (3.2元),0.0001,1/万分之 (3.2元),10,6.3,3.7,,2026-03-16 22:35:16.562,2026-03-16 22:35:25.654
上海期货交易所,螺纹钢2604,rb2604,3138.0,3357.0,2918.0,10.0,10.0,3138.0,0.0001,1/万分之 (3.1元),0.0001,1/万分之 (3.1元),0.0001,1/万分之 (3.1元),10,6.3,3.7,,2026-03-16 22:35:16.562,2026-03-16 22:35:25.654
上海期货交易所,螺纹钢2605,rb2605,3135.0,3354.0,2915.0,9.0,9.0,2821.5,0.0001,1/万分之 (3.1元),0.0001,1/万分之 (3.1元),0.0001,1/万分之 (3.1元),10,6.3,3.7,主力合约,2026-03-16 22:35:16.562,2026-03-16 22:35:25.654
上海期货交易所,螺纹钢2606,rb2606,3140.0,3359.0,2920.0,9.0,9.0,2826.0,2e-05,0.2/万分之 (0.6元),2e-05,0.2/万分之 (0.6元),2e-05,0.2/万分之 (0.6元),10,1.3,8.7,,2026-03-16 22:35:16.562,2026-03-16 22:35:25.654
上海期货交易所,螺纹钢2607,rb2607,3154.0,3374.0,2933.0,9.0,9.0,2838.6,2e-05,0.2/万分之 (0.6元),2e-05,0.2/万分之 (0.6元),2e-05,0.2/万分之 (0.6元),10,1.3,8.7,,2026-03-16 22:35:16.562,2026-03-16 22:35:25.654
上海期货交易所,螺纹钢2608,rb2608,3159.0,3380.0,2937.0,9.0,9.0,2843.1,2e-05,0.2/万分之 (0.6元),2e-05,0.2/万分之 (0.6元),2e-05,0.2/万分之 (0.6元),10,1.3,8.7,,2026-03-16 22:35:16.562,2026-03-16 22:35:25.654
上海期货交易所,螺纹钢2609,rb2609,3162.0,3383.0,2940.0,9.0,9.0,2845.8,2e-05,0.2/万分之 (0.6元),2e-05,0.2/万分之 (0.6元),2e-05,0.2/万分之 (0.6元),10,1.3,8.7,,2026-03-16 22:35:16.562,2026-03-16 22:35:25.654
上海期货交易所,螺纹钢2610,rb2610,3160.0,3381.0,2938.0,9.0,9.0,2844.0,0.0001,1/万分之 (3.2元),0.0001,1/万分之 (3.2元),0.0001,1/万分之 (3.2元),10,6.3,3.7,,2026-03-16 22:35:16.562,2026-03-16 22:35:25.654
上海期货交易所,螺纹钢2611,rb2611,3177.0,3399.0,2954.0,9.0,9.0,2859.3,2e-05,0.2/万分之 (0.6元),2e-05,0.2/万分之 (0.6元),2e-05,0.2/万分之 (0.6元),10,1.3,8.7,,2026-03-16 22:35:16.562,2026-03-16 22:35:25.654
上海期货交易所,螺纹钢2612,rb2612,3190.0,3413.0,2966.0,9.0,9.0,2871.0,2e-05,0.2/万分之 (0.6元),2e-05,0.2/万分之 (0.6元),2e-05,0.2/万分之 (0.6元),10,1.3,8.7,,2026-03-16 22:35:16.562,2026-03-16 22:35:25.654
上海期货交易所,螺纹钢2701,rb2701,3188.0,3411.0,2964.0,9.0,9.0,2869.2,0.0001,1/万分之 (3.2元),0.0001,1/万分之 (3.2元),0.0001,1/万分之 (3.2元),10,6.4,3.6,,2026-03-16 22:35:16.562,2026-03-16 22:35:25.654
上海期货交易所,螺纹钢2702,rb2702,3199.0,3422.0,2975.0,9.0,9.0,2879.1,2e-05,0.2/万分之 (0.6元),2e-05,0.2/万分之 (0.6元),2e-05,0.2/万分之 (0.6元),10,1.3,8.7,,2026-03-16 22:35:16.562,2026-03-16 22:35:25.654
上海期货交易所,热卷2603,hc2603,3285.0,3514.0,3055.0,20.0,20.0,6570.0,0.0001,1/万分之 (3.3元),0.0001,1/万分之 (3.3元),0.0001,1/万分之 (3.3元),10,6.6,3.4,,2026-03-16 22:35:16.562,2026-03-16 22:35:25.654
上海期货交易所,热卷2604,hc2604,3285.0,3514.0,3055.0,10.0,10.0,3285.0,0.0001,1/万分之 (3.3元),0.0001,1/万分之 (3.3元),0.0001,1/万分之 (3.3元),10,6.6,3.4,,2026-03-16 22:35:16.562,2026-03-16 22:35:25.654
上海期货交易所,热卷2605,hc2605,3294.0,3524.0,3063.0,9.0,9.0,2964.6,0.0001,1/万分之 (3.3元),0.0001,1/万分之 (3.3元),0.0001,1/万分之 (3.3元),10,6.6,3.4,主力合约,2026-03-16 22:35:16.562,2026-03-16 22:35:25.654
上海期货交易所,热卷2606,hc2606,3299.0,3529.0,3068.0,9.0,9.0,2969.1,2e-05,0.2/万分之 (0.7元),2e-05,0.2/万分之 (0.7元),2e-05,0.2/万分之 (0.7元),10,1.3,8.7,,2026-03-16 22:35:16.562,2026-03-16 22:35:25.654
上海期货交易所,热卷2607,hc2607,3305.0,3536.0,3073.0,9.0,9.0,2974.5,2e-05,0.2/万分之 (0.7元),2e-05,0.2/万分之 (0.7元),2e-05,0.2/万分之 (0.7元),10,1.3,8.7,,2026-03-16 22:35:16.562,2026-03-16 22:35:25.654
上海期货交易所,热卷2608,hc2608,3297.0,3527.0,3066.0,9.0,9.0,2967.3,2e-05,0.2/万分之 (0.7元),2e-05,0.2/万分之 (0.7元),2e-05,0.2/万分之 (0.7元),10,1.3,8.7,,2026-03-16 22:35:16.562,2026-03-16 22:35:25.654
上海期货交易所,热卷2609,hc2609,3306.0,3537.0,3074.0,9.0,9.0,2975.4,2e-05,0.2/万分之 (0.7元),2e-05,0.2/万分之 (0.7元),2e-05,0.2/万分之 (0.7元),10,1.3,8.7,,2026-03-16 22:35:16.562,2026-03-16 22:35:25.654
上海期货交易所,热卷2610,hc2610,3300.0,3531.0,3069.0,9.0,9.0,2970.0,0.0001,1/万分之 (3.3元),0.0001,1/万分之 (3.3元),0.0001,1/万分之 (3.3元),10,6.6,3.4,,2026-03-16 22:35:16.562,2026-03-16 22:35:25.654
上海期货交易所,热卷2611,hc2611,3307.0,3538.0,3075.0,9.0,9.0,2976.3,2e-05,0.2/万分之 (0.7元),2e-05,0.2/万分之 (0.7元),2e-05,0.2/万分之 (0.7元),10,1.3,8.7,,2026-03-16 22:35:16.562,2026-03-16 22:35:25.654
上海期货交易所,热卷2612,hc2612,3317.0,3549.0,3084.0,9.0,9.0,2985.3,2e-05,0.2/万分之 (0.7元),2e-05,0.2/万分之 (0.7元),2e-05,0.2/万分之 (0.7元),10,1.3,8.7,,2026-03-16 22:35:16.562,2026-03-16 22:35:25.654
上海期货交易所,热卷2701,hc2701,3316.0,3548.0,3083.0,9.0,9.0,2984.4,0.0001,1/万分之 (3.3元),0.0001,1/万分之 (3.3元),0.0001,1/万分之 (3.3元),10,6.6,3.4,,2026-03-16 22:35:16.562,2026-03-16 22:35:25.654
上海期货交易所,热卷2702,hc2702,3328.0,3560.0,3095.0,9.0,9.0,2995.2,2e-05,0.2/万分之 (0.7元),2e-05,0.2/万分之 (0.7元),2e-05,0.2/万分之 (0.7元),10,1.3,8.7,,2026-03-16 22:35:16.562,2026-03-16 22:35:25.654
上海期货交易所,沥青2603,bu2603,3738.0,4186.0,3289.0,20.0,20.0,7476.0,5e-05,0.5/万分之 (1.9元),5e-05,0.5/万分之 (1.9元),0.0,0/万分之 (0元),10,1.9,8.1,,2026-03-16 22:35:16.562,2026-03-16 22:35:25.654
上海期货交易所,沥青2606,bu2606,4334.0,4854.0,3813.0,14.0,14.0,6067.6,5e-05,0.5/万分之 (2.2元),5e-05,0.5/万分之 (2.2元),0.0,0/万分之 (0元),10,2.2,7.8,主力合约,2026-03-16 22:35:16.562,2026-03-16 22:35:25.654
上海期货交易所,沥青2609,bu2609,4024.0,4506.0,3541.0,14.0,14.0,5633.6,5e-05,0.5/万分之 (2元),5e-05,0.5/万分之 (2元),0.0,0/万分之 (0元),10,2.0,8.0,,2026-03-16 22:35:16.562,2026-03-16 22:35:25.654
上海期货交易所,沥青2612,bu2612,3593.0,4024.0,3161.0,14.0,14.0,5030.2,5e-05,0.5/万分之 (1.8元),5e-05,0.5/万分之 (1.8元),0.0,0/万分之 (0元),10,1.8,8.2,,2026-03-16 22:35:16.562,2026-03-16 22:35:25.654
上海期货交易所,沥青2703,bu2703,3504.0,3924.0,3083.0,14.0,14.0,4905.6,5e-05,0.5/万分之 (1.8元),5e-05,0.5/万分之 (1.8元),0.0,0/万分之 (0元),10,1.8,8.2,,2026-03-16 22:35:16.562,2026-03-16 22:35:25.654
上海期货交易所,沥青2604,bu2604,4328.0,4847.0,3808.0,14.0,14.0,6059.2,5e-05,0.5/万分之 (2.2元),5e-05,0.5/万分之 (2.2元),0.0,0/万分之 (0元),10,2.2,7.8,,2026-03-16 22:35:16.562,2026-03-16 22:35:25.654
上海期货交易所,沥青2605,bu2605,4315.0,4832.0,3797.0,14.0,14.0,6041.0,5e-05,0.5/万分之 (2.2元),5e-05,0.5/万分之 (2.2元),0.0,0/万分之 (0元),10,2.2,7.8,,2026-03-16 22:35:16.562,2026-03-16 22:35:25.654
上海期货交易所,沥青2706,bu2706,3513.0,3934.0,3091.0,14.0,14.0,4918.2,5e-05,0.5/万分之 (1.8元),5e-05,0.5/万分之 (1.8元),0.0,0/万分之 (0元),10,1.8,8.2,,2026-03-16 22:35:16.562,2026-03-16 22:35:25.654
上海期货交易所,沥青2607,bu2607,4183.0,4684.0,3681.0,14.0,14.0,5856.2,5e-05,0.5/万分之 (2.1元),5e-05,0.5/万分之 (2.1元),0.0,0/万分之 (0元),10,2.1,7.9,,2026-03-16 22:35:16.562,2026-03-16 22:35:25.654
上海期货交易所,沥青2608,bu2608,4110.0,4603.0,3616.0,14.0,14.0,5754.0,5e-05,0.5/万分之 (2.1元),5e-05,0.5/万分之 (2.1元),0.0,0/万分之 (0元),10,2.1,7.9,,2026-03-16 22:35:16.562,2026-03-16 22:35:25.654
上海期货交易所,沥青2709,bu2709,3519.0,3941.0,3096.0,14.0,14.0,4926.6,5e-05,0.5/万分之 (1.8元),5e-05,0.5/万分之 (1.8元),0.0,0/万分之 (0元),10,1.8,8.2,,2026-03-16 22:35:16.562,2026-03-16 22:35:25.654
上海期货交易所,沥青2610,bu2610,3911.0,4380.0,3441.0,14.0,14.0,5475.4,5e-05,0.5/万分之 (2元),5e-05,0.5/万分之 (2元),0.0,0/万分之 (0元),10,2.0,8.0,,2026-03-16 22:35:16.562,2026-03-16 22:35:25.654
上海期货交易所,沥青2611,bu2611,3786.0,4240.0,3331.0,14.0,14.0,5300.4,5e-05,0.5/万分之 (1.9元),5e-05,0.5/万分之 (1.9元),0.0,0/万分之 (0元),10,1.9,8.1,,2026-03-16 22:35:16.562,2026-03-16 22:35:25.654
上海期货交易所,沥青2712,bu2712,3521.0,3943.0,3098.0,14.0,14.0,4929.4,5e-05,0.5/万分之 (1.8元),5e-05,0.5/万分之 (1.8元),0.0,0/万分之 (0元),10,1.8,8.2,,2026-03-16 22:35:16.562,2026-03-16 22:35:25.654
上海期货交易所,沥青2701,bu2701,3529.0,3952.0,3105.0,14.0,14.0,4940.6,5e-05,0.5/万分之 (1.8元),5e-05,0.5/万分之 (1.8元),0.0,0/万分之 (0元),10,1.8,8.2,,2026-03-16 22:35:16.562,2026-03-16 22:35:25.654
上海期货交易所,沥青2702,bu2702,3522.0,3944.0,3099.0,14.0,14.0,4930.8,5e-05,0.5/万分之 (1.8元),5e-05,0.5/万分之 (1.8元),0.0,0/万分之 (0元),10,1.8,8.2,,2026-03-16 22:35:16.562,2026-03-16 22:35:25.654
上海期货交易所,燃油2604,fu2604,4917.0,5900.0,3933.0,22.0,22.0,10817.4,0.0001,1/万分之 (4.9元),0.0001,1/万分之 (4.9元),0.0003,3/万分之 (14.8元),10,19.7,-9.7,,2026-03-16 22:35:16.562,2026-03-16 22:35:25.654
上海期货交易所,燃油2605,fu2605,4790.0,5748.0,3832.0,22.0,22.0,10538.0,0.0001,1/万分之 (4.8元),0.0001,1/万分之 (4.8元),0.0003,3/万分之 (14.4元),10,19.2,-9.2,主力合约,2026-03-16 22:35:16.562,2026-03-16 22:35:25.654
上海期货交易所,燃油2606,fu2606,4451.0,5341.0,3560.0,22.0,22.0,9792.2,0.0001,1/万分之 (4.5元),0.0001,1/万分之 (4.5元),0.0003,3/万分之 (13.4元),10,17.8,-7.8,,2026-03-16 22:35:16.562,2026-03-16 22:35:25.654
上海期货交易所,燃油2607,fu2607,4297.0,5156.0,3437.0,22.0,22.0,9453.4,0.0001,1/万分之 (4.3元),0.0001,1/万分之 (4.3元),0.0003,3/万分之 (12.9元),10,17.2,-7.2,,2026-03-16 22:35:16.562,2026-03-16 22:35:25.654
上海期货交易所,燃油2608,fu2608,4176.0,5011.0,3340.0,22.0,22.0,9187.2,0.0001,1/万分之 (4.2元),0.0001,1/万分之 (4.2元),0.0003,3/万分之 (12.5元),10,16.7,-6.7,,2026-03-16 22:35:16.562,2026-03-16 22:35:25.654
上海期货交易所,燃油2609,fu2609,4029.0,4834.0,3223.0,22.0,22.0,8863.8,0.0001,1/万分之 (4元),0.0001,1/万分之 (4元),0.0003,3/万分之 (12.1元),10,16.1,-6.1,,2026-03-16 22:35:16.562,2026-03-16 22:35:25.654
上海期货交易所,燃油2610,fu2610,3964.0,4756.0,3171.0,22.0,22.0,8720.8,0.0001,1/万分之 (4元),0.0001,1/万分之 (4元),0.0003,3/万分之 (11.9元),10,15.9,-5.9,,2026-03-16 22:35:16.562,2026-03-16 22:35:25.654
上海期货交易所,燃油2611,fu2611,3908.0,4689.0,3126.0,22.0,22.0,8597.6,0.0001,1/万分之 (3.9元),0.0001,1/万分之 (3.9元),0.0003,3/万分之 (11.7元),10,15.6,-5.6,,2026-03-16 22:35:16.562,2026-03-16 22:35:25.654
上海期货交易所,燃油2612,fu2612,3832.0,4598.0,3065.0,22.0,22.0,8430.4,0.0001,1/万分之 (3.8元),0.0001,1/万分之 (3.8元),0.0003,3/万分之 (11.5元),10,15.3,-5.3,,2026-03-16 22:35:16.562,2026-03-16 22:35:25.654
上海期货交易所,燃油2701,fu2701,3774.0,4528.0,3019.0,22.0,22.0,8302.8,0.0001,1/万分之 (3.8元),0.0001,1/万分之 (3.8元),0.0003,3/万分之 (11.3元),10,15.1,-5.1,,2026-03-16 22:35:16.562,2026-03-16 22:35:25.654
上海期货交易所,燃油2702,fu2702,3735.0,4482.0,2988.0,22.0,22.0,8217.0,0.0001,1/万分之 (3.7元),0.0001,1/万分之 (3.7元),0.0003,3/万分之 (11.2元),10,14.9,-4.9,,2026-03-16 22:35:16.562,2026-03-16 22:35:25.654
上海期货交易所,燃油2703,fu2703,3698.0,4437.0,2958.0,22.0,22.0,8135.6,0.0001,1/万分之 (3.7元),0.0001,1/万分之 (3.7元),0.0003,3/万分之 (11.1元),10,14.8,-4.8,,2026-03-16 22:35:16.562,2026-03-16 22:35:25.654
上海期货交易所,合成橡胶2603,br2603,15825.0,17720.0,13925.0,20.0,20.0,15825.0,2e-05,0.2/万分之 (1.6元),2e-05,0.2/万分之 (1.6元),2e-05,0.2/万分之 (1.6元),25,3.2,21.8,,2026-03-16 22:35:16.562,2026-03-16 22:35:25.654
上海期货交易所,合成橡胶2604,br2604,15805.0,17700.0,13905.0,14.0,14.0,11063.5,2e-05,0.2/万分之 (1.6元),2e-05,0.2/万分之 (1.6元),2e-05,0.2/万分之 (1.6元),25,3.2,21.8,,2026-03-16 22:35:16.562,2026-03-16 22:35:25.654
上海期货交易所,合成橡胶2605,br2605,15785.0,17675.0,13890.0,14.0,14.0,11049.5,2e-05,0.2/万分之 (1.6元),2e-05,0.2/万分之 (1.6元),2e-05,0.2/万分之 (1.6元),25,3.2,21.8,主力合约,2026-03-16 22:35:16.562,2026-03-16 22:35:25.654
上海期货交易所,合成橡胶2606,br2606,15540.0,17400.0,13675.0,14.0,14.0,10878.0,2e-05,0.2/万分之 (1.6元),2e-05,0.2/万分之 (1.6元),2e-05,0.2/万分之 (1.6元),25,3.1,21.9,,2026-03-16 22:35:16.562,2026-03-16 22:35:25.654
上海期货交易所,合成橡胶2607,br2607,15550.0,17415.0,13680.0,14.0,14.0,10885.0,2e-05,0.2/万分之 (1.6元),2e-05,0.2/万分之 (1.6元),2e-05,0.2/万分之 (1.6元),25,3.1,21.9,,2026-03-16 22:35:16.562,2026-03-16 22:35:25.654
上海期货交易所,合成橡胶2608,br2608,15310.0,17145.0,13470.0,14.0,14.0,10717.0,2e-05,0.2/万分之 (1.5元),2e-05,0.2/万分之 (1.5元),2e-05,0.2/万分之 (1.5元),25,3.1,21.9,,2026-03-16 22:35:16.562,2026-03-16 22:35:25.654
上海期货交易所,合成橡胶2609,br2609,14990.0,16785.0,13190.0,14.0,14.0,10493.0,2e-05,0.2/万分之 (1.5元),2e-05,0.2/万分之 (1.5元),2e-05,0.2/万分之 (1.5元),25,3.0,22.0,,2026-03-16 22:35:16.562,2026-03-16 22:35:25.654
上海期货交易所,合成橡胶2610,br2610,14940.0,16730.0,13145.0,14.0,14.0,10458.0,2e-05,0.2/万分之 (1.5元),2e-05,0.2/万分之 (1.5元),2e-05,0.2/万分之 (1.5元),25,3.0,22.0,,2026-03-16 22:35:16.562,2026-03-16 22:35:25.654
上海期货交易所,合成橡胶2611,br2611,14905.0,16690.0,13115.0,14.0,14.0,10433.5,2e-05,0.2/万分之 (1.5元),2e-05,0.2/万分之 (1.5元),2e-05,0.2/万分之 (1.5元),25,3.0,22.0,,2026-03-16 22:35:16.562,2026-03-16 22:35:25.654
上海期货交易所,合成橡胶2612,br2612,14870.0,16650.0,13085.0,14.0,14.0,10409.0,2e-05,0.2/万分之 (1.5元),2e-05,0.2/万分之 (1.5元),2e-05,0.2/万分之 (1.5元),25,3.0,22.0,,2026-03-16 22:35:16.562,2026-03-16 22:35:25.654
上海期货交易所,合成橡胶2701,br2701,14405.0,16130.0,12675.0,14.0,14.0,10083.5,2e-05,0.2/万分之 (1.4元),2e-05,0.2/万分之 (1.4元),2e-05,0.2/万分之 (1.4元),25,2.9,22.1,,2026-03-16 22:35:16.562,2026-03-16 22:35:25.654
上海期货交易所,合成橡胶2702,br2702,14325.0,16040.0,12605.0,14.0,14.0,10027.5,2e-05,0.2/万分之 (1.4元),2e-05,0.2/万分之 (1.4元),2e-05,0.2/万分之 (1.4元),25,2.9,22.1,,2026-03-16 22:35:16.562,2026-03-16 22:35:25.654
上海期货交易所,橡胶2603,ru2603,17010.0,18540.0,15475.0,20.0,20.0,34020.0,,3,,3,,0,50,3.0,47.0,,2026-03-16 22:35:16.562,2026-03-16 22:35:25.654
上海期货交易所,橡胶2604,ru2604,16875.0,18390.0,15355.0,11.0,11.0,18562.5,,3,,3,,0,50,3.0,47.0,,2026-03-16 22:35:16.562,2026-03-16 22:35:25.654
上海期货交易所,橡胶2605,ru2605,16835.0,18350.0,15315.0,11.0,11.0,18518.5,,3,,3,,0,50,3.0,47.0,主力合约,2026-03-16 22:35:16.562,2026-03-16 22:35:25.654
上海期货交易所,橡胶2606,ru2606,16825.0,18335.0,15310.0,11.0,11.0,18507.5,,3,,3,,0,50,3.0,47.0,,2026-03-16 22:35:16.562,2026-03-16 22:35:25.654
上海期货交易所,橡胶2607,ru2607,16785.0,18295.0,15270.0,11.0,11.0,18463.5,,3,,3,,0,50,3.0,47.0,,2026-03-16 22:35:16.562,2026-03-16 22:35:25.654
上海期货交易所,橡胶2608,ru2608,16810.0,18320.0,15295.0,11.0,11.0,18491.0,,3,,3,,0,50,3.0,47.0,,2026-03-16 22:35:16.562,2026-03-16 22:35:25.654
上海期货交易所,橡胶2609,ru2609,16745.0,18250.0,15235.0,11.0,11.0,18419.5,,3,,3,,0,50,3.0,47.0,,2026-03-16 22:35:16.562,2026-03-16 22:35:25.654
上海期货交易所,橡胶2610,ru2610,16720.0,18220.0,15215.0,11.0,11.0,18392.0,,3,,3,,0,50,3.0,47.0,,2026-03-16 22:35:16.562,2026-03-16 22:35:25.654
上海期货交易所,橡胶2611,ru2611,16740.0,18245.0,15230.0,11.0,11.0,18414.0,,3,,3,,0,50,3.0,47.0,,2026-03-16 22:35:16.562,2026-03-16 22:35:25.654
上海期货交易所,橡胶2701,ru2701,17475.0,19045.0,15900.0,11.0,11.0,19222.5,,3,,3,,0,50,3.0,47.0,,2026-03-16 22:35:16.562,2026-03-16 22:35:25.654
上海期货交易所,纸浆2603,sp2603,5222.0,5586.0,4856.0,20.0,20.0,10444.0,5e-05,0.5/万分之 (2.6元),5e-05,0.5/万分之 (2.6元),0.0,0/万分之 (0元),20,2.6,17.4,,2026-03-16 22:35:16.562,2026-03-16 22:35:25.654
上海期货交易所,纸浆2604,sp2604,5236.0,5602.0,4868.0,10.0,10.0,5236.0,5e-05,0.5/万分之 (2.6元),5e-05,0.5/万分之 (2.6元),0.0,0/万分之 (0元),20,2.6,17.4,,2026-03-16 22:35:16.562,2026-03-16 22:35:25.654
上海期货交易所,纸浆2605,sp2605,5278.0,5646.0,4908.0,9.0,9.0,4750.2,5e-05,0.5/万分之 (2.6元),5e-05,0.5/万分之 (2.6元),0.0,0/万分之 (0元),20,2.6,17.4,主力合约,2026-03-16 22:35:16.562,2026-03-16 22:35:25.654
上海期货交易所,纸浆2606,sp2606,5294.0,5664.0,4922.0,9.0,9.0,4764.6,5e-05,0.5/万分之 (2.6元),5e-05,0.5/万分之 (2.6元),0.0,0/万分之 (0元),20,2.6,17.4,,2026-03-16 22:35:16.562,2026-03-16 22:35:25.654
上海期货交易所,纸浆2607,sp2607,5312.0,5682.0,4940.0,9.0,9.0,4780.8,5e-05,0.5/万分之 (2.7元),5e-05,0.5/万分之 (2.7元),0.0,0/万分之 (0元),20,2.7,17.3,,2026-03-16 22:35:16.562,2026-03-16 22:35:25.654
上海期货交易所,纸浆2608,sp2608,5328.0,5700.0,4954.0,9.0,9.0,4795.2,5e-05,0.5/万分之 (2.7元),5e-05,0.5/万分之 (2.7元),0.0,0/万分之 (0元),20,2.7,17.3,,2026-03-16 22:35:16.562,2026-03-16 22:35:25.654
上海期货交易所,纸浆2609,sp2609,5346.0,5720.0,4970.0,9.0,9.0,4811.4,5e-05,0.5/万分之 (2.7元),5e-05,0.5/万分之 (2.7元),0.0,0/万分之 (0元),20,2.7,17.3,,2026-03-16 22:35:16.562,2026-03-16 22:35:25.654
上海期货交易所,纸浆2610,sp2610,5344.0,5718.0,4968.0,9.0,9.0,4809.6,5e-05,0.5/万分之 (2.7元),5e-05,0.5/万分之 (2.7元),0.0,0/万分之 (0元),20,2.7,17.3,,2026-03-16 22:35:16.562,2026-03-16 22:35:25.654
上海期货交易所,纸浆2611,sp2611,5350.0,5724.0,4974.0,9.0,9.0,4815.0,5e-05,0.5/万分之 (2.7元),5e-05,0.5/万分之 (2.7元),0.0,0/万分之 (0元),20,2.7,17.3,,2026-03-16 22:35:16.562,2026-03-16 22:35:25.654
上海期货交易所,纸浆2612,sp2612,5374.0,5750.0,4996.0,9.0,9.0,4836.6,5e-05,0.5/万分之 (2.7元),5e-05,0.5/万分之 (2.7元),0.0,0/万分之 (0元),20,2.7,17.3,,2026-03-16 22:35:16.562,2026-03-16 22:35:25.654
上海期货交易所,纸浆2701,sp2701,5530.0,5916.0,5142.0,9.0,9.0,4977.0,5e-05,0.5/万分之 (2.8元),5e-05,0.5/万分之 (2.8元),0.0,0/万分之 (0元),20,2.8,17.2,,2026-03-16 22:35:16.562,2026-03-16 22:35:25.654
上海期货交易所,纸浆2702,sp2702,5542.0,5928.0,5154.0,9.0,9.0,4987.8,5e-05,0.5/万分之 (2.8元),5e-05,0.5/万分之 (2.8元),0.0,0/万分之 (0元),20,2.8,17.2,,2026-03-16 22:35:16.562,2026-03-16 22:35:25.654
上海期货交易所,胶版纸2603,op2603,4180.0,4472.0,3886.0,20.0,20.0,33440.0,5e-05,0.5/万分之 (8.4元),5e-05,0.5/万分之 (8.4元),0.0,0/万分之 (0元),80,8.4,71.6,,2026-03-16 22:35:16.562,2026-03-16 22:35:25.654
上海期货交易所,胶版纸2605,op2605,4186.0,4478.0,3892.0,9.0,9.0,15069.6,5e-05,0.5/万分之 (8.4元),5e-05,0.5/万分之 (8.4元),0.0,0/万分之 (0元),80,8.4,71.6,,2026-03-16 22:35:16.562,2026-03-16 22:35:25.654
上海期货交易所,胶版纸2606,op2606,4180.0,4472.0,3886.0,9.0,9.0,15048.0,5e-05,0.5/万分之 (8.4元),5e-05,0.5/万分之 (8.4元),0.0,0/万分之 (0元),80,8.4,71.6,,2026-03-16 22:35:16.562,2026-03-16 22:35:25.654
上海期货交易所,胶版纸2604,op2604,4198.0,4490.0,3904.0,10.0,10.0,16792.0,5e-05,0.5/万分之 (8.4元),5e-05,0.5/万分之 (8.4元),0.0,0/万分之 (0元),80,8.4,71.6,主力合约,2026-03-16 22:35:16.562,2026-03-16 22:35:25.654
上海期货交易所,胶版纸2607,op2607,4140.0,4428.0,3850.0,9.0,9.0,14904.0,5e-05,0.5/万分之 (8.3元),5e-05,0.5/万分之 (8.3元),0.0,0/万分之 (0元),80,8.3,71.7,,2026-03-16 22:35:16.562,2026-03-16 22:35:25.654
上海期货交易所,胶版纸2608,op2608,4188.0,4480.0,3894.0,9.0,9.0,15076.8,5e-05,0.5/万分之 (8.4元),5e-05,0.5/万分之 (8.4元),0.0,0/万分之 (0元),80,8.4,71.6,,2026-03-16 22:35:16.562,2026-03-16 22:35:25.654
上海期货交易所,胶版纸2609,op2609,4170.0,4460.0,3878.0,9.0,9.0,15012.0,5e-05,0.5/万分之 (8.3元),5e-05,0.5/万分之 (8.3元),0.0,0/万分之 (0元),80,8.3,71.7,,2026-03-16 22:35:16.562,2026-03-16 22:35:25.654
上海期货交易所,胶版纸2610,op2610,4208.0,4502.0,3912.0,9.0,9.0,15148.8,5e-05,0.5/万分之 (8.4元),5e-05,0.5/万分之 (8.4元),0.0,0/万分之 (0元),80,8.4,71.6,,2026-03-16 22:35:16.562,2026-03-16 22:35:25.654
上海期货交易所,胶版纸2611,op2611,4222.0,4516.0,3926.0,9.0,9.0,15199.2,5e-05,0.5/万分之 (8.4元),5e-05,0.5/万分之 (8.4元),0.0,0/万分之 (0元),80,8.4,71.6,,2026-03-16 22:35:16.562,2026-03-16 22:35:25.654
上海期货交易所,胶版纸2612,op2612,4238.0,4534.0,3940.0,9.0,9.0,15256.8,5e-05,0.5/万分之 (8.5元),5e-05,0.5/万分之 (8.5元),0.0,0/万分之 (0元),80,8.5,71.5,,2026-03-16 22:35:16.562,2026-03-16 22:35:25.654
上海期货交易所,胶版纸2701,op2701,4240.0,4536.0,3942.0,9.0,9.0,15264.0,5e-05,0.5/万分之 (8.5元),5e-05,0.5/万分之 (8.5元),0.0,0/万分之 (0元),80,8.5,71.5,,2026-03-16 22:35:16.562,2026-03-16 22:35:25.654
大连商品交易所,豆油2605,y2605,8712.0,9496.0,7928.0,11.0,11.0,9583.2,,2.5,,2.5,,2.5,20,5.0,15.0,主力合约,2026-03-16 22:35:16.562,2026-03-16 22:35:25.654
大连商品交易所,豆油2607,y2607,8650.0,9168.0,8132.0,7.0,7.0,6055.0,,2.5,,2.5,,2.5,20,5.0,15.0,,2026-03-16 22:35:16.562,2026-03-16 22:35:25.654
大连商品交易所,豆油2608,y2608,8664.0,9182.0,8146.0,7.0,7.0,6064.8,,2.5,,2.5,,2.5,20,5.0,15.0,,2026-03-16 22:35:16.562,2026-03-16 22:35:25.654
大连商品交易所,豆油2609,y2609,8620.0,9136.0,8104.0,7.0,7.0,6034.0,,2.5,,2.5,,2.5,20,5.0,15.0,,2026-03-16 22:35:16.562,2026-03-16 22:35:25.654
大连商品交易所,豆油2611,y2611,8606.0,9122.0,8090.0,7.0,7.0,6024.2,,2.5,,2.5,,2.5,20,5.0,15.0,,2026-03-16 22:35:16.562,2026-03-16 22:35:25.654
大连商品交易所,豆油2612,y2612,8632.0,9148.0,8116.0,7.0,7.0,6042.4,,2.5,,2.5,,2.5,20,5.0,15.0,,2026-03-16 22:35:16.562,2026-03-16 22:35:25.654
大连商品交易所,豆油2701,y2701,8614.0,9130.0,8098.0,7.0,7.0,6029.8,,2.5,,2.5,,2.5,20,5.0,15.0,,2026-03-16 22:35:16.562,2026-03-16 22:35:25.654
大连商品交易所,豆油2703,y2703,8536.0,9048.0,8024.0,7.0,7.0,5975.2,,2.5,,2.5,,2.5,20,5.0,15.0,,2026-03-16 22:35:16.562,2026-03-16 22:35:25.654
大连商品交易所,棕榈油2604,p2604,9836.0,10818.0,8854.0,12.0,12.0,11803.2,,2.5,,2.5,,2.5,20,5.0,15.0,,2026-03-16 22:35:16.562,2026-03-16 22:35:25.654
大连商品交易所,棕榈油2605,p2605,9924.0,10916.0,8932.0,12.0,12.0,11908.8,,2.5,,2.5,,2.5,20,5.0,15.0,主力合约,2026-03-16 22:35:16.562,2026-03-16 22:35:25.654
大连商品交易所,棕榈油2606,p2606,9902.0,10892.0,8912.0,12.0,12.0,11882.4,,2.5,,2.5,,2.5,20,5.0,15.0,,2026-03-16 22:35:16.562,2026-03-16 22:35:25.654
大连商品交易所,棕榈油2607,p2607,9856.0,10544.0,9168.0,8.0,8.0,7884.8,,2.5,,2.5,,2.5,20,5.0,15.0,,2026-03-16 22:35:16.562,2026-03-16 22:35:25.654
大连商品交易所,棕榈油2608,p2608,9832.0,10520.0,9144.0,8.0,8.0,7865.6,,2.5,,2.5,,2.5,20,5.0,15.0,,2026-03-16 22:35:16.562,2026-03-16 22:35:25.654
大连商品交易所,棕榈油2609,p2609,9776.0,10460.0,9092.0,8.0,8.0,7820.8,,2.5,,2.5,,2.5,20,5.0,15.0,,2026-03-16 22:35:16.562,2026-03-16 22:35:25.654
大连商品交易所,棕榈油2610,p2610,9742.0,10422.0,9062.0,8.0,8.0,7793.6,,2.5,,2.5,,2.5,20,5.0,15.0,,2026-03-16 22:35:16.562,2026-03-16 22:35:25.654
大连商品交易所,棕榈油2611,p2611,9708.0,10386.0,9030.0,8.0,8.0,7766.4,,2.5,,2.5,,2.5,20,5.0,15.0,,2026-03-16 22:35:16.562,2026-03-16 22:35:25.654
大连商品交易所,棕榈油2612,p2612,9646.0,10320.0,8972.0,8.0,8.0,7716.8,,2.5,,2.5,,2.5,20,5.0,15.0,,2026-03-16 22:35:16.562,2026-03-16 22:35:25.654
大连商品交易所,棕榈油2701,p2701,9592.0,10262.0,8922.0,8.0,8.0,7673.6,,2.5,,2.5,,2.5,20,5.0,15.0,,2026-03-16 22:35:16.562,2026-03-16 22:35:25.654
大连商品交易所,棕榈油2702,p2702,9612.0,10284.0,8940.0,8.0,8.0,7689.6,,2.5,,2.5,,2.5,20,5.0,15.0,,2026-03-16 22:35:16.562,2026-03-16 22:35:25.654
大连商品交易所,豆一2605,a2605,4934.0,5230.0,4638.0,7.0,7.0,3453.8,,2,,2,,2,10,4.0,6.0,主力合约,2026-03-16 22:35:16.562,2026-03-16 22:35:25.654
大连商品交易所,豆一2607,a2607,4920.0,5215.0,4625.0,7.0,7.0,3444.0,,2,,2,,2,10,4.0,6.0,,2026-03-16 22:35:16.562,2026-03-16 22:35:25.654
大连商品交易所,豆一2609,a2609,4902.0,5196.0,4608.0,7.0,7.0,3431.4,,2,,2,,2,10,4.0,6.0,,2026-03-16 22:35:16.562,2026-03-16 22:35:25.654
大连商品交易所,豆一2611,a2611,4873.0,5165.0,4581.0,7.0,7.0,3411.1,,2,,2,,2,10,4.0,6.0,,2026-03-16 22:35:16.562,2026-03-16 22:35:25.654
大连商品交易所,豆一2701,a2701,4865.0,5156.0,4574.0,7.0,7.0,3405.5,,2,,2,,2,10,4.0,6.0,,2026-03-16 22:35:16.562,2026-03-16 22:35:25.654
大连商品交易所,豆二2604,b2604,3973.0,4211.0,3735.0,7.0,7.0,2781.1,,1,,1,,1,10,2.0,8.0,,2026-03-16 22:35:16.562,2026-03-16 22:35:25.654
大连商品交易所,豆二2605,b2605,3885.0,4118.0,3652.0,7.0,7.0,2719.5,,1,,1,,1,10,2.0,8.0,主力合约,2026-03-16 22:35:16.562,2026-03-16 22:35:25.654
大连商品交易所,豆二2606,b2606,3759.0,3984.0,3534.0,7.0,7.0,2631.3,,1,,1,,1,10,2.0,8.0,,2026-03-16 22:35:16.562,2026-03-16 22:35:25.654
大连商品交易所,豆二2607,b2607,3729.0,3952.0,3506.0,7.0,7.0,2610.3,,1,,1,,1,10,2.0,8.0,,2026-03-16 22:35:16.562,2026-03-16 22:35:25.654
大连商品交易所,豆二2608,b2608,3794.0,4021.0,3567.0,7.0,7.0,2655.8,,1,,1,,1,10,2.0,8.0,,2026-03-16 22:35:16.562,2026-03-16 22:35:25.654
大连商品交易所,豆二2609,b2609,3820.0,4049.0,3591.0,7.0,7.0,2674.0,,1,,1,,1,10,2.0,8.0,,2026-03-16 22:35:16.562,2026-03-16 22:35:25.654
大连商品交易所,豆二2610,b2610,3839.0,4069.0,3609.0,7.0,7.0,2687.3,,1,,1,,1,10,2.0,8.0,,2026-03-16 22:35:16.562,2026-03-16 22:35:25.654
大连商品交易所,豆二2611,b2611,3840.0,4070.0,3610.0,7.0,7.0,2688.0,,1,,1,,1,10,2.0,8.0,,2026-03-16 22:35:16.562,2026-03-16 22:35:25.654
大连商品交易所,豆二2612,b2612,3861.0,4092.0,3630.0,7.0,7.0,2702.7,,1,,1,,1,10,2.0,8.0,,2026-03-16 22:35:16.562,2026-03-16 22:35:25.654
大连商品交易所,豆二2701,b2701,3848.0,4078.0,3618.0,7.0,7.0,2693.6,,1,,1,,1,10,2.0,8.0,,2026-03-16 22:35:16.562,2026-03-16 22:35:25.654
大连商品交易所,豆二2702,b2702,3846.0,4076.0,3616.0,7.0,7.0,2692.2,,1,,1,,1,10,2.0,8.0,,2026-03-16 22:35:16.562,2026-03-16 22:35:25.654
大连商品交易所,豆粕2605,m2605,3083.0,3267.0,2899.0,7.0,7.0,2158.1,,1.5,,1.5,,1.5,10,3.0,7.0,主力合约,2026-03-16 22:35:16.562,2026-03-16 22:35:25.654
大连商品交易所,豆粕2607,m2607,2906.0,3080.0,2732.0,7.0,7.0,2034.2,,1.5,,1.5,,1.5,10,3.0,7.0,,2026-03-16 22:35:16.562,2026-03-16 22:35:25.654
大连商品交易所,豆粕2608,m2608,3027.0,3208.0,2846.0,7.0,7.0,2118.9,,1.5,,1.5,,1.5,10,3.0,7.0,,2026-03-16 22:35:16.562,2026-03-16 22:35:25.654
大连商品交易所,豆粕2609,m2609,3033.0,3214.0,2852.0,7.0,7.0,2123.1,,1.5,,1.5,,1.5,10,3.0,7.0,,2026-03-16 22:35:16.562,2026-03-16 22:35:25.654
大连商品交易所,豆粕2611,m2611,3050.0,3233.0,2867.0,7.0,7.0,2135.0,,1.5,,1.5,,1.5,10,3.0,7.0,,2026-03-16 22:35:16.562,2026-03-16 22:35:25.654
大连商品交易所,豆粕2612,m2612,3088.0,3273.0,2903.0,7.0,7.0,2161.6,,1.5,,1.5,,1.5,10,3.0,7.0,,2026-03-16 22:35:16.562,2026-03-16 22:35:25.654
大连商品交易所,豆粕2701,m2701,3056.0,3239.0,2873.0,7.0,7.0,2139.2,,1.5,,1.5,,1.5,10,3.0,7.0,,2026-03-16 22:35:16.562,2026-03-16 22:35:25.654
大连商品交易所,豆粕2703,m2703,2979.0,3157.0,2801.0,7.0,7.0,2085.3,,1.5,,1.5,,1.5,10,3.0,7.0,,2026-03-16 22:35:16.562,2026-03-16 22:35:25.654
大连商品交易所,玉米2605,c2605,2381.0,2523.0,2239.0,7.0,7.0,1666.7,,1.2,,1.2,,1.2,10,2.4,7.6,主力合约,2026-03-16 22:35:16.562,2026-03-16 22:35:25.654
大连商品交易所,玉米2607,c2607,2393.0,2536.0,2250.0,7.0,7.0,1675.1,,1.2,,1.2,,1.2,10,2.4,7.6,,2026-03-16 22:35:16.562,2026-03-16 22:35:25.654
大连商品交易所,玉米2609,c2609,2402.0,2546.0,2258.0,7.0,7.0,1681.4,,1.2,,1.2,,1.2,10,2.4,7.6,,2026-03-16 22:35:16.562,2026-03-16 22:35:25.654
大连商品交易所,玉米2611,c2611,2361.0,2502.0,2220.0,7.0,7.0,1652.7,,1.2,,1.2,,1.2,10,2.4,7.6,,2026-03-16 22:35:16.562,2026-03-16 22:35:25.654
大连商品交易所,玉米2701,c2701,2362.0,2503.0,2221.0,7.0,7.0,1653.4,,1.2,,1.2,,1.2,10,2.4,7.6,,2026-03-16 22:35:16.562,2026-03-16 22:35:25.654
大连商品交易所,玉米2703,c2703,2367.0,2509.0,2225.0,7.0,7.0,1656.9,,1.2,,1.2,,1.2,10,2.4,7.6,,2026-03-16 22:35:16.562,2026-03-16 22:35:25.654
大连商品交易所,玉米淀粉2605,cs2605,2730.0,2866.0,2594.0,6.0,6.0,1638.0,,1.5,,1.5,,1.5,10,3.0,7.0,主力合约,2026-03-16 22:35:16.562,2026-03-16 22:35:25.654
大连商品交易所,玉米淀粉2607,cs2607,2728.0,2864.0,2592.0,6.0,6.0,1636.8,,1.5,,1.5,,1.5,10,3.0,7.0,,2026-03-16 22:35:16.562,2026-03-16 22:35:25.654
大连商品交易所,玉米淀粉2609,cs2609,2739.0,2875.0,2603.0,6.0,6.0,1643.4,,1.5,,1.5,,1.5,10,3.0,7.0,,2026-03-16 22:35:16.562,2026-03-16 22:35:25.654
大连商品交易所,玉米淀粉2611,cs2611,2692.0,2826.0,2558.0,6.0,6.0,1615.2,,1.5,,1.5,,1.5,10,3.0,7.0,,2026-03-16 22:35:16.562,2026-03-16 22:35:25.654
大连商品交易所,玉米淀粉2701,cs2701,2707.0,2842.0,2572.0,6.0,6.0,1624.2,,1.5,,1.5,,1.5,10,3.0,7.0,,2026-03-16 22:35:16.562,2026-03-16 22:35:25.654
大连商品交易所,粳米2604,rr2604,3636.0,3817.0,3455.0,6.0,6.0,2181.6,,1,,1,,1,10,2.0,8.0,主力合约,2026-03-16 22:35:16.562,2026-03-16 22:35:25.654
大连商品交易所,粳米2605,rr2605,3575.0,3753.0,3397.0,6.0,6.0,2145.0,,1,,1,,1,10,2.0,8.0,,2026-03-16 22:35:16.562,2026-03-16 22:35:25.654
大连商品交易所,粳米2606,rr2606,3576.0,3754.0,3398.0,6.0,6.0,2145.6,,1,,1,,1,10,2.0,8.0,,2026-03-16 22:35:16.562,2026-03-16 22:35:25.654
大连商品交易所,粳米2607,rr2607,3575.0,3753.0,3397.0,6.0,6.0,2145.0,,1,,1,,1,10,2.0,8.0,,2026-03-16 22:35:16.562,2026-03-16 22:35:25.654
大连商品交易所,粳米2608,rr2608,3580.0,3759.0,3401.0,6.0,6.0,2148.0,,1,,1,,1,10,2.0,8.0,,2026-03-16 22:35:16.562,2026-03-16 22:35:25.654
大连商品交易所,粳米2609,rr2609,3579.0,3757.0,3401.0,6.0,6.0,2147.4,,1,,1,,1,10,2.0,8.0,,2026-03-16 22:35:16.562,2026-03-16 22:35:25.654
大连商品交易所,粳米2610,rr2610,3600.0,3780.0,3420.0,6.0,6.0,2160.0,,1,,1,,1,10,2.0,8.0,,2026-03-16 22:35:16.562,2026-03-16 22:35:25.654
大连商品交易所,粳米2611,rr2611,3609.0,3789.0,3429.0,6.0,6.0,2165.4,,1,,1,,1,10,2.0,8.0,,2026-03-16 22:35:16.562,2026-03-16 22:35:25.654
大连商品交易所,粳米2612,rr2612,3611.0,3791.0,3431.0,6.0,6.0,2166.6,,1,,1,,1,10,2.0,8.0,,2026-03-16 22:35:16.562,2026-03-16 22:35:25.654
大连商品交易所,粳米2701,rr2701,3606.0,3786.0,3426.0,6.0,6.0,2163.6,,1,,1,,1,10,2.0,8.0,,2026-03-16 22:35:16.562,2026-03-16 22:35:25.654
大连商品交易所,粳米2702,rr2702,3606.0,3786.0,3426.0,6.0,6.0,2163.6,,1,,1,,1,10,2.0,8.0,,2026-03-16 22:35:16.562,2026-03-16 22:35:25.654
大连商品交易所,生猪2603,lh2603,10180.0,10790.0,9570.0,20.0,20.0,32576.0,0.0002,2/万分之 (32.6元),0.0001,1/万分之 (16.3元),0.0002,2/万分之 (32.6元),80,65.2,14.8,,2026-03-16 22:35:16.562,2026-03-16 22:35:25.654
大连商品交易所,生猪2605,lh2605,10925.0,11580.0,10270.0,8.0,8.0,13984.0,0.0002,2/万分之 (35元),0.0001,1/万分之 (17.5元),0.0002,2/万分之 (35元),80,69.9,10.1,主力合约,2026-03-16 22:35:16.562,2026-03-16 22:35:25.654
大连商品交易所,生猪2607,lh2607,12215.0,12945.0,11485.0,8.0,8.0,15635.2,0.0002,2/万分之 (39.1元),0.0001,1/万分之 (19.5元),0.0002,2/万分之 (39.1元),80,78.2,1.8,,2026-03-16 22:35:16.562,2026-03-16 22:35:25.654
大连商品交易所,生猪2609,lh2609,13085.0,13870.0,12300.0,8.0,8.0,16748.8,0.0002,2/万分之 (41.9元),0.0001,1/万分之 (20.9元),0.0002,2/万分之 (41.9元),80,83.7,-3.7,,2026-03-16 22:35:16.562,2026-03-16 22:35:25.654
大连商品交易所,生猪2611,lh2611,13345.0,14145.0,12545.0,8.0,8.0,17081.6,0.0002,2/万分之 (42.7元),0.0001,1/万分之 (21.4元),0.0002,2/万分之 (42.7元),80,85.4,-5.4,,2026-03-16 22:35:16.562,2026-03-16 22:35:25.654
大连商品交易所,生猪2701,lh2701,13835.0,14665.0,13005.0,8.0,8.0,17708.8,0.0002,2/万分之 (44.3元),0.0001,1/万分之 (22.1元),0.0002,2/万分之 (44.3元),80,88.5,-8.5,,2026-03-16 22:35:16.562,2026-03-16 22:35:25.654
大连商品交易所,鸡蛋2603,jd2603,3114.0,3300.0,2928.0,20.0,20.0,6228.0,0.00015,1.5/万分之 (4.7元),0.00015,1.5/万分之 (4.7元),0.00015,1.5/万分之 (4.7元),10,9.3,0.7,,2026-03-16 22:35:16.562,2026-03-16 22:35:25.654
大连商品交易所,鸡蛋2604,jd2604,3269.0,3465.0,3073.0,7.0,7.0,2288.3,0.00015,1.5/万分之 (4.9元),0.00015,1.5/万分之 (4.9元),0.00015,1.5/万分之 (4.9元),10,9.8,0.2,,2026-03-16 22:35:16.562,2026-03-16 22:35:25.654
大连商品交易所,鸡蛋2605,jd2605,3419.0,3624.0,3214.0,7.0,7.0,2393.3,0.00015,1.5/万分之 (5.1元),0.00015,1.5/万分之 (5.1元),0.00015,1.5/万分之 (5.1元),10,10.3,-0.3,主力合约,2026-03-16 22:35:16.562,2026-03-16 22:35:25.654
大连商品交易所,鸡蛋2606,jd2606,3233.0,3426.0,3040.0,7.0,7.0,2263.1,0.00015,1.5/万分之 (4.8元),0.00015,1.5/万分之 (4.8元),0.00015,1.5/万分之 (4.8元),10,9.7,0.3,,2026-03-16 22:35:16.562,2026-03-16 22:35:25.654
大连商品交易所,鸡蛋2607,jd2607,3485.0,3694.0,3276.0,7.0,7.0,2439.5,0.00015,1.5/万分之 (5.2元),0.00015,1.5/万分之 (5.2元),0.00015,1.5/万分之 (5.2元),10,10.5,-0.5,,2026-03-16 22:35:16.562,2026-03-16 22:35:25.654
大连商品交易所,鸡蛋2608,jd2608,4134.0,4382.0,3886.0,7.0,7.0,2893.8,0.00015,1.5/万分之 (6.2元),0.00015,1.5/万分之 (6.2元),0.00015,1.5/万分之 (6.2元),10,12.4,-2.4,,2026-03-16 22:35:16.562,2026-03-16 22:35:25.654
大连商品交易所,鸡蛋2609,jd2609,3847.0,4077.0,3617.0,7.0,7.0,2692.9,0.00015,1.5/万分之 (5.8元),0.00015,1.5/万分之 (5.8元),0.00015,1.5/万分之 (5.8元),10,11.5,-1.5,,2026-03-16 22:35:16.562,2026-03-16 22:35:25.654
大连商品交易所,鸡蛋2610,jd2610,3650.0,3869.0,3431.0,7.0,7.0,2555.0,0.00015,1.5/万分之 (5.5元),0.00015,1.5/万分之 (5.5元),0.00015,1.5/万分之 (5.5元),10,11.0,-1.0,,2026-03-16 22:35:16.562,2026-03-16 22:35:25.654
大连商品交易所,鸡蛋2611,jd2611,3721.0,3944.0,3498.0,7.0,7.0,2604.7,0.00015,1.5/万分之 (5.6元),0.00015,1.5/万分之 (5.6元),0.00015,1.5/万分之 (5.6元),10,11.2,-1.2,,2026-03-16 22:35:16.562,2026-03-16 22:35:25.654
大连商品交易所,鸡蛋2612,jd2612,3837.0,4067.0,3607.0,7.0,7.0,2685.9,0.00015,1.5/万分之 (5.8元),0.00015,1.5/万分之 (5.8元),0.00015,1.5/万分之 (5.8元),10,11.5,-1.5,,2026-03-16 22:35:16.562,2026-03-16 22:35:25.654
大连商品交易所,鸡蛋2701,jd2701,3688.0,3909.0,3467.0,7.0,7.0,2581.6,0.00015,1.5/万分之 (5.5元),0.00015,1.5/万分之 (5.5元),0.00015,1.5/万分之 (5.5元),10,11.1,-1.1,,2026-03-16 22:35:16.562,2026-03-16 22:35:25.654
大连商品交易所,鸡蛋2702,jd2702,3359.0,3560.0,3158.0,7.0,7.0,2351.3,0.00015,1.5/万分之 (5元),0.00015,1.5/万分之 (5元),0.00015,1.5/万分之 (5元),10,10.1,-0.1,,2026-03-16 22:35:16.562,2026-03-16 22:35:25.654
大连商品交易所,铁矿石2604,i2604,811.5,884.5,738.5,11.0,11.0,8926.5,0.0001,1/万分之 (8.1元),0.0001,1/万分之 (8.1元),0.0001,1/万分之 (8.1元),50,16.2,33.8,,2026-03-16 22:35:16.562,2026-03-16 22:35:25.654
大连商品交易所,铁矿石2605,i2605,802.0,874.0,730.0,11.0,11.0,8822.0,0.0001,1/万分之 (8元),0.0001,1/万分之 (8元),0.0001,1/万分之 (8元),50,16.0,34.0,主力合约,2026-03-16 22:35:16.562,2026-03-16 22:35:25.654
大连商品交易所,铁矿石2606,i2606,792.5,863.5,721.5,11.0,11.0,8717.5,0.0001,1/万分之 (7.9元),0.0001,1/万分之 (7.9元),0.0001,1/万分之 (7.9元),50,15.9,34.1,,2026-03-16 22:35:16.562,2026-03-16 22:35:25.654
大连商品交易所,铁矿石2607,i2607,784.0,854.5,713.5,11.0,11.0,8624.0,0.0001,1/万分之 (7.8元),0.0001,1/万分之 (7.8元),0.0001,1/万分之 (7.8元),50,15.7,34.3,,2026-03-16 22:35:16.562,2026-03-16 22:35:25.654
大连商品交易所,铁矿石2608,i2608,780.5,850.5,710.5,11.0,11.0,8585.5,0.0001,1/万分之 (7.8元),0.0001,1/万分之 (7.8元),0.0001,1/万分之 (7.8元),50,15.6,34.4,,2026-03-16 22:35:16.562,2026-03-16 22:35:25.654
大连商品交易所,铁矿石2609,i2609,772.5,842.0,703.0,11.0,11.0,8497.5,0.0001,1/万分之 (7.7元),0.0001,1/万分之 (7.7元),0.0001,1/万分之 (7.7元),50,15.5,34.5,,2026-03-16 22:35:16.562,2026-03-16 22:35:25.654
大连商品交易所,铁矿石2610,i2610,770.0,839.0,701.0,11.0,11.0,8470.0,0.0001,1/万分之 (7.7元),0.0001,1/万分之 (7.7元),0.0001,1/万分之 (7.7元),50,15.4,34.6,,2026-03-16 22:35:16.562,2026-03-16 22:35:25.654
大连商品交易所,铁矿石2611,i2611,766.0,834.5,697.5,11.0,11.0,8426.0,0.0001,1/万分之 (7.7元),0.0001,1/万分之 (7.7元),0.0001,1/万分之 (7.7元),50,15.3,34.7,,2026-03-16 22:35:16.562,2026-03-16 22:35:25.654
大连商品交易所,铁矿石2612,i2612,762.0,830.5,693.5,11.0,11.0,8382.0,0.0001,1/万分之 (7.6元),0.0001,1/万分之 (7.6元),0.0001,1/万分之 (7.6元),50,15.2,34.8,,2026-03-16 22:35:16.562,2026-03-16 22:35:25.654
大连商品交易所,铁矿石2701,i2701,754.0,821.5,686.5,11.0,11.0,8294.0,0.0001,1/万分之 (7.5元),0.0001,1/万分之 (7.5元),0.0001,1/万分之 (7.5元),50,15.1,34.9,,2026-03-16 22:35:16.562,2026-03-16 22:35:25.654
大连商品交易所,铁矿石2702,i2702,752.5,820.0,685.0,11.0,11.0,8277.5,0.0001,1/万分之 (7.5元),0.0001,1/万分之 (7.5元),0.0001,1/万分之 (7.5元),50,15.1,34.9,,2026-03-16 22:35:16.562,2026-03-16 22:35:25.654
大连商品交易所,铁矿石2703,i2703,750.0,817.5,682.5,11.0,11.0,8250.0,0.0001,1/万分之 (7.5元),0.0001,1/万分之 (7.5元),0.0001,1/万分之 (7.5元),50,15.0,35.0,,2026-03-16 22:35:16.562,2026-03-16 22:35:25.654
大连商品交易所,焦炭2604,j2604,1719.5,1857.0,1582.0,20.0,20.0,34390.0,0.00014,1.4/万分之 (24.1元),0.0001,1/万分之 (17.2元),0.00014,1.4/万分之 (24.1元),50,48.1,1.9,,2026-03-16 22:35:16.562,2026-03-16 22:35:25.654
大连商品交易所,焦炭2605,j2605,1742.0,1881.0,1603.0,20.0,20.0,34840.0,0.00014,1.4/万分之 (24.4元),0.0001,1/万分之 (17.4元),0.00014,1.4/万分之 (24.4元),50,48.8,1.2,主力合约,2026-03-16 22:35:16.562,2026-03-16 22:35:25.654
大连商品交易所,焦炭2606,j2606,1764.0,1905.0,1623.0,20.0,20.0,35280.0,0.00014,1.4/万分之 (24.7元),0.0001,1/万分之 (17.6元),0.00014,1.4/万分之 (24.7元),50,49.4,0.6,,2026-03-16 22:35:16.562,2026-03-16 22:35:25.654
大连商品交易所,焦炭2607,j2607,1791.0,1934.0,1648.0,20.0,20.0,35820.0,0.00014,1.4/万分之 (25.1元),0.0001,1/万分之 (17.9元),0.00014,1.4/万分之 (25.1元),50,50.1,-0.1,,2026-03-16 22:35:16.562,2026-03-16 22:35:25.654
大连商品交易所,焦炭2608,j2608,1801.0,1945.0,1657.0,20.0,20.0,36020.0,0.00014,1.4/万分之 (25.2元),0.0001,1/万分之 (18元),0.00014,1.4/万分之 (25.2元),50,50.4,-0.4,,2026-03-16 22:35:16.562,2026-03-16 22:35:25.654
大连商品交易所,焦炭2609,j2609,1816.5,1961.5,1671.5,20.0,20.0,36330.0,0.00014,1.4/万分之 (25.4元),0.0001,1/万分之 (18.2元),0.00014,1.4/万分之 (25.4元),50,50.9,-0.9,,2026-03-16 22:35:16.562,2026-03-16 22:35:25.654
大连商品交易所,焦炭2610,j2610,1831.0,1977.0,1685.0,20.0,20.0,36620.0,0.00014,1.4/万分之 (25.6元),0.0001,1/万分之 (18.3元),0.00014,1.4/万分之 (25.6元),50,51.3,-1.3,,2026-03-16 22:35:16.562,2026-03-16 22:35:25.654
大连商品交易所,焦炭2611,j2611,1840.5,1987.5,1693.5,20.0,20.0,36810.0,0.00014,1.4/万分之 (25.8元),0.0001,1/万分之 (18.4元),0.00014,1.4/万分之 (25.8元),50,51.5,-1.5,,2026-03-16 22:35:16.562,2026-03-16 22:35:25.654
大连商品交易所,焦炭2612,j2612,1874.0,2023.5,1724.5,20.0,20.0,37480.0,0.00014,1.4/万分之 (26.2元),0.0001,1/万分之 (18.7元),0.00014,1.4/万分之 (26.2元),50,52.5,-2.5,,2026-03-16 22:35:16.562,2026-03-16 22:35:25.654
大连商品交易所,焦炭2701,j2701,1907.5,2060.0,1755.0,20.0,20.0,38150.0,0.00014,1.4/万分之 (26.7元),0.0001,1/万分之 (19.1元),0.00014,1.4/万分之 (26.7元),50,53.4,-3.4,,2026-03-16 22:35:16.562,2026-03-16 22:35:25.654
大连商品交易所,焦炭2702,j2702,1915.0,2068.0,1762.0,20.0,20.0,38300.0,0.00014,1.4/万分之 (26.8元),0.0001,1/万分之 (19.2元),0.00014,1.4/万分之 (26.8元),50,53.6,-3.6,,2026-03-16 22:35:16.562,2026-03-16 22:35:25.654
大连商品交易所,焦煤2604,jm2604,1098.5,1219.0,978.0,13.0,13.0,8568.3,0.0001,1/万分之 (6.6元),0.0001,1/万分之 (6.6元),0.0001,1/万分之 (6.6元),30,13.2,16.8,,2026-03-16 22:35:16.562,2026-03-16 22:35:25.654
大连商品交易所,焦煤2605,jm2605,1181.0,1310.5,1051.5,13.0,13.0,9211.8,0.0001,1/万分之 (7.1元),0.0001,1/万分之 (7.1元),0.0001,1/万分之 (7.1元),30,14.2,15.8,主力合约,2026-03-16 22:35:16.562,2026-03-16 22:35:25.654
大连商品交易所,焦煤2606,jm2606,1205.5,1338.0,1073.0,13.0,13.0,9402.9,0.0001,1/万分之 (7.2元),0.0001,1/万分之 (7.2元),0.0001,1/万分之 (7.2元),30,14.5,15.5,,2026-03-16 22:35:16.562,2026-03-16 22:35:25.654
大连商品交易所,焦煤2607,jm2607,1221.5,1319.0,1124.0,12.0,12.0,8794.8,0.0001,1/万分之 (7.3元),0.0001,1/万分之 (7.3元),0.0001,1/万分之 (7.3元),30,14.7,15.3,,2026-03-16 22:35:16.562,2026-03-16 22:35:25.654
大连商品交易所,焦煤2608,jm2608,1246.0,1345.5,1146.5,12.0,12.0,8971.2,0.0001,1/万分之 (7.5元),0.0001,1/万分之 (7.5元),0.0001,1/万分之 (7.5元),30,15.0,15.0,,2026-03-16 22:35:16.562,2026-03-16 22:35:25.654
大连商品交易所,焦煤2609,jm2609,1280.5,1382.5,1178.5,12.0,12.0,9219.6,0.0001,1/万分之 (7.7元),0.0001,1/万分之 (7.7元),0.0001,1/万分之 (7.7元),30,15.4,14.6,,2026-03-16 22:35:16.562,2026-03-16 22:35:25.654
大连商品交易所,焦煤2610,jm2610,1295.0,1398.5,1191.5,12.0,12.0,9324.0,0.0001,1/万分之 (7.8元),0.0001,1/万分之 (7.8元),0.0001,1/万分之 (7.8元),30,15.5,14.5,,2026-03-16 22:35:16.562,2026-03-16 22:35:25.654
大连商品交易所,焦煤2611,jm2611,1311.5,1416.0,1207.0,12.0,12.0,9442.8,0.0001,1/万分之 (7.9元),0.0001,1/万分之 (7.9元),0.0001,1/万分之 (7.9元),30,15.7,14.3,,2026-03-16 22:35:16.562,2026-03-16 22:35:25.654
大连商品交易所,焦煤2612,jm2612,1323.5,1429.0,1218.0,12.0,12.0,9529.2,0.0001,1/万分之 (7.9元),0.0001,1/万分之 (7.9元),0.0001,1/万分之 (7.9元),30,15.9,14.1,,2026-03-16 22:35:16.562,2026-03-16 22:35:25.654
大连商品交易所,焦煤2701,jm2701,1470.5,1588.0,1353.0,12.0,12.0,10587.6,0.0001,1/万分之 (8.8元),0.0001,1/万分之 (8.8元),0.0001,1/万分之 (8.8元),30,17.6,12.4,,2026-03-16 22:35:16.562,2026-03-16 22:35:25.654
大连商品交易所,焦煤2702,jm2702,1484.5,1603.0,1366.0,12.0,12.0,10688.4,0.0001,1/万分之 (8.9元),0.0001,1/万分之 (8.9元),0.0001,1/万分之 (8.9元),30,17.8,12.2,,2026-03-16 22:35:16.562,2026-03-16 22:35:25.654
大连商品交易所,液化石油气2603,pg2603,5146.0,5454.0,4838.0,20.0,20.0,20584.0,,6,,6,,6,20,12.0,8.0,,2026-03-16 22:35:16.562,2026-03-16 22:35:25.654
大连商品交易所,液化石油气2604,pg2604,5839.0,6481.0,5197.0,13.0,13.0,15181.4,,6,,6,,6,20,12.0,8.0,主力合约,2026-03-16 22:35:16.562,2026-03-16 22:35:25.654
大连商品交易所,液化石油气2605,pg2605,5708.0,6335.0,5081.0,13.0,13.0,14840.8,,6,,6,,6,20,12.0,8.0,,2026-03-16 22:35:16.562,2026-03-16 22:35:25.654
大连商品交易所,液化石油气2606,pg2606,5557.0,6168.0,4946.0,13.0,13.0,14448.2,,6,,6,,6,20,12.0,8.0,,2026-03-16 22:35:16.562,2026-03-16 22:35:25.654
大连商品交易所,液化石油气2607,pg2607,5405.0,5999.0,4811.0,13.0,13.0,14053.0,,6,,6,,6,20,12.0,8.0,,2026-03-16 22:35:16.562,2026-03-16 22:35:25.654
大连商品交易所,液化石油气2608,pg2608,5271.0,5850.0,4692.0,13.0,13.0,13704.6,,6,,6,,6,20,12.0,8.0,,2026-03-16 22:35:16.562,2026-03-16 22:35:25.654
大连商品交易所,液化石油气2609,pg2609,5150.0,5716.0,4584.0,13.0,13.0,13390.0,,6,,6,,6,20,12.0,8.0,,2026-03-16 22:35:16.562,2026-03-16 22:35:25.654
大连商品交易所,液化石油气2610,pg2610,5493.0,5822.0,5164.0,7.0,7.0,7690.2,,6,,6,,6,20,12.0,8.0,,2026-03-16 22:35:16.562,2026-03-16 22:35:25.654
大连商品交易所,液化石油气2611,pg2611,5333.0,5652.0,5014.0,7.0,7.0,7466.2,,6,,6,,6,20,12.0,8.0,,2026-03-16 22:35:16.562,2026-03-16 22:35:25.654
大连商品交易所,液化石油气2612,pg2612,5199.0,5510.0,4888.0,7.0,7.0,7278.6,,6,,6,,6,20,12.0,8.0,,2026-03-16 22:35:16.562,2026-03-16 22:35:25.654
大连商品交易所,液化石油气2701,pg2701,5105.0,5411.0,4799.0,7.0,7.0,7147.0,,6,,6,,6,20,12.0,8.0,,2026-03-16 22:35:16.562,2026-03-16 22:35:25.654
大连商品交易所,液化石油气2702,pg2702,5039.0,5341.0,4737.0,7.0,7.0,7054.6,,6,,6,,6,20,12.0,8.0,,2026-03-16 22:35:16.562,2026-03-16 22:35:25.654
大连商品交易所,聚丙烯2604,pp2604,8898.0,9698.0,8098.0,11.0,11.0,4893.9,,1,,1,,1,5,2.0,3.0,,2026-03-16 22:35:16.562,2026-03-16 22:35:25.654
大连商品交易所,聚丙烯2605,pp2605,8800.0,9592.0,8008.0,11.0,11.0,4840.0,,1,,1,,1,5,2.0,3.0,主力合约,2026-03-16 22:35:16.562,2026-03-16 22:35:25.654
大连商品交易所,聚丙烯2606,pp2606,8594.0,9367.0,7821.0,11.0,11.0,4726.7,,1,,1,,1,5,2.0,3.0,,2026-03-16 22:35:16.562,2026-03-16 22:35:25.654
大连商品交易所,聚丙烯2607,pp2607,8434.0,9193.0,7675.0,11.0,11.0,4638.7,,1,,1,,1,5,2.0,3.0,,2026-03-16 22:35:16.562,2026-03-16 22:35:25.654
大连商品交易所,聚丙烯2608,pp2608,8326.0,9075.0,7577.0,11.0,11.0,4579.3,,1,,1,,1,5,2.0,3.0,,2026-03-16 22:35:16.562,2026-03-16 22:35:25.654
大连商品交易所,聚丙烯2609,pp2609,8258.0,9001.0,7515.0,11.0,11.0,4541.9,,1,,1,,1,5,2.0,3.0,,2026-03-16 22:35:16.562,2026-03-16 22:35:25.654
大连商品交易所,聚丙烯2610,pp2610,8127.0,8614.0,7640.0,7.0,7.0,2844.45,,1,,1,,1,5,2.0,3.0,,2026-03-16 22:35:16.562,2026-03-16 22:35:25.654
大连商品交易所,聚丙烯2611,pp2611,7943.0,8419.0,7467.0,7.0,7.0,2780.05,,1,,1,,1,5,2.0,3.0,,2026-03-16 22:35:16.562,2026-03-16 22:35:25.654
大连商品交易所,聚丙烯2612,pp2612,7874.0,8346.0,7402.0,7.0,7.0,2755.9,,1,,1,,1,5,2.0,3.0,,2026-03-16 22:35:16.562,2026-03-16 22:35:25.654
大连商品交易所,聚丙烯2701,pp2701,7852.0,8323.0,7381.0,7.0,7.0,2748.2,,1,,1,,1,5,2.0,3.0,,2026-03-16 22:35:16.562,2026-03-16 22:35:25.654
大连商品交易所,聚丙烯2702,pp2702,7732.0,8195.0,7269.0,7.0,7.0,2706.2,,1,,1,,1,5,2.0,3.0,,2026-03-16 22:35:16.562,2026-03-16 22:35:25.654
大连商品交易所,塑料2604,l2604,8655.0,9433.0,7877.0,11.0,11.0,4760.25,,1,,1,,1,5,2.0,3.0,,2026-03-16 22:35:16.562,2026-03-16 22:35:25.654
大连商品交易所,塑料2605,l2605,8632.0,9408.0,7856.0,11.0,11.0,4747.6,,1,,1,,1,5,2.0,3.0,主力合约,2026-03-16 22:35:16.562,2026-03-16 22:35:25.654
大连商品交易所,塑料2606,l2606,8542.0,9310.0,7774.0,11.0,11.0,4698.1,,1,,1,,1,5,2.0,3.0,,2026-03-16 22:35:16.562,2026-03-16 22:35:25.654
大连商品交易所,塑料2607,l2607,8481.0,9244.0,7718.0,11.0,11.0,4664.55,,1,,1,,1,5,2.0,3.0,,2026-03-16 22:35:16.562,2026-03-16 22:35:25.654
大连商品交易所,塑料2608,l2608,8383.0,9137.0,7629.0,11.0,11.0,4610.65,,1,,1,,1,5,2.0,3.0,,2026-03-16 22:35:16.562,2026-03-16 22:35:25.654
大连商品交易所,塑料2609,l2609,8305.0,9052.0,7558.0,11.0,11.0,4567.75,,1,,1,,1,5,2.0,3.0,,2026-03-16 22:35:16.562,2026-03-16 22:35:25.654
大连商品交易所,塑料2610,l2610,8238.0,8732.0,7744.0,7.0,7.0,2883.3,,1,,1,,1,5,2.0,3.0,,2026-03-16 22:35:16.562,2026-03-16 22:35:25.654
大连商品交易所,塑料2611,l2611,8205.0,8697.0,7713.0,7.0,7.0,2871.75,,1,,1,,1,5,2.0,3.0,,2026-03-16 22:35:16.562,2026-03-16 22:35:25.654
大连商品交易所,塑料2612,l2612,8173.0,8663.0,7683.0,7.0,7.0,2860.55,,1,,1,,1,5,2.0,3.0,,2026-03-16 22:35:16.562,2026-03-16 22:35:25.654
大连商品交易所,塑料2701,l2701,8116.0,8602.0,7630.0,7.0,7.0,2840.6,,1,,1,,1,5,2.0,3.0,,2026-03-16 22:35:16.562,2026-03-16 22:35:25.654
大连商品交易所,塑料2702,l2702,8091.0,8576.0,7606.0,7.0,7.0,2831.85,,1,,1,,1,5,2.0,3.0,,2026-03-16 22:35:16.562,2026-03-16 22:35:25.654
大连商品交易所,PVC2604,v2604,5821.0,6344.0,5298.0,11.0,11.0,3201.55,,1,,1,,1,5,2.0,3.0,,2026-03-16 22:35:16.562,2026-03-16 22:35:25.654
大连商品交易所,PVC2605,v2605,5858.0,6385.0,5331.0,11.0,11.0,3221.9,,1,,1,,1,5,2.0,3.0,主力合约,2026-03-16 22:35:16.562,2026-03-16 22:35:25.654
大连商品交易所,PVC2606,v2606,5868.0,6396.0,5340.0,11.0,11.0,3227.4,,1,,1,,1,5,2.0,3.0,,2026-03-16 22:35:16.562,2026-03-16 22:35:25.654
大连商品交易所,PVC2607,v2607,5849.0,6375.0,5323.0,11.0,11.0,3216.95,,1,,1,,1,5,2.0,3.0,,2026-03-16 22:35:16.562,2026-03-16 22:35:25.654
大连商品交易所,PVC2608,v2608,5848.0,6374.0,5322.0,11.0,11.0,3216.4,,1,,1,,1,5,2.0,3.0,,2026-03-16 22:35:16.562,2026-03-16 22:35:25.654
大连商品交易所,PVC2609,v2609,5845.0,6371.0,5319.0,11.0,11.0,3214.75,,1,,1,,1,5,2.0,3.0,,2026-03-16 22:35:16.562,2026-03-16 22:35:25.654
大连商品交易所,PVC2610,v2610,5868.0,6220.0,5516.0,7.0,7.0,2053.8,,1,,1,,1,5,2.0,3.0,,2026-03-16 22:35:16.562,2026-03-16 22:35:25.654
大连商品交易所,PVC2611,v2611,5839.0,6189.0,5489.0,7.0,7.0,2043.65,,1,,1,,1,5,2.0,3.0,,2026-03-16 22:35:16.562,2026-03-16 22:35:25.654
大连商品交易所,PVC2612,v2612,5834.0,6184.0,5484.0,7.0,7.0,2041.9,,1,,1,,1,5,2.0,3.0,,2026-03-16 22:35:16.562,2026-03-16 22:35:25.654
大连商品交易所,PVC2701,v2701,5842.0,6192.0,5492.0,7.0,7.0,2044.7,,1,,1,,1,5,2.0,3.0,,2026-03-16 22:35:16.562,2026-03-16 22:35:25.654
大连商品交易所,PVC2702,v2702,5847.0,6197.0,5497.0,7.0,7.0,2046.45,,1,,1,,1,5,2.0,3.0,,2026-03-16 22:35:16.562,2026-03-16 22:35:25.654
大连商品交易所,乙二醇2603,eg2603,4127.0,4374.0,3880.0,20.0,20.0,8254.0,,3,,3,,3,10,6.0,4.0,,2026-03-16 22:35:16.562,2026-03-16 22:35:25.654
大连商品交易所,乙二醇2604,eg2604,4870.0,5405.0,4335.0,13.0,13.0,6331.0,,3,,3,,3,10,6.0,4.0,,2026-03-16 22:35:16.562,2026-03-16 22:35:25.654
大连商品交易所,乙二醇2605,eg2605,4888.0,5425.0,4351.0,13.0,13.0,6354.4,,3,,3,,3,10,6.0,4.0,主力合约,2026-03-16 22:35:16.562,2026-03-16 22:35:25.654
大连商品交易所,乙二醇2606,eg2606,4861.0,5395.0,4327.0,13.0,13.0,6319.3,,3,,3,,3,10,6.0,4.0,,2026-03-16 22:35:16.562,2026-03-16 22:35:25.654
大连商品交易所,乙二醇2607,eg2607,4827.0,5357.0,4297.0,13.0,13.0,6275.1,,3,,3,,3,10,6.0,4.0,,2026-03-16 22:35:16.562,2026-03-16 22:35:25.654
大连商品交易所,乙二醇2608,eg2608,4778.0,5303.0,4253.0,13.0,13.0,6211.4,,3,,3,,3,10,6.0,4.0,,2026-03-16 22:35:16.562,2026-03-16 22:35:25.654
大连商品交易所,乙二醇2609,eg2609,4796.0,5323.0,4269.0,13.0,13.0,6234.8,,3,,3,,3,10,6.0,4.0,,2026-03-16 22:35:16.562,2026-03-16 22:35:25.654
大连商品交易所,乙二醇2610,eg2610,4818.0,5107.0,4529.0,7.0,7.0,3372.6,,3,,3,,3,10,6.0,4.0,,2026-03-16 22:35:16.562,2026-03-16 22:35:25.654
大连商品交易所,乙二醇2611,eg2611,4755.0,5040.0,4470.0,7.0,7.0,3328.5,,3,,3,,3,10,6.0,4.0,,2026-03-16 22:35:16.562,2026-03-16 22:35:25.654
大连商品交易所,乙二醇2612,eg2612,4702.0,4984.0,4420.0,7.0,7.0,3291.4,,3,,3,,3,10,6.0,4.0,,2026-03-16 22:35:16.562,2026-03-16 22:35:25.654
大连商品交易所,乙二醇2701,eg2701,4734.0,5018.0,4450.0,7.0,7.0,3313.8,,3,,3,,3,10,6.0,4.0,,2026-03-16 22:35:16.562,2026-03-16 22:35:25.654
大连商品交易所,乙二醇2702,eg2702,4692.0,4973.0,4411.0,7.0,7.0,3284.4,,3,,3,,3,10,6.0,4.0,,2026-03-16 22:35:16.562,2026-03-16 22:35:25.654
大连商品交易所,苯乙烯2603,eb2603,9801.0,10389.0,9213.0,20.0,20.0,9801.0,,3,,3,,3,5,6.0,-1.0,,2026-03-16 22:35:16.562,2026-03-16 22:35:25.654
大连商品交易所,苯乙烯2604,eb2604,10128.0,11242.0,9014.0,13.0,13.0,6583.2,,3,,3,,3,5,6.0,-1.0,主力合约,2026-03-16 22:35:16.562,2026-03-16 22:35:25.654
大连商品交易所,苯乙烯2605,eb2605,10037.0,11141.0,8933.0,13.0,13.0,6524.05,,3,,3,,3,5,6.0,-1.0,,2026-03-16 22:35:16.562,2026-03-16 22:35:25.654
大连商品交易所,苯乙烯2606,eb2606,9796.0,10873.0,8719.0,13.0,13.0,6367.4,,3,,3,,3,5,6.0,-1.0,,2026-03-16 22:35:16.562,2026-03-16 22:35:25.654
大连商品交易所,苯乙烯2607,eb2607,9553.0,10603.0,8503.0,13.0,13.0,6209.45,,3,,3,,3,5,6.0,-1.0,,2026-03-16 22:35:16.562,2026-03-16 22:35:25.654
大连商品交易所,苯乙烯2608,eb2608,9354.0,10382.0,8326.0,13.0,13.0,6080.1,,3,,3,,3,5,6.0,-1.0,,2026-03-16 22:35:16.562,2026-03-16 22:35:25.654
大连商品交易所,苯乙烯2609,eb2609,9198.0,10209.0,8187.0,13.0,13.0,5978.7,,3,,3,,3,5,6.0,-1.0,,2026-03-16 22:35:16.562,2026-03-16 22:35:25.654
大连商品交易所,苯乙烯2610,eb2610,9062.0,9605.0,8519.0,7.0,7.0,3171.7,,3,,3,,3,5,6.0,-1.0,,2026-03-16 22:35:16.562,2026-03-16 22:35:25.654
大连商品交易所,苯乙烯2611,eb2611,8969.0,9507.0,8431.0,7.0,7.0,3139.15,,3,,3,,3,5,6.0,-1.0,,2026-03-16 22:35:16.562,2026-03-16 22:35:25.654
大连商品交易所,苯乙烯2612,eb2612,8846.0,9376.0,8316.0,7.0,7.0,3096.1,,3,,3,,3,5,6.0,-1.0,,2026-03-16 22:35:16.562,2026-03-16 22:35:25.654
大连商品交易所,苯乙烯2701,eb2701,8818.0,9347.0,8289.0,7.0,7.0,3086.3,,3,,3,,3,5,6.0,-1.0,,2026-03-16 22:35:16.562,2026-03-16 22:35:25.654
大连商品交易所,苯乙烯2702,eb2702,8787.0,9314.0,8260.0,7.0,7.0,3075.45,,3,,3,,3,5,6.0,-1.0,,2026-03-16 22:35:16.562,2026-03-16 22:35:25.654
大连商品交易所,纯苯2603,bz2603,7477.0,8000.0,6954.0,20.0,20.0,44862.0,0.0001,1/万分之 (22.4元),0.0001,1/万分之 (22.4元),0.0001,1/万分之 (22.4元),30,44.9,-14.9,,2026-03-16 22:35:16.562,2026-03-16 22:35:25.654
大连商品交易所,纯苯2604,bz2604,8431.0,9442.0,7420.0,14.0,14.0,35410.2,0.0001,1/万分之 (25.3元),0.0001,1/万分之 (25.3元),0.0001,1/万分之 (25.3元),30,50.6,-20.6,主力合约,2026-03-16 22:35:16.562,2026-03-16 22:35:25.654
大连商品交易所,纯苯2605,bz2605,8480.0,9497.0,7463.0,14.0,14.0,35616.0,0.0001,1/万分之 (25.4元),0.0001,1/万分之 (25.4元),0.0001,1/万分之 (25.4元),30,50.9,-20.9,,2026-03-16 22:35:16.562,2026-03-16 22:35:25.654
大连商品交易所,纯苯2606,bz2606,8276.0,9269.0,7283.0,14.0,14.0,34759.2,0.0001,1/万分之 (24.8元),0.0001,1/万分之 (24.8元),0.0001,1/万分之 (24.8元),30,49.7,-19.7,,2026-03-16 22:35:16.562,2026-03-16 22:35:25.654
大连商品交易所,纯苯2607,bz2607,8065.0,9032.0,7098.0,14.0,14.0,33873.0,0.0001,1/万分之 (24.2元),0.0001,1/万分之 (24.2元),0.0001,1/万分之 (24.2元),30,48.4,-18.4,,2026-03-16 22:35:16.562,2026-03-16 22:35:25.654
大连商品交易所,纯苯2608,bz2608,7920.0,8870.0,6970.0,14.0,14.0,33264.0,0.0001,1/万分之 (23.8元),0.0001,1/万分之 (23.8元),0.0001,1/万分之 (23.8元),30,47.5,-17.5,,2026-03-16 22:35:16.562,2026-03-16 22:35:25.654
大连商品交易所,纯苯2609,bz2609,7833.0,8772.0,6894.0,14.0,14.0,32898.6,0.0001,1/万分之 (23.5元),0.0001,1/万分之 (23.5元),0.0001,1/万分之 (23.5元),30,47.0,-17.0,,2026-03-16 22:35:16.562,2026-03-16 22:35:25.654
大连商品交易所,纯苯2610,bz2610,7392.0,7909.0,6875.0,8.0,8.0,17740.8,0.0001,1/万分之 (22.2元),0.0001,1/万分之 (22.2元),0.0001,1/万分之 (22.2元),30,44.4,-14.4,,2026-03-16 22:35:16.562,2026-03-16 22:35:25.654
大连商品交易所,纯苯2611,bz2611,7236.0,7742.0,6730.0,8.0,8.0,17366.4,0.0001,1/万分之 (21.7元),0.0001,1/万分之 (21.7元),0.0001,1/万分之 (21.7元),30,43.4,-13.4,,2026-03-16 22:35:16.562,2026-03-16 22:35:25.654
大连商品交易所,纯苯2612,bz2612,7068.0,7562.0,6574.0,8.0,8.0,16963.2,0.0001,1/万分之 (21.2元),0.0001,1/万分之 (21.2元),0.0001,1/万分之 (21.2元),30,42.4,-12.4,,2026-03-16 22:35:16.562,2026-03-16 22:35:25.654
大连商品交易所,纯苯2701,bz2701,7014.0,7504.0,6524.0,8.0,8.0,16833.6,0.0001,1/万分之 (21元),0.0001,1/万分之 (21元),0.0001,1/万分之 (21元),30,42.1,-12.1,,2026-03-16 22:35:16.562,2026-03-16 22:35:25.654
大连商品交易所,纯苯2702,bz2702,6851.0,7330.0,6372.0,8.0,8.0,16442.4,0.0001,1/万分之 (20.6元),0.0001,1/万分之 (20.6元),0.0001,1/万分之 (20.6元),30,41.1,-11.1,,2026-03-16 22:35:16.562,2026-03-16 22:35:25.654
大连商品交易所,纤维板2604,fb2604,1310.5,1376.0,1245.0,10.0,10.0,1310.5,0.0001,1/万分之 (1.3元),0.0001,1/万分之 (1.3元),0.0001,1/万分之 (1.3元),5,2.6,2.4,主力合约,2026-03-16 22:35:16.562,2026-03-16 22:35:25.654
大连商品交易所,纤维板2605,fb2605,1277.5,1341.0,1214.0,10.0,10.0,1277.5,0.0001,1/万分之 (1.3元),0.0001,1/万分之 (1.3元),0.0001,1/万分之 (1.3元),5,2.6,2.4,,2026-03-16 22:35:16.562,2026-03-16 22:35:25.654
大连商品交易所,纤维板2606,fb2606,1283.5,1347.5,1219.5,10.0,10.0,1283.5,0.0001,1/万分之 (1.3元),0.0001,1/万分之 (1.3元),0.0001,1/万分之 (1.3元),5,2.6,2.4,,2026-03-16 22:35:16.562,2026-03-16 22:35:25.654
大连商品交易所,纤维板2607,fb2607,1285.0,1349.0,1221.0,10.0,10.0,1285.0,0.0001,1/万分之 (1.3元),0.0001,1/万分之 (1.3元),0.0001,1/万分之 (1.3元),5,2.6,2.4,,2026-03-16 22:35:16.562,2026-03-16 22:35:25.654
大连商品交易所,纤维板2608,fb2608,1295.5,1360.0,1231.0,10.0,10.0,1295.5,0.0001,1/万分之 (1.3元),0.0001,1/万分之 (1.3元),0.0001,1/万分之 (1.3元),5,2.6,2.4,,2026-03-16 22:35:16.562,2026-03-16 22:35:25.654
大连商品交易所,纤维板2609,fb2609,1283.0,1347.0,1219.0,10.0,10.0,1283.0,0.0001,1/万分之 (1.3元),0.0001,1/万分之 (1.3元),0.0001,1/万分之 (1.3元),5,2.6,2.4,,2026-03-16 22:35:16.562,2026-03-16 22:35:25.654
大连商品交易所,纤维板2610,fb2610,1286.5,1350.5,1222.5,10.0,10.0,1286.5,0.0001,1/万分之 (1.3元),0.0001,1/万分之 (1.3元),0.0001,1/万分之 (1.3元),5,2.6,2.4,,2026-03-16 22:35:16.562,2026-03-16 22:35:25.654
大连商品交易所,纤维板2611,fb2611,1281.0,1345.0,1217.0,10.0,10.0,1281.0,0.0001,1/万分之 (1.3元),0.0001,1/万分之 (1.3元),0.0001,1/万分之 (1.3元),5,2.6,2.4,,2026-03-16 22:35:16.562,2026-03-16 22:35:25.654
大连商品交易所,纤维板2612,fb2612,1292.5,1357.0,1228.0,10.0,10.0,1292.5,0.0001,1/万分之 (1.3元),0.0001,1/万分之 (1.3元),0.0001,1/万分之 (1.3元),5,2.6,2.4,,2026-03-16 22:35:16.562,2026-03-16 22:35:25.654
大连商品交易所,纤维板2701,fb2701,1330.5,1397.0,1264.0,10.0,10.0,1330.5,0.0001,1/万分之 (1.3元),0.0001,1/万分之 (1.3元),0.0001,1/万分之 (1.3元),5,2.7,2.3,,2026-03-16 22:35:16.562,2026-03-16 22:35:25.654
大连商品交易所,纤维板2702,fb2702,1290.0,1354.5,1225.5,10.0,10.0,1290.0,0.0001,1/万分之 (1.3元),0.0001,1/万分之 (1.3元),0.0001,1/万分之 (1.3元),5,2.6,2.4,,2026-03-16 22:35:16.562,2026-03-16 22:35:25.654
大连商品交易所,原木2603,lg2603,810.0,858.5,761.5,20.0,20.0,14580.0,0.0001,1/万分之 (7.3元),0.0001,1/万分之 (7.3元),0.0001,1/万分之 (7.3元),45,14.6,30.4,,2026-03-16 22:35:16.562,2026-03-16 22:35:25.654
大连商品交易所,原木2605,lg2605,804.0,852.0,756.0,8.0,8.0,5788.8,0.0001,1/万分之 (7.2元),0.0001,1/万分之 (7.2元),0.0001,1/万分之 (7.2元),45,14.5,30.5,主力合约,2026-03-16 22:35:16.562,2026-03-16 22:35:25.654
大连商品交易所,原木2607,lg2607,806.5,854.5,758.5,8.0,8.0,5806.8,0.0001,1/万分之 (7.3元),0.0001,1/万分之 (7.3元),0.0001,1/万分之 (7.3元),45,14.5,30.5,,2026-03-16 22:35:16.562,2026-03-16 22:35:25.654
大连商品交易所,原木2609,lg2609,815.5,864.0,767.0,8.0,8.0,5871.6,0.0001,1/万分之 (7.3元),0.0001,1/万分之 (7.3元),0.0001,1/万分之 (7.3元),45,14.7,30.3,,2026-03-16 22:35:16.562,2026-03-16 22:35:25.654
大连商品交易所,原木2611,lg2611,818.5,867.5,769.5,8.0,8.0,5893.2,0.0001,1/万分之 (7.4元),0.0001,1/万分之 (7.4元),0.0001,1/万分之 (7.4元),45,14.7,30.3,,2026-03-16 22:35:16.562,2026-03-16 22:35:25.654
大连商品交易所,原木2701,lg2701,830.5,880.0,781.0,8.0,8.0,5979.6,0.0001,1/万分之 (7.5元),0.0001,1/万分之 (7.5元),0.0001,1/万分之 (7.5元),45,14.9,30.1,,2026-03-16 22:35:16.562,2026-03-16 22:35:25.654
大连商品交易所,胶板2605,bb2605,151.45,159.0,143.9,15.0,15.0,11358.75,0.0001,1/万分之 (7.6元),0.0001,1/万分之 (7.6元),0.0001,1/万分之 (7.6元),25,15.1,9.9,,2026-03-16 22:35:16.562,2026-03-16 22:35:25.654
大连商品交易所,胶板2607,bb2607,151.45,159.0,143.9,15.0,15.0,11358.75,0.0001,1/万分之 (7.6元),0.0001,1/万分之 (7.6元),0.0001,1/万分之 (7.6元),25,15.1,9.9,主力合约,2026-03-16 22:35:16.562,2026-03-16 22:35:25.654
大连商品交易所,胶板2609,bb2609,151.4,158.95,143.85,15.0,15.0,11355.0,0.0001,1/万分之 (7.6元),0.0001,1/万分之 (7.6元),0.0001,1/万分之 (7.6元),25,15.1,9.9,,2026-03-16 22:35:16.562,2026-03-16 22:35:25.654
大连商品交易所,胶板2611,bb2611,152.1,159.7,144.5,15.0,15.0,11407.5,0.0001,1/万分之 (7.6元),0.0001,1/万分之 (7.6元),0.0001,1/万分之 (7.6元),25,15.2,9.8,,2026-03-16 22:35:16.562,2026-03-16 22:35:25.654
大连商品交易所,聚乙烯月均价2604,l2604F,8213.0,8952.0,7474.0,11.0,11.0,4517.15,,1,,1,,1,5,2.0,3.0,,2026-03-16 22:35:16.562,2026-03-16 22:35:25.654
大连商品交易所,聚乙烯月均价2605,l2605F,8632.0,9408.0,7856.0,11.0,11.0,4747.6,,1,,1,,1,5,2.0,3.0,主力合约,2026-03-16 22:35:16.562,2026-03-16 22:35:25.654
大连商品交易所,聚乙烯月均价2606,l2606F,8542.0,9310.0,7774.0,11.0,11.0,4698.1,,1,,1,,1,5,2.0,3.0,,2026-03-16 22:35:16.562,2026-03-16 22:35:25.654
大连商品交易所,聚乙烯月均价2607,l2607F,8481.0,9244.0,7718.0,11.0,11.0,4664.55,,1,,1,,1,5,2.0,3.0,,2026-03-16 22:35:16.562,2026-03-16 22:35:25.654
大连商品交易所,聚乙烯月均价2608,l2608F,8383.0,9137.0,7629.0,11.0,11.0,4610.65,,1,,1,,1,5,2.0,3.0,,2026-03-16 22:35:16.562,2026-03-16 22:35:25.654
大连商品交易所,聚乙烯月均价2609,l2609F,8305.0,9052.0,7558.0,11.0,11.0,4567.75,,1,,1,,1,5,2.0,3.0,,2026-03-16 22:35:16.562,2026-03-16 22:35:25.654
大连商品交易所,聚丙烯月均价2604,pp2604F,8399.0,9154.0,7644.0,11.0,11.0,4619.45,,1,,1,,1,5,2.0,3.0,,2026-03-16 22:35:16.562,2026-03-16 22:35:25.654
大连商品交易所,聚丙烯月均价2605,pp2605F,8800.0,9592.0,8008.0,11.0,11.0,4840.0,,1,,1,,1,5,2.0,3.0,主力合约,2026-03-16 22:35:16.562,2026-03-16 22:35:25.654
大连商品交易所,聚丙烯月均价2606,pp2606F,8594.0,9367.0,7821.0,11.0,11.0,4726.7,,1,,1,,1,5,2.0,3.0,,2026-03-16 22:35:16.562,2026-03-16 22:35:25.654
大连商品交易所,聚丙烯月均价2607,pp2607F,8434.0,9193.0,7675.0,11.0,11.0,4638.7,,1,,1,,1,5,2.0,3.0,,2026-03-16 22:35:16.562,2026-03-16 22:35:25.654
大连商品交易所,聚丙烯月均价2608,pp2608F,8326.0,9075.0,7577.0,11.0,11.0,4579.3,,1,,1,,1,5,2.0,3.0,,2026-03-16 22:35:16.562,2026-03-16 22:35:25.654
大连商品交易所,聚丙烯月均价2609,pp2609F,8258.0,9001.0,7515.0,11.0,11.0,4541.9,,1,,1,,1,5,2.0,3.0,,2026-03-16 22:35:16.562,2026-03-16 22:35:25.654
大连商品交易所,聚氯乙烯月均价2604,v2604F,5536.0,6034.0,5038.0,11.0,11.0,3044.8,,1,,1,,1,5,2.0,3.0,,2026-03-16 22:35:16.562,2026-03-16 22:35:25.654
大连商品交易所,聚氯乙烯月均价2605,v2605F,5858.0,6385.0,5331.0,11.0,11.0,3221.9,,1,,1,,1,5,2.0,3.0,主力合约,2026-03-16 22:35:16.562,2026-03-16 22:35:25.654
大连商品交易所,聚氯乙烯月均价2606,v2606F,5868.0,6396.0,5340.0,11.0,11.0,3227.4,,1,,1,,1,5,2.0,3.0,,2026-03-16 22:35:16.562,2026-03-16 22:35:25.654
大连商品交易所,聚氯乙烯月均价2607,v2607F,5849.0,6375.0,5323.0,11.0,11.0,3216.95,,1,,1,,1,5,2.0,3.0,,2026-03-16 22:35:16.562,2026-03-16 22:35:25.654
大连商品交易所,聚氯乙烯月均价2608,v2608F,5848.0,6374.0,5322.0,11.0,11.0,3216.4,,1,,1,,1,5,2.0,3.0,,2026-03-16 22:35:16.562,2026-03-16 22:35:25.654
大连商品交易所,聚氯乙烯月均价2609,v2609F,5845.0,6371.0,5319.0,11.0,11.0,3214.75,,1,,1,,1,5,2.0,3.0,,2026-03-16 22:35:16.562,2026-03-16 22:35:25.654
郑州商品交易所,油菜籽607,RS607,6183.0,6802.0,5564.0,20.0,20.0,12366.0,,2,,2,,2,10,4.0,6.0,,2026-03-16 22:35:16.562,2026-03-16 22:35:25.654
郑州商品交易所,油菜籽608,RS608,5944.0,6539.0,5349.0,20.0,20.0,11888.0,,2,,2,,2,10,4.0,6.0,,2026-03-16 22:35:16.562,2026-03-16 22:35:25.654
郑州商品交易所,油菜籽609,RS609,6107.0,6718.0,5496.0,20.0,20.0,12214.0,,2,,2,,2,10,4.0,6.0,主力合约,2026-03-16 22:35:16.562,2026-03-16 22:35:25.654
郑州商品交易所,油菜籽611,RS611,6000.0,6600.0,5400.0,20.0,20.0,12000.0,,2,,2,,2,10,4.0,6.0,,2026-03-16 22:35:16.562,2026-03-16 22:35:25.654
郑州商品交易所,菜籽油605,OI605,9905.0,10698.0,9112.0,9.0,9.0,8914.5,,2,,2,,2,10,4.0,6.0,主力合约,2026-03-16 22:35:16.562,2026-03-16 22:35:25.654
郑州商品交易所,菜籽油607,OI607,9869.0,10462.0,9276.0,7.0,7.0,6908.3,,2,,2,,2,10,4.0,6.0,,2026-03-16 22:35:16.562,2026-03-16 22:35:25.654
郑州商品交易所,菜籽油609,OI609,9797.0,10385.0,9209.0,7.0,7.0,6857.9,,2,,2,,2,10,4.0,6.0,,2026-03-16 22:35:16.562,2026-03-16 22:35:25.654
郑州商品交易所,菜籽油611,OI611,9736.0,10321.0,9151.0,7.0,7.0,6815.2,,2,,2,,2,10,4.0,6.0,,2026-03-16 22:35:16.562,2026-03-16 22:35:25.654
郑州商品交易所,菜籽油701,OI701,9682.0,10263.0,9101.0,7.0,7.0,6777.4,,2,,2,,2,10,4.0,6.0,,2026-03-16 22:35:16.562,2026-03-16 22:35:25.654
郑州商品交易所,菜籽粕605,RM605,2516.0,2667.0,2365.0,7.0,7.0,1761.2,,1.5,,1.5,,1.5,10,3.0,7.0,主力合约,2026-03-16 22:35:16.562,2026-03-16 22:35:25.654
郑州商品交易所,菜籽粕607,RM607,2411.0,2556.0,2266.0,7.0,7.0,1687.7,,1.5,,1.5,,1.5,10,3.0,7.0,,2026-03-16 22:35:16.562,2026-03-16 22:35:25.654
郑州商品交易所,菜籽粕608,RM608,2493.0,2643.0,2343.0,7.0,7.0,1745.1,,1.5,,1.5,,1.5,10,3.0,7.0,,2026-03-16 22:35:16.562,2026-03-16 22:35:25.654
郑州商品交易所,菜籽粕609,RM609,2479.0,2628.0,2330.0,7.0,7.0,1735.3,,1.5,,1.5,,1.5,10,3.0,7.0,,2026-03-16 22:35:16.562,2026-03-16 22:35:25.654
郑州商品交易所,菜籽粕611,RM611,2409.0,2554.0,2264.0,7.0,7.0,1686.3,,1.5,,1.5,,1.5,10,3.0,7.0,,2026-03-16 22:35:16.562,2026-03-16 22:35:25.654
郑州商品交易所,菜籽粕701,RM701,2405.0,2550.0,2260.0,7.0,7.0,1683.5,,1.5,,1.5,,1.5,10,3.0,7.0,,2026-03-16 22:35:16.562,2026-03-16 22:35:25.654
郑州商品交易所,菜籽粕703,RM703,2390.0,2534.0,2246.0,7.0,7.0,1673.0,,1.5,,1.5,,1.5,10,3.0,7.0,,2026-03-16 22:35:16.562,2026-03-16 22:35:25.654
郑州商品交易所,花生604,PK604,8110.0,8598.0,7622.0,10.0,10.0,4055.0,,4,,4,,4,10,8.0,2.0,,2026-03-16 22:35:16.562,2026-03-16 22:35:25.654
郑州商品交易所,花生605,PK605,8210.0,8704.0,7716.0,7.0,7.0,2873.5,,4,,4,,4,10,8.0,2.0,主力合约,2026-03-16 22:35:16.562,2026-03-16 22:35:25.654
郑州商品交易所,花生610,PK610,8370.0,8874.0,7866.0,7.0,7.0,2929.5,,4,,4,,4,10,8.0,2.0,,2026-03-16 22:35:16.562,2026-03-16 22:35:25.654
郑州商品交易所,花生611,PK611,8342.0,8844.0,7840.0,7.0,7.0,2919.7,,4,,4,,4,10,8.0,2.0,,2026-03-16 22:35:16.562,2026-03-16 22:35:25.654
郑州商品交易所,花生612,PK612,8358.0,8860.0,7856.0,7.0,7.0,2925.3,,4,,4,,4,10,8.0,2.0,,2026-03-16 22:35:16.562,2026-03-16 22:35:25.654
郑州商品交易所,花生701,PK701,8402.0,8908.0,7896.0,7.0,7.0,2940.7,,4,,4,,4,10,8.0,2.0,,2026-03-16 22:35:16.562,2026-03-16 22:35:25.654
郑州商品交易所,白糖605,SR605,5461.0,5735.0,5187.0,6.0,6.0,3276.6,,3,,3,,0,10,3.0,7.0,主力合约,2026-03-16 22:35:16.562,2026-03-16 22:35:25.654
郑州商品交易所,白糖607,SR607,5484.0,5759.0,5209.0,6.0,6.0,3290.4,,3,,3,,0,10,3.0,7.0,,2026-03-16 22:35:16.562,2026-03-16 22:35:25.654
郑州商品交易所,白糖609,SR609,5495.0,5770.0,5220.0,6.0,6.0,3297.0,,3,,3,,0,10,3.0,7.0,,2026-03-16 22:35:16.562,2026-03-16 22:35:25.654
郑州商品交易所,白糖611,SR611,5509.0,5785.0,5233.0,6.0,6.0,3305.4,,3,,3,,0,10,3.0,7.0,,2026-03-16 22:35:16.562,2026-03-16 22:35:25.654
郑州商品交易所,白糖701,SR701,5620.0,5901.0,5339.0,6.0,6.0,3372.0,,3,,3,,0,10,3.0,7.0,,2026-03-16 22:35:16.562,2026-03-16 22:35:25.654
郑州商品交易所,棉花605,CF605,15440.0,16370.0,14510.0,7.0,7.0,5404.0,,4.3,,4.3,,0,25,4.3,20.7,主力合约,2026-03-16 22:35:16.562,2026-03-16 22:35:25.654
郑州商品交易所,棉花607,CF607,15410.0,16335.0,14485.0,7.0,7.0,5393.5,,4.3,,4.3,,0,25,4.3,20.7,,2026-03-16 22:35:16.562,2026-03-16 22:35:25.654
郑州商品交易所,棉花609,CF609,15525.0,16460.0,14590.0,7.0,7.0,5433.75,,4.3,,4.3,,0,25,4.3,20.7,,2026-03-16 22:35:16.562,2026-03-16 22:35:25.654
郑州商品交易所,棉花611,CF611,15665.0,16605.0,14725.0,7.0,7.0,5482.75,,4.3,,4.3,,0,25,4.3,20.7,,2026-03-16 22:35:16.562,2026-03-16 22:35:25.654
郑州商品交易所,棉花701,CF701,15845.0,16800.0,14890.0,7.0,7.0,5545.75,,4.3,,4.3,,0,25,4.3,20.7,,2026-03-16 22:35:16.562,2026-03-16 22:35:25.654
郑州商品交易所,红枣605,CJ605,9070.0,9800.0,8340.0,9.0,9.0,4081.5,,3,,3,,3,25,6.0,19.0,主力合约,2026-03-16 22:35:16.562,2026-03-16 22:35:25.654
郑州商品交易所,红枣607,CJ607,9235.0,9975.0,8495.0,9.0,9.0,4155.75,,3,,3,,3,25,6.0,19.0,,2026-03-16 22:35:16.562,2026-03-16 22:35:25.654
郑州商品交易所,红枣609,CJ609,9440.0,10200.0,8680.0,9.0,9.0,4248.0,,3,,3,,3,25,6.0,19.0,,2026-03-16 22:35:16.562,2026-03-16 22:35:25.654
郑州商品交易所,红枣612,CJ612,9890.0,10685.0,9095.0,9.0,9.0,4450.5,,3,,3,,3,25,6.0,19.0,,2026-03-16 22:35:16.562,2026-03-16 22:35:25.654
郑州商品交易所,红枣701,CJ701,9975.0,10775.0,9175.0,9.0,9.0,4488.75,,3,,3,,3,25,6.0,19.0,,2026-03-16 22:35:16.562,2026-03-16 22:35:25.654
郑州商品交易所,苹果604,AP604,9179.0,10373.0,7985.0,15.0,15.0,13768.5,,5,,5,,19.99,10,25.0,-15.0,,2026-03-16 22:35:16.562,2026-03-16 22:35:25.654
郑州商品交易所,苹果605,AP605,9996.0,11296.0,8696.0,15.0,15.0,14994.0,,5,,5,,19.99,10,25.0,-15.0,主力合约,2026-03-16 22:35:16.562,2026-03-16 22:35:25.654
郑州商品交易所,苹果610,AP610,8689.0,9472.0,7906.0,10.0,10.0,8689.0,,5,,5,,19.99,10,25.0,-15.0,,2026-03-16 22:35:16.562,2026-03-16 22:35:25.654
郑州商品交易所,苹果611,AP611,8526.0,9294.0,7758.0,10.0,10.0,8526.0,,5,,5,,19.99,10,25.0,-15.0,,2026-03-16 22:35:16.562,2026-03-16 22:35:25.654
郑州商品交易所,苹果612,AP612,8568.0,9340.0,7796.0,10.0,10.0,8568.0,,5,,5,,19.99,10,25.0,-15.0,,2026-03-16 22:35:16.562,2026-03-16 22:35:25.654
郑州商品交易所,苹果701,AP701,8557.0,9328.0,7786.0,10.0,10.0,8557.0,,5,,5,,19.99,10,25.0,-15.0,,2026-03-16 22:35:16.562,2026-03-16 22:35:25.654
郑州商品交易所,棉纱604,CY604,21735.0,22605.0,20865.0,10.0,10.0,10867.5,,1,,1,,0,25,1.0,24.0,,2026-03-16 22:35:16.562,2026-03-16 22:35:25.654
郑州商品交易所,棉纱605,CY605,21525.0,22390.0,20660.0,5.0,5.0,5381.25,,1,,1,,0,25,1.0,24.0,主力合约,2026-03-16 22:35:16.562,2026-03-16 22:35:25.654
郑州商品交易所,棉纱606,CY606,21290.0,22145.0,20435.0,5.0,5.0,5322.5,,1,,1,,0,25,1.0,24.0,,2026-03-16 22:35:16.562,2026-03-16 22:35:25.654
郑州商品交易所,棉纱607,CY607,21450.0,22310.0,20590.0,5.0,5.0,5362.5,,1,,1,,0,25,1.0,24.0,,2026-03-16 22:35:16.562,2026-03-16 22:35:25.654
郑州商品交易所,棉纱608,CY608,21380.0,22240.0,20520.0,5.0,5.0,5345.0,,1,,1,,0,25,1.0,24.0,,2026-03-16 22:35:16.562,2026-03-16 22:35:25.654
郑州商品交易所,棉纱609,CY609,21475.0,22335.0,20615.0,5.0,5.0,5368.75,,1,,1,,0,25,1.0,24.0,,2026-03-16 22:35:16.562,2026-03-16 22:35:25.654
郑州商品交易所,棉纱610,CY610,21305.0,22160.0,20450.0,5.0,5.0,5326.25,,1,,1,,0,25,1.0,24.0,,2026-03-16 22:35:16.562,2026-03-16 22:35:25.654
郑州商品交易所,棉纱611,CY611,21305.0,22160.0,20450.0,5.0,5.0,5326.25,,1,,1,,0,25,1.0,24.0,,2026-03-16 22:35:16.562,2026-03-16 22:35:25.654
郑州商品交易所,棉纱612,CY612,21310.0,22165.0,20455.0,5.0,5.0,5327.5,,1,,1,,0,25,1.0,24.0,,2026-03-16 22:35:16.562,2026-03-16 22:35:25.654
郑州商品交易所,锰硅604,SM604,6164.0,6596.0,5732.0,10.0,10.0,3082.0,,3,,3,,0,10,3.0,7.0,,2026-03-16 22:35:16.562,2026-03-16 22:35:25.654
郑州商品交易所,锰硅605,SM605,6188.0,6622.0,5754.0,8.0,8.0,2475.2,,3,,3,,0,10,3.0,7.0,主力合约,2026-03-16 22:35:16.562,2026-03-16 22:35:25.654
郑州商品交易所,锰硅606,SM606,6206.0,6642.0,5770.0,8.0,8.0,2482.4,,3,,3,,0,10,3.0,7.0,,2026-03-16 22:35:16.562,2026-03-16 22:35:25.654
郑州商品交易所,锰硅607,SM607,6224.0,6660.0,5788.0,8.0,8.0,2489.6,,3,,3,,0,10,3.0,7.0,,2026-03-16 22:35:16.562,2026-03-16 22:35:25.654
郑州商品交易所,锰硅608,SM608,6232.0,6670.0,5794.0,8.0,8.0,2492.8,,3,,3,,0,10,3.0,7.0,,2026-03-16 22:35:16.562,2026-03-16 22:35:25.654
郑州商品交易所,锰硅609,SM609,6234.0,6672.0,5796.0,8.0,8.0,2493.6,,3,,3,,0,10,3.0,7.0,,2026-03-16 22:35:16.562,2026-03-16 22:35:25.654
郑州商品交易所,锰硅610,SM610,6210.0,6646.0,5774.0,8.0,8.0,2484.0,,3,,3,,0,10,3.0,7.0,,2026-03-16 22:35:16.562,2026-03-16 22:35:25.654
郑州商品交易所,锰硅611,SM611,6254.0,6692.0,5816.0,8.0,8.0,2501.6,,3,,3,,0,10,3.0,7.0,,2026-03-16 22:35:16.562,2026-03-16 22:35:25.654
郑州商品交易所,锰硅612,SM612,6260.0,6700.0,5820.0,8.0,8.0,2504.0,,3,,3,,0,10,3.0,7.0,,2026-03-16 22:35:16.562,2026-03-16 22:35:25.654
郑州商品交易所,锰硅701,SM701,6286.0,6728.0,5844.0,8.0,8.0,2514.4,,3,,3,,0,10,3.0,7.0,,2026-03-16 22:35:16.562,2026-03-16 22:35:25.654
郑州商品交易所,锰硅702,SM702,6284.0,6724.0,5844.0,8.0,8.0,2513.6,,3,,3,,0,10,3.0,7.0,,2026-03-16 22:35:16.562,2026-03-16 22:35:25.654
郑州商品交易所,硅铁604,SF604,5878.0,6290.0,5466.0,10.0,10.0,2939.0,,3,,3,,0,10,3.0,7.0,,2026-03-16 22:35:16.562,2026-03-16 22:35:25.654
郑州商品交易所,硅铁605,SF605,5898.0,6312.0,5484.0,8.0,8.0,2359.2,,3,,3,,0,10,3.0,7.0,主力合约,2026-03-16 22:35:16.562,2026-03-16 22:35:25.654
郑州商品交易所,硅铁606,SF606,5882.0,6294.0,5470.0,8.0,8.0,2352.8,,3,,3,,0,10,3.0,7.0,,2026-03-16 22:35:16.562,2026-03-16 22:35:25.654
郑州商品交易所,硅铁607,SF607,6022.0,6444.0,5600.0,8.0,8.0,2408.8,,3,,3,,0,10,3.0,7.0,,2026-03-16 22:35:16.562,2026-03-16 22:35:25.654
郑州商品交易所,硅铁608,SF608,5976.0,6396.0,5556.0,8.0,8.0,2390.4,,3,,3,,0,10,3.0,7.0,,2026-03-16 22:35:16.562,2026-03-16 22:35:25.654
郑州商品交易所,硅铁609,SF609,5972.0,6392.0,5552.0,8.0,8.0,2388.8,,3,,3,,0,10,3.0,7.0,,2026-03-16 22:35:16.562,2026-03-16 22:35:25.654
郑州商品交易所,硅铁610,SF610,5918.0,6334.0,5502.0,8.0,8.0,2367.2,,3,,3,,0,10,3.0,7.0,,2026-03-16 22:35:16.562,2026-03-16 22:35:25.654
郑州商品交易所,硅铁611,SF611,6036.0,6460.0,5612.0,8.0,8.0,2414.4,,3,,3,,0,10,3.0,7.0,,2026-03-16 22:35:16.562,2026-03-16 22:35:25.654
郑州商品交易所,硅铁612,SF612,6026.0,6448.0,5604.0,8.0,8.0,2410.4,,3,,3,,0,10,3.0,7.0,,2026-03-16 22:35:16.562,2026-03-16 22:35:25.654
郑州商品交易所,硅铁701,SF701,6018.0,6440.0,5596.0,8.0,8.0,2407.2,,3,,3,,0,10,3.0,7.0,,2026-03-16 22:35:16.562,2026-03-16 22:35:25.654
郑州商品交易所,硅铁702,SF702,5984.0,6404.0,5564.0,8.0,8.0,2393.6,,3,,3,,0,10,3.0,7.0,,2026-03-16 22:35:16.562,2026-03-16 22:35:25.654
郑州商品交易所,丙烯605,PL605,8493.0,9598.0,7388.0,15.0,15.0,25479.0,0.0001,1/万分之 (17元),0.0001,1/万分之 (17元),0.0001,1/万分之 (17元),20,34.0,-14.0,主力合约,2026-03-16 22:35:16.562,2026-03-16 22:35:25.654
郑州商品交易所,丙烯604,PL604,8332.0,9416.0,7248.0,15.0,15.0,24996.0,0.0001,1/万分之 (16.7元),0.0001,1/万分之 (16.7元),0.0001,1/万分之 (16.7元),20,33.3,-13.3,,2026-03-16 22:35:16.562,2026-03-16 22:35:25.654
郑州商品交易所,丙烯607,PL607,8032.0,8916.0,7148.0,13.0,13.0,20883.2,0.0001,1/万分之 (16.1元),0.0001,1/万分之 (16.1元),0.0001,1/万分之 (16.1元),20,32.1,-12.1,,2026-03-16 22:35:16.562,2026-03-16 22:35:25.654
郑州商品交易所,丙烯606,PL606,8229.0,9135.0,7323.0,13.0,13.0,21395.4,0.0001,1/万分之 (16.5元),0.0001,1/万分之 (16.5元),0.0001,1/万分之 (16.5元),20,32.9,-12.9,,2026-03-16 22:35:16.562,2026-03-16 22:35:25.654
郑州商品交易所,丙烯608,PL608,8001.0,8882.0,7120.0,13.0,13.0,20802.6,0.0001,1/万分之 (16元),0.0001,1/万分之 (16元),0.0001,1/万分之 (16元),20,32.0,-12.0,,2026-03-16 22:35:16.562,2026-03-16 22:35:25.654
郑州商品交易所,丙烯609,PL609,7628.0,8468.0,6788.0,13.0,13.0,19832.8,0.0001,1/万分之 (15.3元),0.0001,1/万分之 (15.3元),0.0001,1/万分之 (15.3元),20,30.5,-10.5,,2026-03-16 22:35:16.562,2026-03-16 22:35:25.654
郑州商品交易所,丙烯610,PL610,7474.0,7923.0,7025.0,7.0,7.0,10463.6,0.0001,1/万分之 (14.9元),0.0001,1/万分之 (14.9元),0.0001,1/万分之 (14.9元),20,29.9,-9.9,,2026-03-16 22:35:16.562,2026-03-16 22:35:25.654
郑州商品交易所,丙烯611,PL611,7366.0,7808.0,6924.0,7.0,7.0,10312.4,0.0001,1/万分之 (14.7元),0.0001,1/万分之 (14.7元),0.0001,1/万分之 (14.7元),20,29.5,-9.5,,2026-03-16 22:35:16.562,2026-03-16 22:35:25.654
郑州商品交易所,丙烯612,PL612,7280.0,7717.0,6843.0,7.0,7.0,10192.0,0.0001,1/万分之 (14.6元),0.0001,1/万分之 (14.6元),0.0001,1/万分之 (14.6元),20,29.1,-9.1,,2026-03-16 22:35:16.562,2026-03-16 22:35:25.654
郑州商品交易所,丙烯701,PL701,7320.0,7760.0,6880.0,7.0,7.0,10248.0,0.0001,1/万分之 (14.6元),0.0001,1/万分之 (14.6元),0.0001,1/万分之 (14.6元),20,29.3,-9.3,,2026-03-16 22:35:16.562,2026-03-16 22:35:25.654
郑州商品交易所,丙烯702,PL702,7200.0,7632.0,6768.0,7.0,7.0,10080.0,0.0001,1/万分之 (14.4元),0.0001,1/万分之 (14.4元),0.0001,1/万分之 (14.4元),20,28.8,-8.8,,2026-03-16 22:35:16.562,2026-03-16 22:35:25.654
郑州商品交易所,对二甲苯 604,PX604,10102.0,11416.0,8788.0,15.0,15.0,7576.5,0.0001,1/万分之 (5.1元),0.0001,1/万分之 (5.1元),0.0,0/万分之 (0元),10,5.1,4.9,,2026-03-16 22:35:16.562,2026-03-16 22:35:25.654
郑州商品交易所,对二甲苯 605,PX605,10212.0,11540.0,8884.0,15.0,15.0,7659.0,0.0001,1/万分之 (5.1元),0.0001,1/万分之 (5.1元),0.0,0/万分之 (0元),10,5.1,4.9,主力合约,2026-03-16 22:35:16.562,2026-03-16 22:35:25.654
郑州商品交易所,对二甲苯 606,PX606,9958.0,11054.0,8862.0,13.0,13.0,6472.7,0.0001,1/万分之 (5元),0.0001,1/万分之 (5元),0.0,0/万分之 (0元),10,5.0,5.0,,2026-03-16 22:35:16.562,2026-03-16 22:35:25.654
郑州商品交易所,对二甲苯 607,PX607,9802.0,10882.0,8722.0,13.0,13.0,6371.3,0.0001,1/万分之 (4.9元),0.0001,1/万分之 (4.9元),0.0,0/万分之 (0元),10,4.9,5.1,,2026-03-16 22:35:16.562,2026-03-16 22:35:25.654
郑州商品交易所,对二甲苯 608,PX608,9676.0,10742.0,8610.0,13.0,13.0,6289.4,0.0001,1/万分之 (4.8元),0.0001,1/万分之 (4.8元),0.0,0/万分之 (0元),10,4.8,5.2,,2026-03-16 22:35:16.562,2026-03-16 22:35:25.654
郑州商品交易所,对二甲苯 609,PX609,9636.0,10696.0,8576.0,13.0,13.0,6263.4,0.0001,1/万分之 (4.8元),0.0001,1/万分之 (4.8元),0.0,0/万分之 (0元),10,4.8,5.2,,2026-03-16 22:35:16.562,2026-03-16 22:35:25.654
郑州商品交易所,对二甲苯 610,PX610,9432.0,9998.0,8866.0,7.0,7.0,3301.2,0.0001,1/万分之 (4.7元),0.0001,1/万分之 (4.7元),0.0,0/万分之 (0元),10,4.7,5.3,,2026-03-16 22:35:16.562,2026-03-16 22:35:25.654
郑州商品交易所,对二甲苯 611,PX611,9266.0,9822.0,8710.0,7.0,7.0,3243.1,0.0001,1/万分之 (4.6元),0.0001,1/万分之 (4.6元),0.0,0/万分之 (0元),10,4.6,5.4,,2026-03-16 22:35:16.562,2026-03-16 22:35:25.654
郑州商品交易所,对二甲苯 612,PX612,9074.0,9620.0,8528.0,7.0,7.0,3175.9,0.0001,1/万分之 (4.5元),0.0001,1/万分之 (4.5元),0.0,0/万分之 (0元),10,4.5,5.5,,2026-03-16 22:35:16.562,2026-03-16 22:35:25.654
郑州商品交易所,对二甲苯 701,PX701,9014.0,9556.0,8472.0,7.0,7.0,3154.9,0.0001,1/万分之 (4.5元),0.0001,1/万分之 (4.5元),0.0,0/万分之 (0元),10,4.5,5.5,,2026-03-16 22:35:16.562,2026-03-16 22:35:25.654
郑州商品交易所,对二甲苯 702,PX702,8844.0,9376.0,8312.0,7.0,7.0,3095.4,0.0001,1/万分之 (4.4元),0.0001,1/万分之 (4.4元),0.0,0/万分之 (0元),10,4.4,5.6,,2026-03-16 22:35:16.562,2026-03-16 22:35:25.654
郑州商品交易所,PTA604,TA604,6982.0,7890.0,6074.0,15.0,15.0,5236.5,,3,,3,,0,10,3.0,7.0,,2026-03-16 22:35:16.562,2026-03-16 22:35:25.654
郑州商品交易所,PTA605,TA605,7006.0,7918.0,6094.0,15.0,15.0,5254.5,,3,,3,,0,10,3.0,7.0,主力合约,2026-03-16 22:35:16.562,2026-03-16 22:35:25.654
郑州商品交易所,PTA606,TA606,6938.0,7702.0,6174.0,13.0,13.0,4509.7,,3,,3,,0,10,3.0,7.0,,2026-03-16 22:35:16.562,2026-03-16 22:35:25.654
郑州商品交易所,PTA607,TA607,6876.0,7634.0,6118.0,13.0,13.0,4469.4,,3,,3,,0,10,3.0,7.0,,2026-03-16 22:35:16.562,2026-03-16 22:35:25.654
郑州商品交易所,PTA608,TA608,6794.0,7542.0,6046.0,13.0,13.0,4416.1,,3,,3,,0,10,3.0,7.0,,2026-03-16 22:35:16.562,2026-03-16 22:35:25.654
郑州商品交易所,PTA609,TA609,6706.0,7444.0,5968.0,13.0,13.0,4358.9,,3,,3,,0,10,3.0,7.0,,2026-03-16 22:35:16.562,2026-03-16 22:35:25.654
郑州商品交易所,PTA610,TA610,6608.0,7006.0,6210.0,7.0,7.0,2312.8,,3,,3,,0,10,3.0,7.0,,2026-03-16 22:35:16.562,2026-03-16 22:35:25.654
郑州商品交易所,PTA611,TA611,6494.0,6884.0,6104.0,7.0,7.0,2272.9,,3,,3,,0,10,3.0,7.0,,2026-03-16 22:35:16.562,2026-03-16 22:35:25.654
郑州商品交易所,PTA612,TA612,6438.0,6826.0,6050.0,7.0,7.0,2253.3,,3,,3,,0,10,3.0,7.0,,2026-03-16 22:35:16.562,2026-03-16 22:35:25.654
郑州商品交易所,PTA701,TA701,6388.0,6772.0,6004.0,7.0,7.0,2235.8,,3,,3,,0,10,3.0,7.0,,2026-03-16 22:35:16.562,2026-03-16 22:35:25.654
郑州商品交易所,PTA702,TA702,6380.0,6764.0,5996.0,7.0,7.0,2233.0,,3,,3,,0,10,3.0,7.0,,2026-03-16 22:35:16.562,2026-03-16 22:35:25.654
郑州商品交易所,短纤604,PF604,8430.0,9442.0,7418.0,14.0,14.0,5901.0,,2,,2,,0,10,2.0,8.0,,2026-03-16 22:35:16.562,2026-03-16 22:35:25.654
郑州商品交易所,短纤605,PF605,8444.0,9458.0,7430.0,14.0,14.0,5910.8,,2,,2,,0,10,2.0,8.0,,2026-03-16 22:35:16.562,2026-03-16 22:35:25.654
郑州商品交易所,短纤606,PF606,8356.0,9276.0,7436.0,13.0,13.0,5431.4,,2,,2,,0,10,2.0,8.0,主力合约,2026-03-16 22:35:16.562,2026-03-16 22:35:25.654
郑州商品交易所,短纤607,PF607,8314.0,9230.0,7398.0,13.0,13.0,5404.1,,2,,2,,0,10,2.0,8.0,,2026-03-16 22:35:16.562,2026-03-16 22:35:25.654
郑州商品交易所,短纤608,PF608,8254.0,9162.0,7346.0,13.0,13.0,5365.1,,2,,2,,0,10,2.0,8.0,,2026-03-16 22:35:16.562,2026-03-16 22:35:25.654
郑州商品交易所,短纤609,PF609,8204.0,9108.0,7300.0,13.0,13.0,5332.6,,2,,2,,0,10,2.0,8.0,,2026-03-16 22:35:16.562,2026-03-16 22:35:25.654
郑州商品交易所,短纤610,PF610,8050.0,8534.0,7566.0,7.0,7.0,2817.5,,2,,2,,0,10,2.0,8.0,,2026-03-16 22:35:16.562,2026-03-16 22:35:25.654
郑州商品交易所,短纤611,PF611,7938.0,8416.0,7460.0,7.0,7.0,2778.3,,2,,2,,0,10,2.0,8.0,,2026-03-16 22:35:16.562,2026-03-16 22:35:25.654
郑州商品交易所,短纤612,PF612,7912.0,8388.0,7436.0,7.0,7.0,2769.2,,2,,2,,0,10,2.0,8.0,,2026-03-16 22:35:16.562,2026-03-16 22:35:25.654
郑州商品交易所,短纤701,PF701,7862.0,8334.0,7390.0,7.0,7.0,2751.7,,2,,2,,0,10,2.0,8.0,,2026-03-16 22:35:16.562,2026-03-16 22:35:25.654
郑州商品交易所,短纤702,PF702,7788.0,8256.0,7320.0,7.0,7.0,2725.8,,2,,2,,0,10,2.0,8.0,,2026-03-16 22:35:16.562,2026-03-16 22:35:25.654
郑州商品交易所,瓶片PR604,PR604,8852.0,9916.0,7788.0,14.0,14.0,18589.2,5e-05,0.5/万分之 (6.6元),5e-05,0.5/万分之 (6.6元),0.0,0/万分之 (0元),30,6.6,23.4,,2026-03-16 22:35:16.562,2026-03-16 22:35:25.654
郑州商品交易所,瓶片PR605,PR605,8838.0,9900.0,7776.0,14.0,14.0,18559.8,5e-05,0.5/万分之 (6.6元),5e-05,0.5/万分之 (6.6元),0.0,0/万分之 (0元),30,6.6,23.4,主力合约,2026-03-16 22:35:16.562,2026-03-16 22:35:25.654
郑州商品交易所,瓶片PR606,PR606,8728.0,9690.0,7766.0,13.0,13.0,17019.6,5e-05,0.5/万分之 (6.5元),5e-05,0.5/万分之 (6.5元),0.0,0/万分之 (0元),30,6.5,23.5,,2026-03-16 22:35:16.562,2026-03-16 22:35:25.654
郑州商品交易所,瓶片PR607,PR607,8472.0,9404.0,7540.0,13.0,13.0,16520.4,5e-05,0.5/万分之 (6.4元),5e-05,0.5/万分之 (6.4元),0.0,0/万分之 (0元),30,6.4,23.6,,2026-03-16 22:35:16.562,2026-03-16 22:35:25.654
郑州商品交易所,瓶片PR608,PR608,8352.0,9272.0,7432.0,13.0,13.0,16286.4,5e-05,0.5/万分之 (6.3元),5e-05,0.5/万分之 (6.3元),0.0,0/万分之 (0元),30,6.3,23.7,,2026-03-16 22:35:16.562,2026-03-16 22:35:25.654
郑州商品交易所,瓶片PR609,PR609,8252.0,9160.0,7344.0,13.0,13.0,16091.4,5e-05,0.5/万分之 (6.2元),5e-05,0.5/万分之 (6.2元),0.0,0/万分之 (0元),30,6.2,23.8,,2026-03-16 22:35:16.562,2026-03-16 22:35:25.654
郑州商品交易所,瓶片PR610,PR610,7982.0,8462.0,7502.0,7.0,7.0,8381.1,5e-05,0.5/万分之 (6元),5e-05,0.5/万分之 (6元),0.0,0/万分之 (0元),30,6.0,24.0,,2026-03-16 22:35:16.562,2026-03-16 22:35:25.654
郑州商品交易所,瓶片PR611,PR611,7870.0,8344.0,7396.0,7.0,7.0,8263.5,5e-05,0.5/万分之 (5.9元),5e-05,0.5/万分之 (5.9元),0.0,0/万分之 (0元),30,5.9,24.1,,2026-03-16 22:35:16.562,2026-03-16 22:35:25.654
郑州商品交易所,瓶片PR612,PR612,7692.0,8154.0,7230.0,7.0,7.0,8076.6,5e-05,0.5/万分之 (5.8元),5e-05,0.5/万分之 (5.8元),0.0,0/万分之 (0元),30,5.8,24.2,,2026-03-16 22:35:16.562,2026-03-16 22:35:25.654
郑州商品交易所,瓶片PR701,PR701,7422.0,7868.0,6976.0,7.0,7.0,7793.1,5e-05,0.5/万分之 (5.6元),5e-05,0.5/万分之 (5.6元),0.0,0/万分之 (0元),30,5.6,24.4,,2026-03-16 22:35:16.562,2026-03-16 22:35:25.654
郑州商品交易所,瓶片PR702,PR702,7272.0,7710.0,6834.0,7.0,7.0,7635.6,5e-05,0.5/万分之 (5.5元),5e-05,0.5/万分之 (5.5元),0.0,0/万分之 (0元),30,5.5,24.5,,2026-03-16 22:35:16.562,2026-03-16 22:35:25.654
郑州商品交易所,甲醇604,MA604,2846.0,3245.0,2447.0,16.0,16.0,4553.6,0.0001,1/万分之 (2.8元),0.0001,1/万分之 (2.8元),0.0001,1/万分之 (2.8元),10,5.7,4.3,,2026-03-16 22:35:16.562,2026-03-16 22:35:25.654
郑州商品交易所,甲醇605,MA605,2839.0,3237.0,2441.0,16.0,16.0,4542.4,0.0001,1/万分之 (2.8元),0.0001,1/万分之 (2.8元),0.0001,1/万分之 (2.8元),10,5.7,4.3,主力合约,2026-03-16 22:35:16.562,2026-03-16 22:35:25.654
郑州商品交易所,甲醇606,MA606,2795.0,3103.0,2487.0,13.0,13.0,3633.5,0.0001,1/万分之 (2.8元),0.0001,1/万分之 (2.8元),0.0001,1/万分之 (2.8元),10,5.6,4.4,,2026-03-16 22:35:16.562,2026-03-16 22:35:25.654
郑州商品交易所,甲醇607,MA607,2762.0,3066.0,2458.0,13.0,13.0,3590.6,0.0001,1/万分之 (2.8元),0.0001,1/万分之 (2.8元),0.0001,1/万分之 (2.8元),10,5.5,4.5,,2026-03-16 22:35:16.562,2026-03-16 22:35:25.654
郑州商品交易所,甲醇608,MA608,2733.0,3034.0,2432.0,13.0,13.0,3552.9,0.0001,1/万分之 (2.7元),0.0001,1/万分之 (2.7元),0.0001,1/万分之 (2.7元),10,5.5,4.5,,2026-03-16 22:35:16.562,2026-03-16 22:35:25.654
郑州商品交易所,甲醇609,MA609,2704.0,3002.0,2406.0,13.0,13.0,3515.2,0.0001,1/万分之 (2.7元),0.0001,1/万分之 (2.7元),0.0001,1/万分之 (2.7元),10,5.4,4.6,,2026-03-16 22:35:16.562,2026-03-16 22:35:25.654
郑州商品交易所,甲醇610,MA610,2671.0,2832.0,2510.0,7.0,7.0,1869.7,0.0001,1/万分之 (2.7元),0.0001,1/万分之 (2.7元),0.0001,1/万分之 (2.7元),10,5.3,4.7,,2026-03-16 22:35:16.562,2026-03-16 22:35:25.654
郑州商品交易所,甲醇611,MA611,2655.0,2815.0,2495.0,7.0,7.0,1858.5,0.0001,1/万分之 (2.7元),0.0001,1/万分之 (2.7元),0.0001,1/万分之 (2.7元),10,5.3,4.7,,2026-03-16 22:35:16.562,2026-03-16 22:35:25.654
郑州商品交易所,甲醇612,MA612,2665.0,2825.0,2505.0,7.0,7.0,1865.5,0.0001,1/万分之 (2.7元),0.0001,1/万分之 (2.7元),0.0001,1/万分之 (2.7元),10,5.3,4.7,,2026-03-16 22:35:16.562,2026-03-16 22:35:25.654
郑州商品交易所,甲醇701,MA701,2655.0,2815.0,2495.0,7.0,7.0,1858.5,0.0001,1/万分之 (2.7元),0.0001,1/万分之 (2.7元),0.0001,1/万分之 (2.7元),10,5.3,4.7,,2026-03-16 22:35:16.562,2026-03-16 22:35:25.654
郑州商品交易所,甲醇702,MA702,2619.0,2777.0,2461.0,7.0,7.0,1833.3,0.0001,1/万分之 (2.6元),0.0001,1/万分之 (2.6元),0.0001,1/万分之 (2.6元),10,5.2,4.8,,2026-03-16 22:35:16.562,2026-03-16 22:35:25.654
郑州商品交易所,尿素604,UR604,1900.0,2071.0,1729.0,10.0,10.0,3800.0,0.0001,1/万分之 (3.8元),0.0001,1/万分之 (3.8元),0.0001,1/万分之 (3.8元),20,7.6,12.4,,2026-03-16 22:35:16.562,2026-03-16 22:35:25.654
郑州商品交易所,尿素605,UR605,1911.0,2083.0,1739.0,10.0,10.0,3822.0,0.0001,1/万分之 (3.8元),0.0001,1/万分之 (3.8元),0.0001,1/万分之 (3.8元),20,7.6,12.4,主力合约,2026-03-16 22:35:16.562,2026-03-16 22:35:25.654
郑州商品交易所,尿素606,UR606,1917.0,2052.0,1782.0,8.0,8.0,3067.2,0.0001,1/万分之 (3.8元),0.0001,1/万分之 (3.8元),0.0001,1/万分之 (3.8元),20,7.7,12.3,,2026-03-16 22:35:16.562,2026-03-16 22:35:25.654
郑州商品交易所,尿素607,UR607,1956.0,2093.0,1819.0,8.0,8.0,3129.6,0.0001,1/万分之 (3.9元),0.0001,1/万分之 (3.9元),0.0001,1/万分之 (3.9元),20,7.8,12.2,,2026-03-16 22:35:16.562,2026-03-16 22:35:25.654
郑州商品交易所,尿素608,UR608,1950.0,2087.0,1813.0,8.0,8.0,3120.0,0.0001,1/万分之 (3.9元),0.0001,1/万分之 (3.9元),0.0001,1/万分之 (3.9元),20,7.8,12.2,,2026-03-16 22:35:16.562,2026-03-16 22:35:25.654
郑州商品交易所,尿素609,UR609,1942.0,2078.0,1806.0,8.0,8.0,3107.2,0.0001,1/万分之 (3.9元),0.0001,1/万分之 (3.9元),0.0001,1/万分之 (3.9元),20,7.8,12.2,,2026-03-16 22:35:16.562,2026-03-16 22:35:25.654
郑州商品交易所,尿素610,UR610,1920.0,2055.0,1785.0,8.0,8.0,3072.0,0.0001,1/万分之 (3.8元),0.0001,1/万分之 (3.8元),0.0001,1/万分之 (3.8元),20,7.7,12.3,,2026-03-16 22:35:16.562,2026-03-16 22:35:25.654
郑州商品交易所,尿素611,UR611,1920.0,2055.0,1785.0,8.0,8.0,3072.0,0.0001,1/万分之 (3.8元),0.0001,1/万分之 (3.8元),0.0001,1/万分之 (3.8元),20,7.7,12.3,,2026-03-16 22:35:16.562,2026-03-16 22:35:25.654
郑州商品交易所,尿素612,UR612,1909.0,2043.0,1775.0,8.0,8.0,3054.4,0.0001,1/万分之 (3.8元),0.0001,1/万分之 (3.8元),0.0001,1/万分之 (3.8元),20,7.6,12.4,,2026-03-16 22:35:16.562,2026-03-16 22:35:25.654
郑州商品交易所,尿素701,UR701,1904.0,2038.0,1770.0,8.0,8.0,3046.4,0.0001,1/万分之 (3.8元),0.0001,1/万分之 (3.8元),0.0001,1/万分之 (3.8元),20,7.6,12.4,,2026-03-16 22:35:16.562,2026-03-16 22:35:25.654
郑州商品交易所,尿素702,UR702,1903.0,2037.0,1769.0,8.0,8.0,3044.8,0.0001,1/万分之 (3.8元),0.0001,1/万分之 (3.8元),0.0001,1/万分之 (3.8元),20,7.6,12.4,,2026-03-16 22:35:16.562,2026-03-16 22:35:25.654
郑州商品交易所,烧碱 604,SH604,2509.0,2836.0,2182.0,15.0,15.0,11290.5,0.0001,1/万分之 (7.5元),0.0001,1/万分之 (7.5元),0.0,0/万分之 (0元),30,7.5,22.5,,2026-03-16 22:35:16.562,2026-03-16 22:35:25.654
郑州商品交易所,烧碱 605,SH605,2590.0,2927.0,2253.0,15.0,15.0,11655.0,0.0001,1/万分之 (7.8元),0.0001,1/万分之 (7.8元),0.0,0/万分之 (0元),30,7.8,22.2,主力合约,2026-03-16 22:35:16.562,2026-03-16 22:35:25.654
郑州商品交易所,烧碱 606,SH606,2610.0,2871.0,2349.0,12.0,12.0,9396.0,0.0001,1/万分之 (7.8元),0.0001,1/万分之 (7.8元),0.0,0/万分之 (0元),30,7.8,22.2,,2026-03-16 22:35:16.562,2026-03-16 22:35:25.654
郑州商品交易所,烧碱 607,SH607,2583.0,2842.0,2324.0,12.0,12.0,9298.8,0.0001,1/万分之 (7.7元),0.0001,1/万分之 (7.7元),0.0,0/万分之 (0元),30,7.7,22.3,,2026-03-16 22:35:16.562,2026-03-16 22:35:25.654
郑州商品交易所,烧碱 608,SH608,2588.0,2770.0,2406.0,8.0,8.0,6211.2,0.0001,1/万分之 (7.8元),0.0001,1/万分之 (7.8元),0.0,0/万分之 (0元),30,7.8,22.2,,2026-03-16 22:35:16.562,2026-03-16 22:35:25.654
郑州商品交易所,烧碱 609,SH609,2567.0,2747.0,2387.0,8.0,8.0,6160.8,0.0001,1/万分之 (7.7元),0.0001,1/万分之 (7.7元),0.0,0/万分之 (0元),30,7.7,22.3,,2026-03-16 22:35:16.562,2026-03-16 22:35:25.654
郑州商品交易所,烧碱 610,SH610,2557.0,2736.0,2378.0,8.0,8.0,6136.8,0.0001,1/万分之 (7.7元),0.0001,1/万分之 (7.7元),0.0,0/万分之 (0元),30,7.7,22.3,,2026-03-16 22:35:16.562,2026-03-16 22:35:25.654
郑州商品交易所,烧碱 611,SH611,2536.0,2714.0,2358.0,8.0,8.0,6086.4,0.0001,1/万分之 (7.6元),0.0001,1/万分之 (7.6元),0.0,0/万分之 (0元),30,7.6,22.4,,2026-03-16 22:35:16.562,2026-03-16 22:35:25.654
郑州商品交易所,烧碱 612,SH612,2541.0,2719.0,2363.0,8.0,8.0,6098.4,0.0001,1/万分之 (7.6元),0.0001,1/万分之 (7.6元),0.0,0/万分之 (0元),30,7.6,22.4,,2026-03-16 22:35:16.562,2026-03-16 22:35:25.654
郑州商品交易所,烧碱 701,SH701,2525.0,2702.0,2348.0,8.0,8.0,6060.0,0.0001,1/万分之 (7.6元),0.0001,1/万分之 (7.6元),0.0,0/万分之 (0元),30,7.6,22.4,,2026-03-16 22:35:16.562,2026-03-16 22:35:25.654
郑州商品交易所,烧碱 702,SH702,2532.0,2710.0,2354.0,8.0,8.0,6076.8,0.0001,1/万分之 (7.6元),0.0001,1/万分之 (7.6元),0.0,0/万分之 (0元),30,7.6,22.4,,2026-03-16 22:35:16.562,2026-03-16 22:35:25.654
郑州商品交易所,纯碱604,SA604,1253.0,1379.0,1127.0,12.0,12.0,3007.2,0.0002,2/万分之 (5元),0.0002,2/万分之 (5元),0.0002,2/万分之 (5元),20,10.0,10.0,,2026-03-16 22:35:16.562,2026-03-16 22:35:25.654
郑州商品交易所,纯碱605,SA605,1261.0,1388.0,1134.0,12.0,12.0,3026.4,0.0002,2/万分之 (5元),0.0002,2/万分之 (5元),0.0002,2/万分之 (5元),20,10.1,9.9,主力合约,2026-03-16 22:35:16.562,2026-03-16 22:35:25.654
郑州商品交易所,纯碱606,SA606,1284.0,1387.0,1181.0,9.0,9.0,2311.2,0.0002,2/万分之 (5.1元),0.0002,2/万分之 (5.1元),0.0002,2/万分之 (5.1元),20,10.3,9.7,,2026-03-16 22:35:16.562,2026-03-16 22:35:25.654
郑州商品交易所,纯碱607,SA607,1288.0,1392.0,1184.0,9.0,9.0,2318.4,0.0002,2/万分之 (5.2元),0.0002,2/万分之 (5.2元),0.0002,2/万分之 (5.2元),20,10.3,9.7,,2026-03-16 22:35:16.562,2026-03-16 22:35:25.654
郑州商品交易所,纯碱608,SA608,1322.0,1428.0,1216.0,9.0,9.0,2379.6,0.0002,2/万分之 (5.3元),0.0002,2/万分之 (5.3元),0.0002,2/万分之 (5.3元),20,10.6,9.4,,2026-03-16 22:35:16.562,2026-03-16 22:35:25.654
郑州商品交易所,纯碱609,SA609,1324.0,1430.0,1218.0,9.0,9.0,2383.2,0.0002,2/万分之 (5.3元),0.0002,2/万分之 (5.3元),0.0002,2/万分之 (5.3元),20,10.6,9.4,,2026-03-16 22:35:16.562,2026-03-16 22:35:25.654
郑州商品交易所,纯碱610,SA610,1332.0,1439.0,1225.0,9.0,9.0,2397.6,0.0002,2/万分之 (5.3元),0.0002,2/万分之 (5.3元),0.0002,2/万分之 (5.3元),20,10.7,9.3,,2026-03-16 22:35:16.562,2026-03-16 22:35:25.654
郑州商品交易所,纯碱611,SA611,1327.0,1434.0,1220.0,9.0,9.0,2388.6,0.0002,2/万分之 (5.3元),0.0002,2/万分之 (5.3元),0.0002,2/万分之 (5.3元),20,10.6,9.4,,2026-03-16 22:35:16.562,2026-03-16 22:35:25.654
郑州商品交易所,纯碱612,SA612,1361.0,1470.0,1252.0,9.0,9.0,2449.8,0.0002,2/万分之 (5.4元),0.0002,2/万分之 (5.4元),0.0002,2/万分之 (5.4元),20,10.9,9.1,,2026-03-16 22:35:16.562,2026-03-16 22:35:25.654
郑州商品交易所,纯碱701,SA701,1368.0,1478.0,1258.0,9.0,9.0,2462.4,0.0002,2/万分之 (5.5元),0.0002,2/万分之 (5.5元),0.0002,2/万分之 (5.5元),20,10.9,9.1,,2026-03-16 22:35:16.562,2026-03-16 22:35:25.654
郑州商品交易所,纯碱702,SA702,1370.0,1480.0,1260.0,9.0,9.0,2466.0,0.0002,2/万分之 (5.5元),0.0002,2/万分之 (5.5元),0.0002,2/万分之 (5.5元),20,11.0,9.0,,2026-03-16 22:35:16.562,2026-03-16 22:35:25.654
郑州商品交易所,玻璃604,FG604,1116.0,1239.0,993.0,13.0,13.0,2901.6,,6,,6,,6,20,12.0,8.0,,2026-03-16 22:35:16.562,2026-03-16 22:35:25.654
郑州商品交易所,玻璃605,FG605,1116.0,1239.0,993.0,13.0,13.0,2901.6,,6,,6,,6,20,12.0,8.0,主力合约,2026-03-16 22:35:16.562,2026-03-16 22:35:25.654
郑州商品交易所,玻璃606,FG606,1179.0,1286.0,1072.0,10.0,10.0,2358.0,,6,,6,,6,20,12.0,8.0,,2026-03-16 22:35:16.562,2026-03-16 22:35:25.654
郑州商品交易所,玻璃607,FG607,1177.0,1283.0,1071.0,10.0,10.0,2354.0,,6,,6,,6,20,12.0,8.0,,2026-03-16 22:35:16.562,2026-03-16 22:35:25.654
郑州商品交易所,玻璃608,FG608,1248.0,1361.0,1135.0,10.0,10.0,2496.0,,6,,6,,6,20,12.0,8.0,,2026-03-16 22:35:16.562,2026-03-16 22:35:25.654
郑州商品交易所,玻璃609,FG609,1243.0,1355.0,1131.0,10.0,10.0,2486.0,,6,,6,,6,20,12.0,8.0,,2026-03-16 22:35:16.562,2026-03-16 22:35:25.654
郑州商品交易所,玻璃610,FG610,1268.0,1383.0,1153.0,10.0,10.0,2536.0,,6,,6,,6,20,12.0,8.0,,2026-03-16 22:35:16.562,2026-03-16 22:35:25.654
郑州商品交易所,玻璃611,FG611,1267.0,1382.0,1152.0,10.0,10.0,2534.0,,6,,6,,6,20,12.0,8.0,,2026-03-16 22:35:16.562,2026-03-16 22:35:25.654
郑州商品交易所,玻璃612,FG612,1302.0,1420.0,1184.0,10.0,10.0,2604.0,,6,,6,,6,20,12.0,8.0,,2026-03-16 22:35:16.562,2026-03-16 22:35:25.654
郑州商品交易所,玻璃701,FG701,1300.0,1417.0,1183.0,10.0,10.0,2600.0,,6,,6,,6,20,12.0,8.0,,2026-03-16 22:35:16.562,2026-03-16 22:35:25.654
郑州商品交易所,玻璃702,FG702,1313.0,1432.0,1194.0,10.0,10.0,2626.0,,6,,6,,6,20,12.0,8.0,,2026-03-16 22:35:16.562,2026-03-16 22:35:25.654
上海国际能源交易中心,原油2606,sc2606,746.0,895.2,596.8,22.0,22.0,164120.0,,40,,40,,240,100,280.0,-180.0,,2026-03-16 22:35:16.562,2026-03-16 22:35:25.654
上海国际能源交易中心,原油2609,sc2609,687.3,824.7,549.8,22.0,22.0,151206.0,,40,,40,,240,100,280.0,-180.0,,2026-03-16 22:35:16.562,2026-03-16 22:35:25.654
上海国际能源交易中心,原油2612,sc2612,649.9,779.8,519.9,22.0,22.0,142978.0,,40,,40,,240,100,280.0,-180.0,,2026-03-16 22:35:16.562,2026-03-16 22:35:25.654
上海国际能源交易中心,原油2703,sc2703,643.5,772.2,514.8,22.0,22.0,141570.0,,40,,40,,240,100,280.0,-180.0,,2026-03-16 22:35:16.562,2026-03-16 22:35:25.654
上海国际能源交易中心,原油2706,sc2706,630.3,756.3,504.2,22.0,22.0,138666.0,,40,,40,,240,100,280.0,-180.0,,2026-03-16 22:35:16.562,2026-03-16 22:35:25.654
上海国际能源交易中心,原油2709,sc2709,640.9,769.0,512.7,22.0,22.0,140998.0,,40,,40,,240,100,280.0,-180.0,,2026-03-16 22:35:16.562,2026-03-16 22:35:25.654
上海国际能源交易中心,原油2712,sc2712,620.9,745.0,496.7,22.0,22.0,136598.0,,40,,40,,240,100,280.0,-180.0,,2026-03-16 22:35:16.562,2026-03-16 22:35:25.654
上海国际能源交易中心,原油2803,sc2803,610.4,732.4,488.3,22.0,22.0,134288.0,,40,,40,,240,100,280.0,-180.0,,2026-03-16 22:35:16.562,2026-03-16 22:35:25.654
上海国际能源交易中心,原油2604,sc2604,761.8,914.1,609.4,22.0,22.0,167596.0,,40,,40,,240,100,280.0,-180.0,,2026-03-16 22:35:16.562,2026-03-16 22:35:25.654
上海国际能源交易中心,原油2605,sc2605,770.4,924.4,616.3,22.0,22.0,169488.0,,40,,40,,240,100,280.0,-180.0,主力合约,2026-03-16 22:35:16.562,2026-03-16 22:35:25.654
上海国际能源交易中心,原油2806,sc2806,604.7,725.6,483.7,22.0,22.0,133034.0,,40,,40,,240,100,280.0,-180.0,,2026-03-16 22:35:16.562,2026-03-16 22:35:25.654
上海国际能源交易中心,原油2607,sc2607,721.0,865.2,576.8,22.0,22.0,158620.0,,40,,40,,240,100,280.0,-180.0,,2026-03-16 22:35:16.562,2026-03-16 22:35:25.654
上海国际能源交易中心,原油2608,sc2608,699.6,839.5,559.6,22.0,22.0,153912.0,,40,,40,,240,100,280.0,-180.0,,2026-03-16 22:35:16.562,2026-03-16 22:35:25.654
上海国际能源交易中心,原油2809,sc2809,604.5,725.4,483.6,22.0,22.0,132990.0,,40,,40,,240,100,280.0,-180.0,,2026-03-16 22:35:16.562,2026-03-16 22:35:25.654
上海国际能源交易中心,原油2610,sc2610,669.4,803.2,535.5,22.0,22.0,147268.0,,40,,40,,240,100,280.0,-180.0,,2026-03-16 22:35:16.562,2026-03-16 22:35:25.654
上海国际能源交易中心,原油2611,sc2611,661.0,793.2,528.8,22.0,22.0,145420.0,,40,,40,,240,100,280.0,-180.0,,2026-03-16 22:35:16.562,2026-03-16 22:35:25.654
上海国际能源交易中心,原油2812,sc2812,601.9,722.2,481.5,22.0,22.0,132418.0,,40,,40,,240,100,280.0,-180.0,,2026-03-16 22:35:16.562,2026-03-16 22:35:25.654
上海国际能源交易中心,原油2701,sc2701,646.3,775.5,517.0,22.0,22.0,142186.0,,40,,40,,240,100,280.0,-180.0,,2026-03-16 22:35:16.562,2026-03-16 22:35:25.654
上海国际能源交易中心,原油2702,sc2702,644.3,773.1,515.4,22.0,22.0,141746.0,,40,,40,,240,100,280.0,-180.0,,2026-03-16 22:35:16.562,2026-03-16 22:35:25.654
上海国际能源交易中心,原油2903,sc2903,601.2,721.4,480.9,22.0,22.0,132264.0,,40,,40,,240,100,280.0,-180.0,,2026-03-16 22:35:16.562,2026-03-16 22:35:25.654
上海国际能源交易中心,低硫燃料油2604,lu2604,5551.0,6661.0,4440.0,22.0,22.0,12212.2,0.0001,1/万分之 (5.6元),0.0001,1/万分之 (5.6元),0.0003,3/万分之 (16.7元),10,22.2,-12.2,,2026-03-16 22:35:16.562,2026-03-16 22:35:25.654
上海国际能源交易中心,低硫燃料油2605,lu2605,5636.0,6763.0,4508.0,22.0,22.0,12399.2,0.0001,1/万分之 (5.6元),0.0001,1/万分之 (5.6元),0.0003,3/万分之 (16.9元),10,22.5,-12.5,主力合约,2026-03-16 22:35:16.562,2026-03-16 22:35:25.654
上海国际能源交易中心,低硫燃料油2606,lu2606,5285.0,6342.0,4228.0,22.0,22.0,11627.0,0.0001,1/万分之 (5.3元),0.0001,1/万分之 (5.3元),0.0003,3/万分之 (15.9元),10,21.1,-11.1,,2026-03-16 22:35:16.562,2026-03-16 22:35:25.654
上海国际能源交易中心,低硫燃料油2607,lu2607,4874.0,5848.0,3899.0,22.0,22.0,10722.8,0.0001,1/万分之 (4.9元),0.0001,1/万分之 (4.9元),0.0003,3/万分之 (14.6元),10,19.5,-9.5,,2026-03-16 22:35:16.562,2026-03-16 22:35:25.654
上海国际能源交易中心,低硫燃料油2608,lu2608,4602.0,5522.0,3681.0,22.0,22.0,10124.4,0.0001,1/万分之 (4.6元),0.0001,1/万分之 (4.6元),0.0003,3/万分之 (13.8元),10,18.4,-8.4,,2026-03-16 22:35:16.562,2026-03-16 22:35:25.654
上海国际能源交易中心,低硫燃料油2609,lu2609,4549.0,5458.0,3639.0,22.0,22.0,10007.8,0.0001,1/万分之 (4.5元),0.0001,1/万分之 (4.5元),0.0003,3/万分之 (13.6元),10,18.2,-8.2,,2026-03-16 22:35:16.562,2026-03-16 22:35:25.654
上海国际能源交易中心,低硫燃料油2610,lu2610,4463.0,5355.0,3570.0,22.0,22.0,9818.6,0.0001,1/万分之 (4.5元),0.0001,1/万分之 (4.5元),0.0003,3/万分之 (13.4元),10,17.9,-7.9,,2026-03-16 22:35:16.562,2026-03-16 22:35:25.654
上海国际能源交易中心,低硫燃料油2611,lu2611,4371.0,5245.0,3496.0,22.0,22.0,9616.2,0.0001,1/万分之 (4.4元),0.0001,1/万分之 (4.4元),0.0003,3/万分之 (13.1元),10,17.5,-7.5,,2026-03-16 22:35:16.562,2026-03-16 22:35:25.654
上海国际能源交易中心,低硫燃料油2612,lu2612,4310.0,5172.0,3448.0,22.0,22.0,9482.0,0.0001,1/万分之 (4.3元),0.0001,1/万分之 (4.3元),0.0003,3/万分之 (12.9元),10,17.2,-7.2,,2026-03-16 22:35:16.562,2026-03-16 22:35:25.654
上海国际能源交易中心,低硫燃料油2701,lu2701,4281.0,5137.0,3424.0,22.0,22.0,9418.2,0.0001,1/万分之 (4.3元),0.0001,1/万分之 (4.3元),0.0003,3/万分之 (12.8元),10,17.1,-7.1,,2026-03-16 22:35:16.562,2026-03-16 22:35:25.654
上海国际能源交易中心,低硫燃料油2702,lu2702,4388.0,5265.0,3510.0,22.0,22.0,9653.6,0.0001,1/万分之 (4.4元),0.0001,1/万分之 (4.4元),0.0003,3/万分之 (13.2元),10,17.6,-7.6,,2026-03-16 22:35:16.562,2026-03-16 22:35:25.654
上海国际能源交易中心,低硫燃料油2703,lu2703,4259.0,5110.0,3407.0,22.0,22.0,9369.8,0.0001,1/万分之 (4.3元),0.0001,1/万分之 (4.3元),0.0003,3/万分之 (12.8元),10,17.0,-7.0,,2026-03-16 22:35:16.562,2026-03-16 22:35:25.654
上海国际能源交易中心,20号胶2603,nr2603,13480.0,14690.0,12265.0,20.0,20.0,26960.0,2e-05,0.2/万分之 (2.7元),2e-05,0.2/万分之 (2.7元),0.0,0/万分之 (0元),50,2.7,47.3,,2026-03-16 22:35:16.562,2026-03-16 22:35:25.654
上海国际能源交易中心,20号胶2604,nr2604,13315.0,14510.0,12115.0,11.0,11.0,14646.5,2e-05,0.2/万分之 (2.7元),2e-05,0.2/万分之 (2.7元),0.0,0/万分之 (0元),50,2.7,47.3,,2026-03-16 22:35:16.562,2026-03-16 22:35:25.654
上海国际能源交易中心,20号胶2605,nr2605,13430.0,14635.0,12220.0,11.0,11.0,14773.0,2e-05,0.2/万分之 (2.7元),2e-05,0.2/万分之 (2.7元),0.0,0/万分之 (0元),50,2.7,47.3,主力合约,2026-03-16 22:35:16.562,2026-03-16 22:35:25.654
上海国际能源交易中心,20号胶2606,nr2606,13540.0,14755.0,12320.0,11.0,11.0,14894.0,2e-05,0.2/万分之 (2.7元),2e-05,0.2/万分之 (2.7元),0.0,0/万分之 (0元),50,2.7,47.3,,2026-03-16 22:35:16.562,2026-03-16 22:35:25.654
上海国际能源交易中心,20号胶2607,nr2607,13650.0,14875.0,12420.0,11.0,11.0,15015.0,2e-05,0.2/万分之 (2.7元),2e-05,0.2/万分之 (2.7元),0.0,0/万分之 (0元),50,2.7,47.3,,2026-03-16 22:35:16.562,2026-03-16 22:35:25.654
上海国际能源交易中心,20号胶2608,nr2608,13640.0,14865.0,12410.0,11.0,11.0,15004.0,2e-05,0.2/万分之 (2.7元),2e-05,0.2/万分之 (2.7元),0.0,0/万分之 (0元),50,2.7,47.3,,2026-03-16 22:35:16.562,2026-03-16 22:35:25.654
上海国际能源交易中心,20号胶2609,nr2609,13815.0,15055.0,12570.0,11.0,11.0,15196.5,2e-05,0.2/万分之 (2.8元),2e-05,0.2/万分之 (2.8元),0.0,0/万分之 (0元),50,2.8,47.2,,2026-03-16 22:35:16.562,2026-03-16 22:35:25.654
上海国际能源交易中心,20号胶2610,nr2610,13790.0,15030.0,12545.0,11.0,11.0,15169.0,2e-05,0.2/万分之 (2.8元),2e-05,0.2/万分之 (2.8元),0.0,0/万分之 (0元),50,2.8,47.2,,2026-03-16 22:35:16.562,2026-03-16 22:35:25.654
上海国际能源交易中心,20号胶2611,nr2611,13905.0,15155.0,12650.0,11.0,11.0,15295.5,2e-05,0.2/万分之 (2.8元),2e-05,0.2/万分之 (2.8元),0.0,0/万分之 (0元),50,2.8,47.2,,2026-03-16 22:35:16.562,2026-03-16 22:35:25.654
上海国际能源交易中心,20号胶2612,nr2612,13885.0,15130.0,12635.0,11.0,11.0,15273.5,2e-05,0.2/万分之 (2.8元),2e-05,0.2/万分之 (2.8元),0.0,0/万分之 (0元),50,2.8,47.2,,2026-03-16 22:35:16.562,2026-03-16 22:35:25.654
上海国际能源交易中心,20号胶2701,nr2701,14000.0,15260.0,12740.0,11.0,11.0,15400.0,2e-05,0.2/万分之 (2.8元),2e-05,0.2/万分之 (2.8元),0.0,0/万分之 (0元),50,2.8,47.2,,2026-03-16 22:35:16.562,2026-03-16 22:35:25.654
上海国际能源交易中心,20号胶2702,nr2702,14125.0,15395.0,12850.0,11.0,11.0,15537.5,2e-05,0.2/万分之 (2.8元),2e-05,0.2/万分之 (2.8元),0.0,0/万分之 (0元),50,2.8,47.2,,2026-03-16 22:35:16.562,2026-03-16 22:35:25.654
上海国际能源交易中心,集运指数2604,ec2604,2005.4,2406.4,1604.3,22.0,22.0,22059.4,0.0006,6/万分之 (60.2元),0.0006,6/万分之 (60.2元),0.0012,12/万分之 (120.3元),5,180.5,-175.5,主力合约,2026-03-16 22:35:16.562,2026-03-16 22:35:25.654
上海国际能源交易中心,集运指数2606,ec2606,2453.5,2944.2,1962.8,22.0,22.0,26988.5,0.0006,6/万分之 (73.6元),0.0006,6/万分之 (73.6元),0.0012,12/万分之 (147.2元),5,220.8,-215.8,,2026-03-16 22:35:16.562,2026-03-16 22:35:25.654
上海国际能源交易中心,集运指数2608,ec2608,2393.1,2871.7,1914.4,22.0,22.0,26324.1,0.0006,6/万分之 (71.8元),0.0006,6/万分之 (71.8元),0.0012,12/万分之 (143.6元),5,215.4,-210.4,,2026-03-16 22:35:16.562,2026-03-16 22:35:25.654
上海国际能源交易中心,集运指数2610,ec2610,1614.6,1937.5,1291.6,22.0,22.0,17760.6,0.0006,6/万分之 (48.4元),0.0006,6/万分之 (48.4元),0.0012,12/万分之 (96.9元),5,145.3,-140.3,,2026-03-16 22:35:16.562,2026-03-16 22:35:25.654
上海国际能源交易中心,集运指数2612,ec2612,1868.1,2241.7,1494.4,22.0,22.0,20549.1,0.0006,6/万分之 (56元),0.0006,6/万分之 (56元),0.0012,12/万分之 (112.1元),5,168.1,-163.1,,2026-03-16 22:35:16.562,2026-03-16 22:35:25.654
上海国际能源交易中心,集运指数2605,ec2605,2215.8,2658.9,1772.6,22.0,22.0,24373.8,0.0006,6/万分之 (66.5元),0.0006,6/万分之 (66.5元),0.0012,12/万分之 (132.9元),5,199.4,-194.4,,2026-03-16 22:35:16.562,2026-03-16 22:35:25.654
上海国际能源交易中心,集运指数2609,ec2609,1749.9,2099.8,1399.9,22.0,22.0,19248.9,0.0006,6/万分之 (52.5元),0.0006,6/万分之 (52.5元),0.0012,12/万分之 (105元),5,157.5,-152.5,,2026-03-16 22:35:16.562,2026-03-16 22:35:25.654
上海国际能源交易中心,集运指数2607,ec2607,2537.0,3044.4,2029.6,22.0,22.0,27907.0,0.0006,6/万分之 (76.1元),0.0006,6/万分之 (76.1元),0.0012,12/万分之 (152.2元),5,228.3,-223.3,,2026-03-16 22:35:16.562,2026-03-16 22:35:25.654
上海国际能源交易中心,国际铜2603,bc2603,90500.0,99550.0,81450.0,20.0,20.0,90500.0,1e-05,0.1/万分之 (4.5元),1e-05,0.1/万分之 (4.5元),0.0,0/万分之 (0元),50,4.5,45.5,,2026-03-16 22:35:16.562,2026-03-16 22:35:25.654
上海国际能源交易中心,国际铜2604,bc2604,88110.0,96920.0,79290.0,12.0,12.0,52866.0,1e-05,0.1/万分之 (4.4元),1e-05,0.1/万分之 (4.4元),0.0,0/万分之 (0元),50,4.4,45.6,主力合约,2026-03-16 22:35:16.562,2026-03-16 22:35:25.654
上海国际能源交易中心,国际铜2605,bc2605,88060.0,96860.0,79250.0,12.0,12.0,52836.0,1e-05,0.1/万分之 (4.4元),1e-05,0.1/万分之 (4.4元),0.0,0/万分之 (0元),50,4.4,45.6,,2026-03-16 22:35:16.562,2026-03-16 22:35:25.654
上海国际能源交易中心,国际铜2606,bc2606,88470.0,97310.0,79620.0,12.0,12.0,53082.0,1e-05,0.1/万分之 (4.4元),1e-05,0.1/万分之 (4.4元),0.0,0/万分之 (0元),50,4.4,45.6,,2026-03-16 22:35:16.562,2026-03-16 22:35:25.654
上海国际能源交易中心,国际铜2607,bc2607,89530.0,98480.0,80570.0,12.0,12.0,53718.0,1e-05,0.1/万分之 (4.5元),1e-05,0.1/万分之 (4.5元),0.0,0/万分之 (0元),50,4.5,45.5,,2026-03-16 22:35:16.562,2026-03-16 22:35:25.654
上海国际能源交易中心,国际铜2608,bc2608,89330.0,98260.0,80390.0,12.0,12.0,53598.0,1e-05,0.1/万分之 (4.5元),1e-05,0.1/万分之 (4.5元),0.0,0/万分之 (0元),50,4.5,45.5,,2026-03-16 22:35:16.562,2026-03-16 22:35:25.654
上海国际能源交易中心,国际铜2609,bc2609,88660.0,97520.0,79790.0,12.0,12.0,53196.0,1e-05,0.1/万分之 (4.4元),1e-05,0.1/万分之 (4.4元),0.0,0/万分之 (0元),50,4.4,45.6,,2026-03-16 22:35:16.562,2026-03-16 22:35:25.654
上海国际能源交易中心,国际铜2610,bc2610,90140.0,99150.0,81120.0,12.0,12.0,54084.0,1e-05,0.1/万分之 (4.5元),1e-05,0.1/万分之 (4.5元),0.0,0/万分之 (0元),50,4.5,45.5,,2026-03-16 22:35:16.562,2026-03-16 22:35:25.654
上海国际能源交易中心,国际铜2611,bc2611,90350.0,99380.0,81310.0,12.0,12.0,54210.0,1e-05,0.1/万分之 (4.5元),1e-05,0.1/万分之 (4.5元),0.0,0/万分之 (0元),50,4.5,45.5,,2026-03-16 22:35:16.562,2026-03-16 22:35:25.654
上海国际能源交易中心,国际铜2612,bc2612,90160.0,99170.0,81140.0,12.0,12.0,54096.0,1e-05,0.1/万分之 (4.5元),1e-05,0.1/万分之 (4.5元),0.0,0/万分之 (0元),50,4.5,45.5,,2026-03-16 22:35:16.562,2026-03-16 22:35:25.654
上海国际能源交易中心,国际铜2701,bc2701,90560.0,99610.0,81500.0,12.0,12.0,54336.0,1e-05,0.1/万分之 (4.5元),1e-05,0.1/万分之 (4.5元),0.0,0/万分之 (0元),50,4.5,45.5,,2026-03-16 22:35:16.562,2026-03-16 22:35:25.654
广州期货交易所,碳酸锂2604,lc2604,155280.0,175460.0,135100.0,15.0,15.0,23292.0,0.00032,3.2/万分之 (49.7元),0.00032,3.2/万分之 (49.7元),0.00032,3.2/万分之 (49.7元),20,99.4,-79.4,,2026-03-16 22:35:16.562,2026-03-16 22:35:25.654
广州期货交易所,碳酸锂2605,lc2605,156880.0,177260.0,136500.0,15.0,15.0,23532.0,0.00032,3.2/万分之 (50.2元),0.00032,3.2/万分之 (50.2元),0.00032,3.2/万分之 (50.2元),20,100.4,-80.4,主力合约,2026-03-16 22:35:16.562,2026-03-16 22:35:25.654
广州期货交易所,碳酸锂2606,lc2606,155020.0,175160.0,134880.0,15.0,15.0,23253.0,0.00032,3.2/万分之 (49.6元),0.00032,3.2/万分之 (49.6元),0.00032,3.2/万分之 (49.6元),20,99.2,-79.2,,2026-03-16 22:35:16.562,2026-03-16 22:35:25.654
广州期货交易所,碳酸锂2607,lc2607,155840.0,176080.0,135600.0,15.0,15.0,23376.0,0.00032,3.2/万分之 (49.9元),0.00032,3.2/万分之 (49.9元),0.00032,3.2/万分之 (49.9元),20,99.7,-79.7,,2026-03-16 22:35:16.562,2026-03-16 22:35:25.654
广州期货交易所,碳酸锂2608,lc2608,155780.0,176020.0,135540.0,15.0,15.0,23367.0,0.00032,3.2/万分之 (49.8元),0.00032,3.2/万分之 (49.8元),0.00032,3.2/万分之 (49.8元),20,99.7,-79.7,,2026-03-16 22:35:16.562,2026-03-16 22:35:25.654
广州期货交易所,碳酸锂2609,lc2609,156460.0,176780.0,136140.0,15.0,15.0,23469.0,0.00032,3.2/万分之 (50.1元),0.00032,3.2/万分之 (50.1元),0.00032,3.2/万分之 (50.1元),20,100.1,-80.1,,2026-03-16 22:35:16.562,2026-03-16 22:35:25.654
广州期货交易所,碳酸锂2610,lc2610,154480.0,174560.0,134400.0,15.0,15.0,23172.0,0.00032,3.2/万分之 (49.4元),0.00032,3.2/万分之 (49.4元),0.00032,3.2/万分之 (49.4元),20,98.9,-78.9,,2026-03-16 22:35:16.562,2026-03-16 22:35:25.654
广州期货交易所,碳酸锂2611,lc2611,156120.0,176400.0,135840.0,15.0,15.0,23418.0,0.00032,3.2/万分之 (50元),0.00032,3.2/万分之 (50元),0.00032,3.2/万分之 (50元),20,99.9,-79.9,,2026-03-16 22:35:16.562,2026-03-16 22:35:25.654
广州期货交易所,碳酸锂2612,lc2612,153800.0,173780.0,133820.0,15.0,15.0,23070.0,0.00032,3.2/万分之 (49.2元),0.00032,3.2/万分之 (49.2元),0.00032,3.2/万分之 (49.2元),20,98.4,-78.4,,2026-03-16 22:35:16.562,2026-03-16 22:35:25.654
广州期货交易所,碳酸锂2701,lc2701,154920.0,175040.0,134800.0,15.0,15.0,23238.0,0.00032,3.2/万分之 (49.6元),0.00032,3.2/万分之 (49.6元),0.00032,3.2/万分之 (49.6元),20,99.1,-79.1,,2026-03-16 22:35:16.562,2026-03-16 22:35:25.654
广州期货交易所,碳酸锂2702,lc2702,152800.0,172660.0,132940.0,15.0,15.0,22920.0,0.00032,3.2/万分之 (48.9元),0.00032,3.2/万分之 (48.9元),0.00032,3.2/万分之 (48.9元),20,97.8,-77.8,,2026-03-16 22:35:16.562,2026-03-16 22:35:25.654
广州期货交易所,多晶硅2604,ps2604,43125.0,47005.0,39245.0,15.0,15.0,19406.25,0.0005,5/万分之 (64.7元),0.0005,5/万分之 (64.7元),0.0005,5/万分之 (64.7元),15,129.4,-114.4,,2026-03-16 22:35:16.562,2026-03-16 22:35:25.654
广州期货交易所,多晶硅2605,ps2605,43455.0,47365.0,39545.0,15.0,15.0,19554.75,0.0005,5/万分之 (65.2元),0.0005,5/万分之 (65.2元),0.0005,5/万分之 (65.2元),15,130.4,-115.4,主力合约,2026-03-16 22:35:16.562,2026-03-16 22:35:25.654
广州期货交易所,多晶硅2606,ps2606,44635.0,48650.0,40620.0,15.0,15.0,20085.75,0.0005,5/万分之 (67元),0.0005,5/万分之 (67元),0.0005,5/万分之 (67元),15,133.9,-118.9,,2026-03-16 22:35:16.562,2026-03-16 22:35:25.654
广州期货交易所,多晶硅2607,ps2607,44330.0,48315.0,40345.0,15.0,15.0,19948.5,0.0005,5/万分之 (66.5元),0.0005,5/万分之 (66.5元),0.0005,5/万分之 (66.5元),15,133.0,-118.0,,2026-03-16 22:35:16.562,2026-03-16 22:35:25.654
广州期货交易所,多晶硅2608,ps2608,43785.0,47725.0,39845.0,15.0,15.0,19703.25,0.0005,5/万分之 (65.7元),0.0005,5/万分之 (65.7元),0.0005,5/万分之 (65.7元),15,131.4,-116.4,,2026-03-16 22:35:16.562,2026-03-16 22:35:25.654
广州期货交易所,多晶硅2609,ps2609,44250.0,48230.0,40270.0,15.0,15.0,19912.5,0.0005,5/万分之 (66.4元),0.0005,5/万分之 (66.4元),0.0005,5/万分之 (66.4元),15,132.8,-117.8,,2026-03-16 22:35:16.562,2026-03-16 22:35:25.654
广州期货交易所,多晶硅2610,ps2610,42250.0,46050.0,38450.0,15.0,15.0,19012.5,0.0005,5/万分之 (63.4元),0.0005,5/万分之 (63.4元),0.0005,5/万分之 (63.4元),15,126.8,-111.8,,2026-03-16 22:35:16.562,2026-03-16 22:35:25.654
广州期货交易所,多晶硅2611,ps2611,44190.0,48165.0,40215.0,15.0,15.0,19885.5,0.0005,5/万分之 (66.3元),0.0005,5/万分之 (66.3元),0.0005,5/万分之 (66.3元),15,132.6,-117.6,,2026-03-16 22:35:16.562,2026-03-16 22:35:25.654
广州期货交易所,多晶硅2612,ps2612,43510.0,47425.0,39595.0,15.0,15.0,19579.5,0.0005,5/万分之 (65.3元),0.0005,5/万分之 (65.3元),0.0005,5/万分之 (65.3元),15,130.5,-115.5,,2026-03-16 22:35:16.562,2026-03-16 22:35:25.654
广州期货交易所,多晶硅2701,ps2701,43780.0,47720.0,39840.0,15.0,15.0,19701.0,0.0005,5/万分之 (65.7元),0.0005,5/万分之 (65.7元),0.0005,5/万分之 (65.7元),15,131.3,-116.3,,2026-03-16 22:35:16.562,2026-03-16 22:35:25.654
广州期货交易所,多晶硅2702,ps2702,40770.0,44435.0,37105.0,15.0,15.0,18346.5,0.0005,5/万分之 (61.2元),0.0005,5/万分之 (61.2元),0.0005,5/万分之 (61.2元),15,122.3,-107.3,,2026-03-16 22:35:16.562,2026-03-16 22:35:25.654
广州期货交易所,工业硅2604,si2604,8670.0,9360.0,7980.0,10.0,10.0,4335.0,0.0001,1/万分之 (4.3元),0.0001,1/万分之 (4.3元),0.0,0/万分之 (0元),25,4.3,20.7,,2026-03-16 22:35:16.562,2026-03-16 22:35:25.654
广州期货交易所,工业硅2605,si2605,8705.0,9400.0,8010.0,10.0,10.0,4352.5,0.0001,1/万分之 (4.4元),0.0001,1/万分之 (4.4元),0.0,0/万分之 (0元),25,4.4,20.6,主力合约,2026-03-16 22:35:16.562,2026-03-16 22:35:25.654
广州期货交易所,工业硅2606,si2606,8730.0,9425.0,8035.0,10.0,10.0,4365.0,0.0001,1/万分之 (4.4元),0.0001,1/万分之 (4.4元),0.0,0/万分之 (0元),25,4.4,20.6,,2026-03-16 22:35:16.562,2026-03-16 22:35:25.654
广州期货交易所,工业硅2607,si2607,8735.0,9430.0,8040.0,10.0,10.0,4367.5,0.0001,1/万分之 (4.4元),0.0001,1/万分之 (4.4元),0.0,0/万分之 (0元),25,4.4,20.6,,2026-03-16 22:35:16.562,2026-03-16 22:35:25.654
广州期货交易所,工业硅2608,si2608,8765.0,9465.0,8065.0,10.0,10.0,4382.5,0.0001,1/万分之 (4.4元),0.0001,1/万分之 (4.4元),0.0,0/万分之 (0元),25,4.4,20.6,,2026-03-16 22:35:16.562,2026-03-16 22:35:25.654
广州期货交易所,工业硅2609,si2609,8770.0,9470.0,8070.0,10.0,10.0,4385.0,0.0001,1/万分之 (4.4元),0.0001,1/万分之 (4.4元),0.0,0/万分之 (0元),25,4.4,20.6,,2026-03-16 22:35:16.562,2026-03-16 22:35:25.654
广州期货交易所,工业硅2610,si2610,8775.0,9475.0,8075.0,10.0,10.0,4387.5,0.0001,1/万分之 (4.4元),0.0001,1/万分之 (4.4元),0.0,0/万分之 (0元),25,4.4,20.6,,2026-03-16 22:35:16.562,2026-03-16 22:35:25.654
广州期货交易所,工业硅2611,si2611,8815.0,9520.0,8110.0,10.0,10.0,4407.5,0.0001,1/万分之 (4.4元),0.0001,1/万分之 (4.4元),0.0,0/万分之 (0元),25,4.4,20.6,,2026-03-16 22:35:16.562,2026-03-16 22:35:25.654
广州期货交易所,工业硅2612,si2612,9135.0,9865.0,8405.0,10.0,10.0,4567.5,0.0001,1/万分之 (4.6元),0.0001,1/万分之 (4.6元),0.0,0/万分之 (0元),25,4.6,20.4,,2026-03-16 22:35:16.562,2026-03-16 22:35:25.654
广州期货交易所,工业硅2701,si2701,9150.0,9880.0,8420.0,10.0,10.0,4575.0,0.0001,1/万分之 (4.6元),0.0001,1/万分之 (4.6元),0.0,0/万分之 (0元),25,4.6,20.4,,2026-03-16 22:35:16.562,2026-03-16 22:35:25.654
广州期货交易所,工业硅2702,si2702,9150.0,9880.0,8420.0,10.0,10.0,4575.0,0.0001,1/万分之 (4.6元),0.0001,1/万分之 (4.6元),0.0,0/万分之 (0元),25,4.6,20.4,,2026-03-16 22:35:16.562,2026-03-16 22:35:25.654
广州期货交易所,钯2606,pd2606,416.15,499.35,332.95,22.0,22.0,91553.0,0.00025,2.5/万分之 (104元),0.00025,2.5/万分之 (104元),0.00025,2.5/万分之 (104元),50,208.1,-158.1,主力合约,2026-03-16 22:35:16.562,2026-03-16 22:35:25.654
广州期货交易所,钯2608,pd2608,412.1,494.5,329.7,22.0,22.0,90662.0,0.0001,1/万分之 (41.2元),0.0001,1/万分之 (41.2元),0.0,0/万分之 (0元),50,41.2,8.8,,2026-03-16 22:35:16.562,2026-03-16 22:35:25.654
广州期货交易所,钯2610,pd2610,413.25,495.9,330.6,22.0,22.0,90915.0,0.0001,1/万分之 (41.3元),0.0001,1/万分之 (41.3元),0.0,0/万分之 (0元),50,41.3,8.7,,2026-03-16 22:35:16.562,2026-03-16 22:35:25.654
广州期货交易所,钯2612,pd2612,414.65,497.55,331.75,22.0,22.0,91223.0,0.0001,1/万分之 (41.5元),0.0001,1/万分之 (41.5元),0.0,0/万分之 (0元),50,41.5,8.5,,2026-03-16 22:35:16.562,2026-03-16 22:35:25.654
广州期货交易所,钯2702,pd2702,409.6,491.5,327.7,22.0,22.0,90112.0,0.0001,1/万分之 (41元),0.0001,1/万分之 (41元),0.0,0/万分之 (0元),50,41.0,9.0,,2026-03-16 22:35:16.562,2026-03-16 22:35:25.654
广州期货交易所,铂2606,pt2606,552.05,662.45,441.65,22.0,22.0,121451.0,0.00025,2.5/万分之 (138元),0.00025,2.5/万分之 (138元),0.00025,2.5/万分之 (138元),50,276.0,-226.0,主力合约,2026-03-16 22:35:16.562,2026-03-16 22:35:25.654
广州期货交易所,铂2608,pt2608,550.55,660.65,440.45,22.0,22.0,121121.0,0.0001,1/万分之 (55.1元),0.0001,1/万分之 (55.1元),0.0,0/万分之 (0元),50,55.1,-5.1,,2026-03-16 22:35:16.562,2026-03-16 22:35:25.654
广州期货交易所,铂2610,pt2610,550.7,660.8,440.6,22.0,22.0,121154.0,0.0001,1/万分之 (55.1元),0.0001,1/万分之 (55.1元),0.0,0/万分之 (0元),50,55.1,-5.1,,2026-03-16 22:35:16.562,2026-03-16 22:35:25.654
广州期货交易所,铂2612,pt2612,552.55,663.05,442.05,22.0,22.0,121561.0,0.0001,1/万分之 (55.3元),0.0001,1/万分之 (55.3元),0.0,0/万分之 (0元),50,55.3,-5.3,,2026-03-16 22:35:16.562,2026-03-16 22:35:25.654
广州期货交易所,铂2702,pt2702,544.6,653.5,435.7,22.0,22.0,119812.0,0.0001,1/万分之 (54.5元),0.0001,1/万分之 (54.5元),0.0,0/万分之 (0元),50,54.5,-4.5,,2026-03-16 22:35:16.562,2026-03-16 22:35:25.654
中国金融期货交易所,2年期国债2606,TS2606,102.47,102.982,101.958,0.5,0.5,10247.0,,3,,3,,0,40,3.0,37.0,主力合约,2026-03-16 22:35:16.562,2026-03-16 22:35:25.654
中国金融期货交易所,2年期国债2609,TS2609,102.49,103.002,101.978,0.5,0.5,10249.0,,3,,3,,0,40,3.0,37.0,,2026-03-16 22:35:16.562,2026-03-16 22:35:25.654
中国金融期货交易所,2年期国债2612,TS2612,102.49,103.514,101.466,0.5,0.5,10249.0,,3,,3,,0,40,3.0,37.0,,2026-03-16 22:35:16.562,2026-03-16 22:35:25.654
中国金融期货交易所,5年期国债2606,TF2606,105.965,107.235,104.695,1.2,1.2,12715.8,,3,,3,,0,50,3.0,47.0,主力合约,2026-03-16 22:35:16.562,2026-03-16 22:35:25.654
中国金融期货交易所,5年期国债2609,TF2609,105.795,107.06,104.53,1.2,1.2,12695.4,,3,,3,,0,50,3.0,47.0,,2026-03-16 22:35:16.562,2026-03-16 22:35:25.654
中国金融期货交易所,5年期国债2612,TF2612,105.795,108.33,103.26,1.2,1.2,12695.4,,3,,3,,0,50,3.0,47.0,,2026-03-16 22:35:16.562,2026-03-16 22:35:25.654
中国金融期货交易所,10年国债2606,T2606,108.2349,110.395,106.075,2.0,2.0,21646.98,,3,,3,,0,50,3.0,47.0,主力合约,2026-03-16 22:35:16.562,2026-03-16 22:35:25.654
中国金融期货交易所,10年国债2609,T2609,108.21,110.37,106.05,2.0,2.0,21642.0,,3,,3,,0,50,3.0,47.0,,2026-03-16 22:35:16.562,2026-03-16 22:35:25.654
中国金融期货交易所,10年国债2612,T2612,108.21,112.535,103.885,2.0,2.0,21642.0,,3,,3,,0,50,3.0,47.0,,2026-03-16 22:35:16.562,2026-03-16 22:35:25.654
中国金融期货交易所,30年期国债2606,TL2606,111.1099,114.99,107.23,3.5,3.5,38888.465,,3,,3,,0,100,3.0,97.0,主力合约,2026-03-16 22:35:16.562,2026-03-16 22:35:25.654
中国金融期货交易所,30年期国债2609,TL2609,110.83,114.7,106.96,3.5,3.5,38790.5,,3,,3,,0,100,3.0,97.0,,2026-03-16 22:35:16.562,2026-03-16 22:35:25.654
中国金融期货交易所,30年期国债2612,TL2612,110.83,118.58,103.08,3.5,3.5,38790.5,,3,,3,,0,100,3.0,97.0,,2026-03-16 22:35:16.562,2026-03-16 22:35:25.654
中国金融期货交易所,沪深300指数2603,IF2603,4659.8,5125.6,4194.0,12.0,12.0,167752.8,2.3e-05,0.23/万分之 (32.2元),2.3e-05,0.23/万分之 (32.2元),0.00022999999999999998,2.3/万分之 (321.5元),60,353.7,-293.7,主力合约,2026-03-16 22:35:16.562,2026-03-16 22:35:25.654
中国金融期货交易所,沪深300指数2606,IF2606,4587.4,5046.0,4128.8,12.0,12.0,165146.4,2.3e-05,0.23/万分之 (31.7元),2.3e-05,0.23/万分之 (31.7元),0.00022999999999999998,2.3/万分之 (316.5元),60,348.2,-288.2,,2026-03-16 22:35:16.562,2026-03-16 22:35:25.654
中国金融期货交易所,沪深300指数2609,IF2609,4512.6,4963.8,4061.4,12.0,12.0,162453.6,2.3e-05,0.23/万分之 (31.1元),2.3e-05,0.23/万分之 (31.1元),0.00022999999999999998,2.3/万分之 (311.4元),60,342.5,-282.5,,2026-03-16 22:35:16.562,2026-03-16 22:35:25.654
中国金融期货交易所,沪深300指数2604,IF2604,4641.2,5105.2,4177.2,12.0,12.0,167083.2,2.3e-05,0.23/万分之 (32元),2.3e-05,0.23/万分之 (32元),0.00022999999999999998,2.3/万分之 (320.2元),60,352.3,-292.3,,2026-03-16 22:35:16.562,2026-03-16 22:35:25.654
中国金融期货交易所,中证500股指2603,IC2603,8229.8,9052.6,7407.0,12.0,12.0,197515.2,2.3e-05,0.23/万分之 (37.9元),2.3e-05,0.23/万分之 (37.9元),0.00022999999999999998,2.3/万分之 (378.6元),40,416.4,-376.4,主力合约,2026-03-16 22:35:16.562,2026-03-16 22:35:25.654
中国金融期货交易所,中证500股指2606,IC2606,8048.4,8853.2,7243.6,12.0,12.0,193161.6,2.3e-05,0.23/万分之 (37元),2.3e-05,0.23/万分之 (37元),0.00022999999999999998,2.3/万分之 (370.2元),40,407.2,-367.2,,2026-03-16 22:35:16.562,2026-03-16 22:35:25.654
中国金融期货交易所,中证500股指2609,IC2609,7882.0,8670.2,7093.8,12.0,12.0,189168.0,2.3e-05,0.23/万分之 (36.3元),2.3e-05,0.23/万分之 (36.3元),0.00022999999999999998,2.3/万分之 (362.6元),40,398.8,-358.8,,2026-03-16 22:35:16.562,2026-03-16 22:35:25.654
中国金融期货交易所,中证500股指2604,IC2604,8182.6,9000.8,7364.4,12.0,12.0,196382.4,2.3e-05,0.23/万分之 (37.6元),2.3e-05,0.23/万分之 (37.6元),0.00022999999999999998,2.3/万分之 (376.4元),40,414.0,-374.0,,2026-03-16 22:35:16.562,2026-03-16 22:35:25.654
中国金融期货交易所,上证50指数2603,IH2603,2959.6,3255.4,2663.8,12.0,12.0,106545.6,2.3e-05,0.23/万分之 (20.4元),2.3e-05,0.23/万分之 (20.4元),0.00022999999999999998,2.3/万分之 (204.2元),60,224.6,-164.6,主力合约,2026-03-16 22:35:16.562,2026-03-16 22:35:25.654
中国金融期货交易所,上证50指数2606,IH2606,2948.2,3243.0,2653.4,12.0,12.0,106135.2,2.3e-05,0.23/万分之 (20.3元),2.3e-05,0.23/万分之 (20.3元),0.00022999999999999998,2.3/万分之 (203.4元),60,223.8,-163.8,,2026-03-16 22:35:16.562,2026-03-16 22:35:25.654
中国金融期货交易所,上证50指数2609,IH2609,2909.2,3200.0,2618.4,12.0,12.0,104731.2,2.3e-05,0.23/万分之 (20.1元),2.3e-05,0.23/万分之 (20.1元),0.00022999999999999998,2.3/万分之 (200.7元),60,220.8,-160.8,,2026-03-16 22:35:16.562,2026-03-16 22:35:25.654
中国金融期货交易所,上证50指数2604,IH2604,2960.0,3256.0,2664.0,12.0,12.0,106560.0,2.3e-05,0.23/万分之 (20.4元),2.3e-05,0.23/万分之 (20.4元),0.00022999999999999998,2.3/万分之 (204.2元),60,224.7,-164.7,,2026-03-16 22:35:16.562,2026-03-16 22:35:25.654
中国金融期货交易所,中证1000股指2603,IM2603,8204.0,9024.4,7383.6,12.0,12.0,196896.0,2.3e-05,0.23/万分之 (37.7元),2.3e-05,0.23/万分之 (37.7元),0.00022999999999999998,2.3/万分之 (377.4元),40,415.1,-375.1,主力合约,2026-03-16 22:35:16.562,2026-03-16 22:35:25.654
中国金融期货交易所,中证1000股指2606,IM2606,7966.8,8763.4,7170.2,12.0,12.0,191203.2,2.3e-05,0.23/万分之 (36.6元),2.3e-05,0.23/万分之 (36.6元),0.00022999999999999998,2.3/万分之 (366.5元),40,403.1,-363.1,,2026-03-16 22:35:16.562,2026-03-16 22:35:25.654
中国金融期货交易所,中证1000股指2609,IM2609,7761.0,8537.0,6985.0,12.0,12.0,186264.0,2.3e-05,0.23/万分之 (35.7元),2.3e-05,0.23/万分之 (35.7元),0.00022999999999999998,2.3/万分之 (357元),40,392.7,-352.7,,2026-03-16 22:35:16.562,2026-03-16 22:35:25.654
中国金融期货交易所,中证1000股指2604,IM2604,8137.2,8950.8,7323.6,12.0,12.0,195292.8,2.3e-05,0.23/万分之 (37.4元),2.3e-05,0.23/万分之 (37.4元),0.00022999999999999998,2.3/万分之 (374.3元),40,411.7,-371.7,,2026-03-16 22:35:16.562,2026-03-16 22:35:25.654
