tree
version=v4
num_class=1
num_tree_per_iteration=1
label_index=0
max_feature_idx=14
objective=huber
feature_names=midprice strike days_to_expire S log_moneyness iv log_moneyness_x_sqrt_dte sqrt_dte inv_dte otm_depth iv_x_sqrt_dte is_atm ticker_cat type_cat dte_bucket
feature_infos=[-0.40000000000000002:3412.1999999999998] [2250:9600] [4:196] [2832.5999999999999:8313.6000000000004] [-0.26787944515560119:0.52865752293750778] [0.081840200699210303:1.6904135308740513] [-0.18915971564900722:0.23331018761316802] [0.10468478451804274:0.73279349162629914] [1.8622414300095818:91.241674197229514] [0.00017392816810519782:0.52865752293750778] [0.016474363418306319:0.23414398990075502] [0:1] -1:2:1:0 -1:1:0 [0:3]
tree_sizes=1060 1098 1095 1096 1181 1011 1100 1047 929 1034 1010 1014 847 946 929 931 929 1031 849 791 1292 1207 933 1129 934 857 1102 1105 1135 1106 1275 1199 1203 1047 1471 1404 851 1489 1294 1285 1279 1396 868 876 953 1032 1194 1381 1029 683 712 1397 1224 1059 1110 1197 1119 924 1037 1211 866 1039 950 968 862 869 948 945 696 784 778 783 1323 694 1313 1113 1104 956 1287 1294 1030 779 858 1213 1034 1120 1032 1205 1046 1048 869 1040 866 784 785 860 1483 1035 1558 976 1415 867 1298 1037 1042 1222 1043 1393 783 700 707 1219 1033 1041 1124 1306 847 1289 952 1119 956 1040 955 945 1041 785 957 951 1138 1141 962 1301 608 1111 1122 950 1240 1309 953 1568 1314 956 955 791 1042 1378 958 870 695 890 1298 1126 878 957 870 613 865 1221 1046 1513 1512 951 1043 955 960 785 879 784 872 868 1043 862 1126 947 1402 959 1048 1217 705 962 1230 1228 952 1129 1147 1144 1216 1128 1224 940 953 783 790 783 1483 1393 1035 1126 1039 1212 1218 1061 1149 1146 1139 877 863 1227 1142 872 983 1243 855 877 874 1050 1050 1046 1046 1131 955 1231 704 963 960 1051 1049 605 1491 1232 1157 950 596 1051 611 614 868 950 1129 1122 1042 948 789 862 1222 1045 787 613 778 1302 1394 1211 1132 879 1050 973 707 959 1316 1046 872 1048 884 801 708 1088 951 1145 517 751 616 792 883 956 1069 799 695 696 970 958 967 962 780 867 1053 789 1137 1128 1135 1135 957 1232 1126 1307 951 872 797 607 870 523 698 960 608 867 1135 968 965 876 612 616 703 431 870 1129 865 1312 1231 892 879 1049 521 885 1141 787 1142 958 1045 1044 1134 1406 879 521 782 855 783 614 694 1141 881 693 959 788 1313 1061 957 1142 784 1070 1389 1124 1219 609 883 784 612 704 878 862 959 1052 1050 965 1064 781 962 961 1055 707 432 788 970 970 1045 689 790 1048 784 604 956 958 955 1494 1213 1485 1318 783 634 1120 1225 1133 864 1218 960 884 1040 1050 704 960 431 1133 878 1124 1047 866 612 785 703 1228 962 1138 873 786 1046 702 791 345

Tree=0
num_leaves=11
num_cat=0
split_feature=0 7 3 9 7 7 3 0 3 5
split_gain=295.504 167.887 40.1208 24.7256 12.1329 8.46624 7.9435 6.42248 5.57938 0.219497
threshold=4.6500000000000012 0.2937616951820457 4635.1195000000016 0.042413285635416749 0.70710611773332965 0.27942115730081862 3698.3000000000006 2.7500000000000004 4663.4000000000005 0.29298293600067171
decision_type=2 2 2 2 2 2 2 2 2 2
left_child=7 3 6 8 -4 -5 -3 9 -2 -1
right_child=1 2 4 5 -6 -7 -8 -9 -10 -11
leaf_value=-3.262494419231039 -3.4552236478795164 -3.3442396172840532 -3.3971131455719314 -3.4341063888325754 -3.3628914131590757 -3.3991171180627946 -3.3661551594445633 -3.2994747136464668 -3.4920934773846888 -3.2537884293279107
leaf_weight=73 163 568 926 464 227 165 597 76 130 211
leaf_count=73 163 568 926 464 227 165 597 76 130 211
internal_value=-3.37921 -3.39188 -3.37283 -3.43976 -3.39038 -3.42493 -3.35547 -3.26519 -3.47159 -3.25602
internal_weight=3600 3240 2318 922 1153 629 1165 360 293 284
internal_count=3600 3240 2318 922 1153 629 1165 360 293 284
is_linear=0
shrinkage=1


Tree=1
num_leaves=11
num_cat=0
split_feature=0 7 3 9 0 0 1 1 7 5
split_gain=277.312 142.572 30.1129 23.4386 13.8595 10.6889 7.26451 7.25945 6.48942 0.352782
threshold=5.6500000000000004 0.2937616951820457 4635.1195000000016 0.042413285635416749 2.7500000000000004 542.60000000000002 4525.0000000000009 3275.0000000000005 0.27942115730081862 0.29298293600067171
decision_type=2 2 2 2 2 2 2 2 2 2
left_child=4 3 7 6 9 -4 -2 -3 -5 -1
right_child=1 2 5 8 -6 -7 -8 -9 -10 -11
leaf_value=0.11421652951964396 -0.055508710428657779 0.034582894428627976 -0.018354229543658989 -0.049553419479748742 0.065900149646023656 0.0085820875783921679 -0.10101692566463862 0.012914029198347702 -0.018614568756655538 0.12512092404330538
leaf_weight=73 89 440 758 453 105 394 202 713 162 211
leaf_count=73 89 440 758 453 105 394 202 713 162 211
internal_value=0.00131772 -0.0114976 0.00602756 -0.0560835 0.107098 -0.00914164 -0.0871025 0.0211835 -0.0414044 0.122325
internal_weight=3600 3211 2305 906 389 1152 291 1153 615 284
internal_count=3600 3211 2305 906 389 1152 291 1153 615 284
is_linear=0
shrinkage=0.132659


Tree=2
num_leaves=11
num_cat=0
split_feature=0 2 9 3 0 3 3 0 0 5
split_gain=258.892 107.677 27.8947 20.3605 19.298 9.533 6.09899 4.84847 4.31374 0.238596
threshold=3.8000000000000007 35.500000000000007 0.028351071419590101 4486.3000000000002 8.9500000000000011 8099.5975000000008 4660.6000000000013 163.35000000000002 2.1500000000000008 0.32847004643868771
decision_type=2 2 2 2 2 2 2 2 2 2
left_child=8 2 6 7 -4 -5 -2 -3 9 -1
right_child=1 3 4 5 -6 -7 -8 -9 -10 -11
leaf_value=0.11599164698456352 -0.063181022893324348 0.038517715764748786 0.026415584078313022 0.0034078625168082141 -0.038756798510801022 -0.027993058401746901 -0.10564650904203088 0.015194873720409743 0.086159916789230448 0.12528434969267987
leaf_weight=72 126 339 89 1334 786 195 113 292 74 180
leaf_count=72 126 339 89 1334 786 195 113 292 74 180
internal_value=0.00162565 -0.00960023 -0.0430996 0.00767694 -0.0321275 -0.000597084 -0.0832646 0.0277256 0.114362 0.122637
internal_weight=3600 3274 1114 2160 875 1529 239 631 326 252
internal_count=3600 3274 1114 2160 875 1529 239 631 326 252
is_linear=0
shrinkage=0.132659


Tree=3
num_leaves=11
num_cat=0
split_feature=0 2 3 9 3 0 0 4 0 10
split_gain=254.662 96.5904 28.5472 18.2191 13.998 9.28101 8.42119 5.49168 5.44637 0.183315
threshold=3.8000000000000007 29.500000000000004 4607.0000000000009 0.06550612596178064 7704.3000000000011 358.55000000000007 535.75000000000011 0.22787069664009865 1.9500000000000004 0.052476130570704153
decision_type=2 2 2 2 2 2 2 2 2 2
left_child=8 3 5 4 -2 -3 -4 -5 9 -1
right_child=1 2 6 7 -6 -7 -8 -9 -10 -11
leaf_value=0.11698937856781763 -0.049811683011844701 0.025673498516325232 -0.016423783168381015 -0.023207356983115407 -0.10342566008972613 -0.0020354042266315202 0.0061714965557812711 -0.061246320791762766 0.0852632590508728 0.12529109845183931
leaf_weight=71 214 906 902 342 143 278 428 83 94 173
leaf_count=71 214 906 902 342 143 278 428 83 94 173
internal_value=0.00276542 -0.00848056 0.00418522 -0.0491982 -0.071291 0.0191676 -0.00915253 -0.0306382 0.112426 0.122883
internal_weight=3634 3296 2514 782 357 1184 1330 425 338 244
internal_count=3634 3296 2514 782 357 1184 1330 425 338 244
is_linear=0
shrinkage=0.132659


Tree=4
num_leaves=12
num_cat=0
split_feature=0 2 9 0 3 3 2 0 4 0 10
split_gain=238.201 87.2794 19.5372 19.4579 15.8148 10.4882 7.28076 6.38965 3.58497 2.47504 0.28044
threshold=6.4500000000000011 31.500000000000004 0.053627970259610531 1.9500000000000004 4635.1195000000016 4595.1000000000013 182.50000000000003 375.80000000000007 0.23558155620260993 3.2500000000000004 0.052476130570704153
decision_type=2 2 2 2 2 2 2 2 2 2 2
left_child=3 2 5 10 7 -2 -6 -3 -4 -5 -1
right_child=1 4 8 9 6 -7 -8 -9 -10 -11 -12
leaf_value=0.11354726304818401 -0.032587937856861988 0.020627568027725304 -0.02426561827805996 0.080958006990375933 -0.011855564574482365 -0.082552274428708661 0.01515710017424129 -0.0029880263839957314 -0.055815794809738847 0.04965861810080284 0.12368129875984572
leaf_weight=71 104 898 481 79 920 256 217 260 73 102 173
leaf_count=71 104 898 481 79 920 256 217 260 73 102 173
internal_value=0.0029671 -0.00939323 -0.0440605 0.0962917 0.00441347 -0.0681202 -0.00669997 0.0153253 -0.0284245 0.0633257 0.12074
internal_weight=3634 3209 914 425 2295 360 1137 1158 554 181 244
internal_count=3634 3209 914 425 2295 360 1137 1158 554 181 244
is_linear=0
shrinkage=0.132659


Tree=5
num_leaves=10
num_cat=0
split_feature=0 2 9 3 0 2 0 0 10
split_gain=217.335 66.9894 19.9942 18.994 10.4539 9.60613 9.2947 5.33538 0.278418
threshold=3.8000000000000007 29.500000000000004 0.018303791810598984 4486.3000000000002 1.5500000000000003 182.50000000000003 12.150000000000002 358.55000000000007 0.059074202949229007
decision_type=2 2 2 2 2 2 2 2 2
left_child=4 2 -2 7 8 -5 -4 -3 -1
right_child=1 3 6 5 -6 -7 -8 -9 -10
leaf_value=0.11535147529995718 -0.093888182721079974 0.02644997599891202 0.011374570890109381 -0.0087937245154398741 0.072753478805018285 0.016378060269162983 -0.03816582399660897 -0.0028951582857750977 0.12535942104360268
leaf_weight=82 109 605 75 1449 119 327 598 133 137
leaf_count=82 109 605 75 1449 119 327 598 133 137
internal_value=0.00311533 -0.00727382 -0.0411831 0.00327412 0.10442 -0.00415895 -0.0326448 0.0211615 0.121621
internal_weight=3634 3296 782 2514 338 1776 673 738 219
internal_count=3634 3296 782 2514 338 1776 673 738 219
is_linear=0
shrinkage=0.132659


Tree=6
num_leaves=11
num_cat=0
split_feature=5 3 9 2 1 9 9 9 5 3
split_gain=57.2684 37.5268 26.9451 26.6533 9.88882 8.7514 7.09545 5.53718 2.26378 2.57875
threshold=0.35401594519462715 4535.0000000000009 0.035841165418163082 49.000000000000007 6950.0000000000009 0.2176392371447381 0.018303791810598984 0.14482273083010044 0.45577310695528428 4660.6000000000013
decision_type=2 2 2 2 2 2 2 2 2 2
left_child=1 6 3 -3 8 -4 -1 -8 -2 -10
right_child=4 2 5 -5 -6 -7 7 -9 9 -11
leaf_value=-0.011734563288971211 0.049979063035981694 -0.062450754963293699 1.392163552395575e-05 0.00050225301317366466 0.01594030005525738 -0.032121122681647761 0.02745070664231514 0.0010261972517635056 0.057576667345734918 0.089309812335791328
leaf_weight=117 100 306 1550 193 92 165 801 169 83 99
leaf_count=117 100 306 1550 193 92 165 801 169 83 99
internal_value=0.0045127 -0.00106153 -0.0109723 -0.038103 0.0537099 -0.00307806 0.0191246 0.0228469 0.0660303 0.0748445
internal_weight=3675 3301 2214 499 374 1715 1087 970 282 182
internal_count=3675 3301 2214 499 374 1715 1087 970 282 182
is_linear=0
shrinkage=0.132659


Tree=7
num_leaves=10
num_cat=1
split_feature=5 3 9 2 13 5 9 9 9
split_gain=49.7677 29.5938 22.7523 22.6922 14.4255 23.4565 6.69405 5.51474 4.50974
threshold=0.35401594519462715 4535.0000000000009 0.035841165418163082 31.500000000000004 0 0.48497032928315997 0.2176392371447381 0.020284627006317477 0.15414403884706651
decision_type=2 2 2 2 1 2 2 2 2
left_child=1 7 3 -3 5 -2 -4 -1 -9
right_child=4 2 6 -5 -6 -7 -8 8 -10
leaf_value=-0.0077932071844503854 0.028668964000441777 -0.072048735027182689 1.2270451634235552e-05 -0.013347211300171634 0.0087565248756838431 0.10737736402567608 -0.028092801299598524 0.024242927439108806 -0.0014731582680307428
leaf_weight=140 139 183 1550 316 107 128 165 806 141
leaf_count=140 139 183 1550 316 107 128 165 806 141
internal_value=0.00405143 -0.00114495 -0.00994607 -0.0348767 0.0499138 0.066406 -0.00269195 0.016781 0.0204141
internal_weight=3675 3301 2214 499 374 267 1715 1087 947
internal_count=3675 3301 2214 499 374 267 1715 1087 947
cat_boundaries=0 1
cat_threshold=2
is_linear=0
shrinkage=0.132659


Tree=8
num_leaves=9
num_cat=0
split_feature=0 2 0 9 3 0 0 9
split_gain=177.129 44.8774 19.9541 12.1015 10.6192 10.0496 8.21299 8.15781
threshold=2.7500000000000004 29.500000000000004 7.7500000000000009 0.064909711420270119 7504.5000000000009 1.1500000000000001 16.050000000000004 0.035841165418163082
decision_type=2 2 2 2 2 2 2 2
left_child=5 2 -2 -4 6 -1 -3 -6
right_child=1 4 3 -5 7 -7 -8 -9
leaf_value=0.12275954848746291 0.024801397286888627 0.034513557883610456 -0.058607670489126851 -0.024116140273878629 -0.033564303381265988 0.071302504149789073 0.0067497687468631318 -0.0014848954368927633
leaf_weight=181 97 217 319 408 169 106 1379 799
leaf_count=181 97 217 319 408 169 106 1379 799
internal_value=0.00369765 -0.00477913 -0.0317111 -0.0392516 0.00387621 0.10376 0.010525 -0.007086
internal_weight=3675 3388 824 727 2564 287 1596 968
internal_count=3675 3388 824 727 2564 287 1596 968
is_linear=0
shrinkage=0.132659


Tree=9
num_leaves=10
num_cat=1
split_feature=0 2 0 9 0 13 1 2 4
split_gain=169.396 39.1565 19.9412 12.8829 11.9437 5.35097 5.79912 3.26007 0.215145
threshold=2.7500000000000004 31.500000000000004 7.3500000000000014 0.018303791810598984 1.1500000000000001 0 7750.0000000000009 92.500000000000014 0.20698029289798239
decision_type=2 2 2 2 2 1 2 2 2
left_child=4 2 -2 -4 8 7 -7 -3 -1
right_child=1 5 3 -5 -6 6 -8 -9 -10
leaf_value=0.12344064583890144 0.023337792283403821 0.0020050178700616612 -0.076165195677064562 -0.028849689187989979 0.064202656909235364 0.0019243163338503204 -0.020477941757209028 0.015998086018757927 0.11410064741095081
leaf_weight=99 116 547 117 753 112 885 264 631 86
leaf_count=99 116 547 117 753 112 885 264 631 86
internal_value=0.00243432 -0.00616988 -0.0283254 -0.0352141 0.0984083 0.00321802 -0.00322315 0.00950057 0.119109
internal_weight=3610 3313 986 870 297 2327 1149 1178 185
internal_count=3610 3313 986 870 297 2327 1149 1178 185
cat_boundaries=0 1
cat_threshold=2
is_linear=0
shrinkage=0.132659


Tree=10
num_leaves=10
num_cat=0
split_feature=0 2 0 9 0 3 0 0 0
split_gain=151.17 30.3786 17.2118 13.6203 11.636 7.56344 5.64399 5.63107 1.46666
threshold=2.3500000000000005 29.500000000000004 14.550000000000002 0.028351071419590101 0.95000000000000007 8099.5975000000008 8.9500000000000011 542.60000000000002 5.9500000000000011
decision_type=2 2 2 2 2 2 2 2 2
left_child=4 2 8 -4 -1 6 -3 -7 -2
right_child=1 5 3 -5 -6 7 -8 -9 -10
leaf_value=0.1189294385446064 0.022844947514868558 0.033696178657321212 -0.073504266703716292 -0.027000142262079186 0.064410751041358599 -0.034205884093933069 0.0028808599856952814 0.0062905604637833248 -0.0026547917443340415
leaf_weight=162 90 110 140 532 120 166 2124 95 71
leaf_count=162 90 110 140 532 120 166 2124 95 71
internal_value=0.00248074 -0.00542164 -0.0273565 -0.03669 0.095735 0.00190183 0.00439841 -0.0194663 0.0116006
internal_weight=3610 3328 833 672 282 2495 2234 261 161
internal_count=3610 3328 833 672 282 2495 2234 261 161
is_linear=0
shrinkage=0.132659


Tree=11
num_leaves=10
num_cat=0
split_feature=0 2 0 0 0 2 0 0 0
split_gain=132.493 24.5966 15.4082 12.6049 9.68564 4.901 6.36689 1.76879 0.47439
threshold=2.3500000000000005 31.500000000000004 7.3500000000000014 0.95000000000000007 535.75000000000011 182.50000000000003 27.950000000000003 170.35000000000002 0.55000000000000016
decision_type=2 2 2 2 2 2 2 2 2
left_child=3 2 -2 8 -4 6 -3 -7 -1
right_child=1 5 4 -5 -6 7 -8 -9 -10
leaf_value=0.12071257802897933 0.020075187821392729 0.015507107980959833 -0.038366634874010673 0.057152666515965622 -0.0084053381487319227 0.023908324522082323 -0.0045788609717427537 0.0079380478214312947 0.10614972450954925
leaf_weight=86 131 343 590 120 280 193 1459 332 76
leaf_count=86 131 343 590 120 280 193 1459 332 76
internal_value=0.00244874 -0.00494937 -0.0223377 0.0897522 -0.0287243 0.00253063 -0.00075551 0.0138096 0.113892
internal_weight=3610 3328 1001 282 870 2327 1802 525 162
internal_count=3610 3328 1001 282 870 2327 1802 525 162
is_linear=0
shrinkage=0.132659


Tree=12
num_leaves=8
num_cat=0
split_feature=0 0 2 1 0 9 3
split_gain=113.635 17.1695 25.0235 9.87381 7.30016 5.39224 2.13594
threshold=1.5500000000000003 6.9500000000000011 35.500000000000007 7350.0000000000009 0.75000000000000011 0.20091320325171735 2983.6000000000008
decision_type=2 2 2 2 2 2 2
left_child=4 6 3 -3 -1 -4 -2
right_child=1 2 5 -5 -6 -7 -8
leaf_value=0.11893238018201482 0.050887551841235973 -0.013485211185095571 0.0048441049389619899 -0.040904156978712913 0.069147301001974609 -0.019419584927162972 0.023288933306614721
leaf_weight=119 72 731 1913 338 92 176 157
leaf_count=119 72 731 1913 338 92 176 157
internal_value=0.00278029 -0.00310421 -0.00564769 -0.0221551 0.0972321 0.00279973 0.0319692
internal_weight=3598 3387 3158 1069 211 2089 229
internal_count=3598 3387 3158 1069 211 2089 229
is_linear=0
shrinkage=0.132659


Tree=13
num_leaves=9
num_cat=1
split_feature=0 0 2 9 0 9 3 12
split_gain=99.1828 15.0549 20.158 10.8444 6.57964 5.13488 1.63587 0.198
threshold=1.3500000000000001 6.9500000000000011 40.500000000000007 0.013774438298551834 0.75000000000000011 0.20091320325171735 2982.4000000000005 0
decision_type=2 2 2 2 2 2 2 1
left_child=4 6 3 -3 -1 -4 -2 -8
right_child=1 2 5 -5 -6 -7 7 -9
leaf_value=0.1141583728804465 0.045718614324469303 -0.050305743059374242 0.0067415722056098108 -0.012873876755156317 0.064165809840107113 -0.017138565300819683 0.027321810552974651 0.018188725939736552
leaf_weight=119 73 153 1589 1240 76 176 72 100
leaf_count=119 73 153 1589 1240 76 176 72 100
internal_value=0.00267472 -0.00259788 -0.00505558 -0.0169857 0.094681 0.00436019 0.0290796 0.0220141
internal_weight=3598 3403 3158 1393 195 1765 245 172
internal_count=3598 3403 3158 1393 195 1765 245 172
cat_boundaries=0 1
cat_threshold=2
is_linear=0
shrinkage=0.132659


Tree=14
num_leaves=9
num_cat=0
split_feature=0 0 2 9 0 5 6 0
split_gain=83.2562 12.1344 17.0333 9.12207 7.644 5.77343 0.992451 0.361342
threshold=1.3500000000000001 8.9500000000000011 31.500000000000004 0.051480513622041833 0.55000000000000016 0.20494529538781112 -0.025325879105003914 2.3500000000000005
decision_type=2 2 2 2 2 2 2 2
left_child=4 6 3 -3 -1 -4 -2 -8
right_child=1 2 5 -5 -6 -7 7 -9
leaf_value=0.11726577744431298 0.034895995889957822 -0.037272094816183328 0.009658445831315499 -0.0096668779438677261 0.06412550766376042 -0.0041860763695169348 0.025879786039767393 0.014425024115689061
leaf_weight=83 85 345 884 541 112 1324 71 153
leaf_count=83 85 345 884 541 112 1324 71 153
internal_value=0.00245588 -0.00237488 -0.00487833 -0.0204166 0.086752 0.00135678 0.022691 0.0180574
internal_weight=3598 3403 3094 886 195 2208 309 224
internal_count=3598 3403 3094 886 195 2208 309 224
is_linear=0
shrinkage=0.132659


Tree=15
num_leaves=9
num_cat=0
split_feature=0 0 0 14 0 3 0 10
split_gain=75.6384 10.8078 12.8927 9.09555 7.7668 3.88663 3.50609 1.94574
threshold=1.5500000000000003 33.650000000000013 51.800000000000004 1.5000000000000002 0.55000000000000016 2950.3000000000006 45.45000000000001 0.051422300583386267
decision_type=2 2 2 2 2 2 2 2
left_child=4 5 6 -4 -1 -2 -3 -7
right_child=1 2 3 -5 -6 7 -8 -9
leaf_value=0.10683916749066937 0.038445753715010481 -0.025419543595468188 -0.017738980937466908 0.00077708970455650484 0.056705377563610049 -0.0030959835334065941 -0.061911742947762569 0.012752886985131344
leaf_weight=89 84 124 624 1854 140 192 74 470
leaf_count=89 84 124 624 1854 140 192 74 470
internal_value=0.00238732 -0.00255227 -0.00648859 -0.00388564 0.0761958 0.0115676 -0.039062 0.00815627
internal_weight=3651 3422 2676 2478 229 746 198 662
internal_count=3651 3422 2676 2478 229 746 198 662
is_linear=0
shrinkage=0.132659


Tree=16
num_leaves=9
num_cat=0
split_feature=0 0 2 0 0 2 3 3
split_gain=62.518 9.41716 13.8571 8.45848 6.29761 4.69199 3.00143 1.20673
threshold=1.3500000000000001 16.050000000000004 29.500000000000004 133.55000000000004 0.55000000000000016 98.500000000000014 2955.1000000000004 7704.3000000000011
decision_type=2 2 2 2 2 2 2 2
left_child=4 6 3 -3 -1 -4 -2 -8
right_child=1 2 5 -5 -6 -7 7 -9
leaf_value=0.099196617215451102 0.040058464965113921 -0.047189892358428499 -0.0050113897138419862 -0.012969122930208323 0.052694122817575129 0.007195913156030998 0.015783449634404458 0.00047911497451587175
leaf_weight=89 72 172 1373 487 121 929 272 136
leaf_count=89 72 172 1373 487 121 929 272 136
internal_value=0.00214218 -0.0021464 -0.0049406 -0.0219017 0.0724084 -8.49674e-05 0.0150899 0.0106822
internal_weight=3651 3441 2961 659 210 2302 480 408
internal_count=3651 3441 2961 659 210 2302 480 408
is_linear=0
shrinkage=0.132659


Tree=17
num_leaves=10
num_cat=0
split_feature=5 1 9 7 9 9 1 1 3
split_gain=17.1546 11.7881 14.8204 16.2542 5.80428 3.309 2.75693 2.52232 1.24608
threshold=0.45577310695528428 7350.0000000000009 0.066029861006533144 0.28428174912750476 0.20091320325171735 0.016136681876594176 4875.0000000000009 5500.0000000000009 7986.4000000000005
decision_type=2 2 2 2 2 2 2 2 2
left_child=1 4 3 -3 5 -1 -2 -6 -4
right_child=6 2 8 -5 7 -7 -8 -9 -10
leaf_value=-0.0086943940015357518 0.053399339552113206 -0.071132633547960344 -0.0043652362947821828 -0.014845658779427022 -0.025448972699527502 0.0084924085808573326 0.023279973445748954 0.00083196957446022841 0.0085749658989623442
leaf_weight=219 107 124 246 332 149 1974 107 113 280
leaf_count=219 107 124 246 332 149 1974 107 113 280
internal_value=0.00190199 -0.000367099 -0.0126509 -0.0301537 0.00454647 0.00677603 0.0383426 -0.0141147 0.00252313
internal_weight=3651 3437 982 456 2455 2193 214 262 526
internal_count=3651 3437 982 456 2455 2193 214 262 526
is_linear=0
shrinkage=0.132659


Tree=18
num_leaves=8
num_cat=0
split_feature=0 0 2 0 0 2 4
split_gain=47.6814 6.96322 6.85905 5.09619 5.01967 2.91712 1.7859
threshold=0.95000000000000007 5.6500000000000004 40.500000000000007 567.85000000000014 0.55000000000000016 58.500000000000007 -0.04770044471670374
decision_type=2 2 2 2 2 2 2
left_child=4 6 3 -3 -1 -4 -2
right_child=1 2 5 -5 -6 -7 -8
leaf_value=0.096411123602077056 0.031299854939691542 -0.014827753800991765 0.012782125505673286 0.0038628934088057601 0.049243272098790938 -0.00071343275413109195 0.008680987407735383
leaf_weight=78 119 1088 349 336 81 1465 127
leaf_count=78 119 1088 349 336 81 1465 127
internal_value=0.00135055 -0.00189179 -0.0035265 -0.0104176 0.0723897 0.0018831 0.019624
internal_weight=3643 3484 3238 1424 159 1814 246
internal_count=3643 3484 3238 1424 159 1814 246
is_linear=0
shrinkage=0.132659


Tree=19
num_leaves=7
num_cat=1
split_feature=0 0 13 1 5 3
split_gain=38.4228 8.00306 7.39122 6.87297 4.01247 2.47756
threshold=0.75000000000000011 3.2500000000000004 0 7950.0000000000009 0.18744064393152982 8173.8000000000011
decision_type=2 2 1 2 2 2
left_child=-1 5 4 -4 -3 -2
right_child=1 2 3 -5 -6 -7
leaf_value=0.075624988846406033 0.037612810338725683 0.018103763720319979 -0.0047895832159692356 -0.025932952091129648 0.00052395098502655752 0.0075745709598136332
leaf_weight=118 112 274 1340 339 1375 85
leaf_count=118 112 274 1340 339 1375 85
internal_value=0.00116759 -0.00132522 -0.00286316 -0.00905876 0.00344519 0.0246538
internal_weight=3643 3525 3328 1679 1649 197
internal_count=3643 3525 3328 1679 1649 197
cat_boundaries=0 1
cat_threshold=2
is_linear=0
shrinkage=0.132659


Tree=20
num_leaves=13
num_cat=2
split_feature=1 1 10 7 9 13 9 5 7 13 7 3
split_gain=8.65733 11.7674 8.72227 4.58512 3.94781 3.79318 5.5056 3.61887 2.29072 1.14767 1.009 0.867041
threshold=7350.0000000000009 8650.0000000000018 0.082223730803916442 0.12158486873080281 0.029722458506103434 0 0.24071158186463568 0.52909849396199526 0.70710611773332965 1 0.32476915533968936 7986.4000000000005
decision_type=2 2 2 2 2 1 2 2 2 1 2 2
left_child=3 2 4 -1 -2 7 -7 -5 -4 10 -3 -11
right_child=1 9 8 5 -6 6 -8 -9 -10 11 -12 -13
leaf_value=0.033376930263458289 -0.058193076507546383 0.024522908851513061 -0.013529803648051938 0.006884862191851201 -0.025900850475153652 0.0014758685663183607 -0.028518694009061669 0.033765456817025599 0.011192471621002384 -0.0088245238185675045 0.0051616605985123206 0.0090128009553156075
leaf_weight=96 108 104 221 1218 174 1132 119 95 94 85 87 110
leaf_count=96 108 104 221 1218 174 1132 119 95 94 85 87 110
internal_value=0.000984254 -0.00965369 -0.0213244 0.00491553 -0.0382707 0.00384969 -0.00137766 0.00883016 -0.00615216 0.00839668 0.0157051 0.00123745
internal_weight=3643 983 597 2660 282 2564 1251 1313 315 386 191 195
internal_count=3643 983 597 2660 282 2564 1251 1313 315 386 191 195
cat_boundaries=0 1 2
cat_threshold=2 2
is_linear=0
shrinkage=0.132659


Tree=21
num_leaves=12
num_cat=1
split_feature=3 9 2 2 13 2 2 4 5 5 2
split_gain=9.62244 10.0411 8.61069 5.44537 4.10176 2.17956 2.33065 2.09279 1.8099 1.56262 1.56872
threshold=3698.3000000000006 0.014938379816712236 30.500000000000004 5.5000000000000009 0 33.500000000000007 28.500000000000004 0.0016653468789348178 0.32847004643868771 0.17084258181658868 99.500000000000014
decision_type=2 2 2 2 1 2 2 2 2 2 2
left_child=5 2 -2 -3 -5 6 8 -4 -1 -7 -11
right_child=1 3 7 4 -6 9 -8 -9 -10 10 -12
leaf_value=0.0066710632704535438 -0.06488679642133538 0.031053415618350899 -0.025363103854131194 0.003643994323429922 -0.0072654695670340223 0.020568131921144924 0.039621838070889724 0.0049830086510718168 0.029527503282214079 -0.0026633047474643391 0.012939962020720234
leaf_weight=177 79 92 87 1210 1216 126 86 74 93 269 196
leaf_count=177 79 92 87 1210 1216 126 86 74 93 269 196
internal_value=0.000867454 -0.00309407 -0.02902 -0.000622798 -0.00182424 0.0124047 0.0206045 -0.0114161 0.0145451 0.00746491 0.00391377
internal_weight=3705 2758 240 2518 2426 947 356 161 270 591 465
internal_count=3705 2758 240 2518 2426 947 356 161 270 591 465
cat_boundaries=0 1
cat_threshold=2
is_linear=0
shrinkage=0.132659


Tree=22
num_leaves=9
num_cat=0
split_feature=0 2 9 0 6 2 0 3
split_gain=21.784 7.04343 7.0439 5.37564 4.42219 3.76768 2.0931 2.00807
threshold=3.2500000000000004 29.500000000000004 0.018303791810598984 0.55000000000000016 0.14878689952832266 182.50000000000003 1008.5500000000001 8173.8000000000011
decision_type=2 2 2 2 2 2 2 2
left_child=3 2 -2 -1 5 -3 -4 -5
right_child=1 4 6 7 -6 -7 -8 -9
leaf_value=0.063903541727367064 -0.046014043291003226 -0.00080717855484608062 -0.011971988110386746 0.034248645593943576 -0.029177038005816593 0.011595329243047157 0.0067131345392411959 0.0095248886348554725
leaf_weight=79 101 1942 579 139 83 554 129 99
leaf_count=79 101 1942 579 139 83 554 129 99
internal_value=0.000667714 -0.00244384 -0.0132433 0.0339215 0.000943877 0.00194568 -0.00856742 0.0239657
internal_weight=3705 3388 809 317 2579 2496 708 238
internal_count=3705 3388 809 317 2579 2496 708 238
is_linear=0
shrinkage=0.132659


Tree=23
num_leaves=11
num_cat=1
split_feature=0 2 0 13 9 0 10 1 1 0
split_gain=16.812 5.68328 4.28421 3.8754 3.54257 3.15047 2.86615 2.30573 1.63128 0.445809
threshold=3.2500000000000004 12.500000000000002 0.55000000000000016 0 0.028351071419590101 33.650000000000013 0.039570484052638653 3125.0000000000005 3475.0000000000005 1.5500000000000003
decision_type=2 2 2 1 2 2 2 2 2 2
left_child=2 4 -1 7 -2 -5 -6 -3 -4 -10
right_child=1 3 8 5 6 -7 -8 -9 9 -11
leaf_value=0.056500783875814843 -0.035967166844492041 0.017179766334120074 0.036726864068944098 0.0076683638649435015 0.0015566648887800696 -0.0079284322228138342 -0.019833463971826761 0.0027060339814674078 0.019687012331207353 0.0056787736585702086
leaf_weight=79 109 231 77 286 218 1122 223 1199 87 74
leaf_count=79 109 231 77 286 218 1122 223 1199 87 74
internal_value=0.000521584 -0.00221191 0.0297349 0.000179996 -0.0145538 -0.00476028 -0.00925998 0.00504427 0.0208472 0.0132497
internal_weight=3705 3388 317 2838 550 1408 441 1430 238 161
internal_count=3705 3388 317 2838 550 1408 441 1430 238 161
cat_boundaries=0 1
cat_threshold=2
is_linear=0
shrinkage=0.132659


Tree=24
num_leaves=9
num_cat=0
split_feature=0 3 9 3 5 9 3 9
split_gain=18.7642 6.12969 12.7971 3.56335 3.47845 3.42788 2.80544 1.10148
threshold=0.95000000000000007 8099.5975000000008 0.063781271652892421 8032.1000000000013 0.26284324056066943 0.026218604416695133 8145.4000000000005 0.22283333955701404
decision_type=2 2 2 2 2 2 2 2
left_child=7 3 5 4 -2 -3 -4 -1
right_child=1 2 6 -5 -6 -7 -8 -9
leaf_value=0.034479990918694282 0.0024032076781828541 -0.059714187271324361 -0.021005804609951974 0.02583079483035871 -0.0090293619444039592 -0.025640170255676747 0.0058667808929842944 0.05642556845159663
leaf_weight=90 2200 90 87 97 595 123 319 73
leaf_count=90 2200 90 87 97 595 123 319 73
internal_value=0.000315343 -0.00172746 -0.0137083 0.000836953 -3.05962e-05 -0.0400411 0.000107757 0.044313
internal_weight=3674 3511 619 2892 2795 213 406 163
internal_count=3674 3511 619 2892 2795 213 406 163
is_linear=0
shrinkage=0.132659


Tree=25
num_leaves=8
num_cat=0
split_feature=0 9 1 0 9 1 5
split_gain=14.5933 5.48948 9.72071 5.19731 3.75058 2.85702 2.85042
threshold=0.75000000000000011 0.038670714771033968 7950.0000000000009 294.00000000000006 0.3543325479191759 4625.0000000000009 0.20494529538781112
decision_type=2 2 2 2 2 2 2
left_child=-1 2 5 -4 6 -2 -3
right_child=1 4 3 -5 -6 -7 -8
leaf_value=0.043864099770846411 0.0035160114575680866 0.0099472680792481987 -0.055605543342133058 -0.0097253803463739647 -0.027344867060118117 -0.014675722607428865 -0.00015517643887842989
leaf_weight=130 411 654 112 71 77 241 1978
leaf_count=130 411 654 112 71 77 241 1978
internal_value=0.000213511 -0.00138786 -0.0107918 -0.0378075 0.00151078 -0.00320843 0.00235513
internal_weight=3674 3544 835 183 2709 652 2632
internal_count=3674 3544 835 183 2709 652 2632
is_linear=0
shrinkage=0.132659


Tree=26
num_leaves=11
num_cat=0
split_feature=0 2 2 2 2 0 9 5 4 0
split_gain=12.2139 4.8437 5.60565 5.30334 2.40082 2.31801 1.28678 1.6886 1.10669 1.13714
threshold=3.2500000000000004 92.500000000000014 75.000000000000014 49.000000000000007 91.500000000000014 0.55000000000000016 0.014938379816712236 0.20229523288881626 -0.072781582601558995 1.1500000000000001
decision_type=2 2 2 2 2 2 2 2 2 2
left_child=5 2 3 -2 -4 -1 -3 -8 -7 -10
right_child=1 6 4 -5 -6 8 7 -9 9 -11
leaf_value=0.042600767347009925 -0.0075756549486392854 -0.011034385744401536 -0.047641308133124421 0.010480202159246586 -0.014291419924267093 0.030828833718477985 0.012592117389753445 0.0018735053266920624 0.023388270360846532 0.00089798754994492233
leaf_weight=91 1572 91 75 350 77 76 382 801 74 85
leaf_count=91 1572 91 75 350 77 76 382 801 74 85
internal_value=0.000114248 -0.00227256 -0.00622722 -0.00428759 -0.0307503 0.0246255 0.0041654 0.00533476 0.0176624 0.0113665
internal_weight=3674 3348 2074 1922 152 326 1274 1183 235 159
internal_count=3674 3348 2074 1922 152 326 1274 1183 235 159
is_linear=0
shrinkage=0.132659


Tree=27
num_leaves=11
num_cat=0
split_feature=0 0 2 5 0 0 0 0 0 6
split_gain=7.26296 9.33966 4.48794 4.05367 9.12038 3.68592 2.65858 2.49073 3.7964 1.46793
threshold=33.650000000000013 54.250000000000007 91.500000000000014 0.20494529538781112 542.60000000000002 0.55000000000000016 170.35000000000002 21.550000000000004 16.050000000000004 0.00030799389255789565
decision_type=2 2 2 2 2 2 2 2 2 2
left_child=5 2 -2 6 -5 -1 -3 8 -7 -9
right_child=1 3 -4 4 -6 7 -8 9 -10 -11
leaf_value=0.037167348576989091 -0.044626683397540549 0.014342525670891712 -0.0066933699710433423 -0.01360123296153007 0.0065321218434411148 0.0087558225252619068 -0.00057090669425702181 0.0097669162827526274 -0.019001800659229302 0.034294066966142081
leaf_weight=85 130 432 95 857 736 578 410 83 102 89
leaf_count=85 130 432 95 857 736 578 410 83 102 89
internal_value=0.00078429 -0.00275366 -0.028612 -0.000364106 -0.00429922 0.0108279 0.00708076 0.00819944 0.00459182 0.0224603
internal_weight=3597 2660 225 2435 1593 937 842 852 680 172
internal_count=3597 2660 225 2435 1593 937 842 852 680 172
is_linear=0
shrinkage=0.132659


Tree=28
num_leaves=11
num_cat=1
split_feature=13 9 9 1 3 9 5 3 1 6
split_gain=4.65085 5.8423 3.21154 3.21865 2.33689 2.32393 1.73267 1.40342 1.36861 0.603483
threshold=0 0.013423934960792786 0.18746546774687597 7750.0000000000009 8125.6000000000013 0.06801798554354567 0.45577310695528428 8032.1000000000013 5500.0000000000009 0.016061927070909816
decision_type=1 2 2 2 2 2 2 2 2 2
left_child=4 -2 3 -3 6 -6 7 -1 -4 -7
right_child=1 2 8 -5 5 9 -8 -9 -10 -11
leaf_value=0.0051834099268834432 -0.030094059207634666 0.003974173841581107 -0.024859583399251328 -0.010995211641377121 -0.024344295275981528 0.011877060656286898 0.02682029072460821 0.021535809863276169 -0.004907667955512016 -0.0042884276418974311
leaf_weight=1375 141 1080 136 330 85 71 76 99 109 95
leaf_count=1375 141 1080 136 330 85 71 76 99 109 95
internal_value=0.000602799 -0.00417396 -0.00196539 0.000470613 0.00536629 -0.00650821 0.00728924 0.00628193 -0.0159839 0.00262619
internal_weight=3597 1796 1655 1410 1801 251 1550 1474 245 166
internal_count=3597 1796 1655 1410 1801 251 1550 1474 245 166
cat_boundaries=0 1
cat_threshold=2
is_linear=0
shrinkage=0.132659


Tree=29
num_leaves=11
num_cat=0
split_feature=0 0 2 5 2 0 0 0 0 6
split_gain=5.36154 8.36163 3.79613 3.59018 3.21485 2.31151 1.89631 2.8958 1.87425 1.05341
threshold=34.750000000000007 52.95000000000001 98.500000000000014 0.17728539750959382 91.500000000000014 0.55000000000000016 21.550000000000004 16.050000000000004 192.55000000000004 0.00030799389255789565
decision_type=2 2 2 2 2 2 2 2 2 2
left_child=5 4 3 -3 -2 -1 7 -7 -4 -8
right_child=1 2 8 -5 -6 6 9 -9 -10 -11
leaf_value=0.029901270050670874 -0.043379916816202069 0.0099271546360070063 0.015959004920485687 -0.0069824937590142076 -0.008813630489639384 0.0073679768736646303 0.0084222092422422037 -0.016874697783678137 0.002471691251426978 0.02840887536893864
leaf_weight=85 114 264 267 1355 81 578 89 102 565 97
leaf_count=85 114 264 267 1355 81 578 89 102 565 97
internal_value=0.000484453 -0.00258602 -0.000482492 -0.00422507 -0.0290235 0.00902744 0.00697811 0.00373126 0.00680018 0.0188469
internal_weight=3597 2646 2451 1619 195 951 866 680 832 186
internal_count=3597 2646 2451 1619 195 951 866 680 832 186
is_linear=0
shrinkage=0.132659


Tree=30
num_leaves=13
num_cat=0
split_feature=0 0 1 2 1 0 4 0 0 0 0 2
split_gain=5.75931 5.79296 13.7099 7.59833 5.44249 3.4013 2.06326 1.87233 1.62593 1.44748 2.03139 0.19597
threshold=31.150000000000006 535.75000000000011 7350.0000000000009 30.500000000000004 6300.0000000000009 54.250000000000007 0.16250786763298672 726.95000000000005 0.95000000000000007 23.350000000000005 18.150000000000006 8.5000000000000018
decision_type=2 2 2 2 2 2 2 2 2 2 2 2
left_child=8 2 5 -4 6 -2 -3 -6 11 10 -10 -1
right_child=1 4 3 -5 7 -7 -8 -9 9 -11 -12 -13
leaf_value=0.025477370433422353 -0.01673953142921469 0.0058516877972719971 -0.053915879806719087 -0.016559399329704308 0.029911118517302063 0.002341533840648394 -0.015723101520086009 0.010480685893259222 0.0067299590349934541 0.019959407194762035 -0.015247190582579463 0.016071611875728468
leaf_weight=84 191 130 126 400 115 1180 195 362 572 116 85 73
leaf_count=84 191 130 126 400 115 1180 195 362 572 116 85 73
internal_value=-0.000204123 -0.00330631 -0.0073024 -0.0255093 0.00614576 -0.000316896 -0.00709331 0.015166 0.00879878 0.00629871 0.00388634 0.0211061
internal_weight=3629 2699 1897 526 802 1371 325 477 930 773 657 157
internal_count=3629 2699 1897 526 802 1371 325 477 930 773 657 157
is_linear=0
shrinkage=0.132659


Tree=31
num_leaves=12
num_cat=0
split_feature=0 0 1 2 1 0 10 0 0 0 6
split_gain=4.55019 4.49596 10.8205 6.76935 4.10814 2.49486 1.66596 1.27594 2.11007 1.27374 1.25245
threshold=28.950000000000003 535.75000000000011 7350.0000000000009 29.500000000000004 6300.0000000000009 54.250000000000007 0.088068997655751838 23.350000000000005 18.150000000000006 12.650000000000002 -0.040655869245125063
decision_type=2 2 2 2 2 2 2 2 2 2 2
left_child=7 2 5 -4 10 -2 -6 8 9 -1 -3
right_child=1 4 3 -5 6 -7 -8 -9 -10 -11 -12
leaf_value=0.0061874987387068392 -0.013486491783491008 0.0094094143423320009 -0.051887522337378152 -0.01493873406215155 0.022979553835748821 0.0020506564722539669 0.0069053677591913321 0.023233652522439311 -0.013534195286610045 0.021564546445684514 -0.010519097609332175
leaf_weight=617 215 71 110 422 186 1180 291 86 85 112 254
leaf_count=617 215 71 110 422 186 1180 291 86 85 112 254
internal_value=-0.000311737 -0.00300933 -0.00648301 -0.0225799 0.00533698 -0.000344083 0.0131739 0.00786787 0.00624403 0.00855038 -0.00616522
internal_weight=3629 2729 1927 532 802 1395 477 900 814 729 325
internal_count=3629 2729 1927 532 802 1395 477 900 814 729 325
is_linear=0
shrinkage=0.132659


Tree=32
num_leaves=12
num_cat=0
split_feature=1 1 2 4 1 4 10 3 3 9 5
split_gain=2.15426 6.11541 5.95261 2.27331 1.67777 1.51514 1.44104 1.48343 1.21358 0.858108 0.708584
threshold=7350.0000000000009 8650.0000000000018 40.500000000000007 0.37314113398350063 9350.0000000000018 0.013787859668511574 0.073089138932114453 4677.5000000000009 4586.3000000000011 0.1392424894854318 0.26232450827581816
decision_type=2 2 2 2 2 2 2 2 2 2 2
left_child=3 2 5 6 9 -2 7 -1 -8 -3 -4
right_child=1 4 10 -5 -6 -7 8 -9 -10 -11 -12
leaf_value=0.0042765487147242397 -0.0363864378927145 0.008186920761933697 0.003019876580565419 -0.021616844837993421 -0.0069301111725332907 -0.017772988815061227 -0.0035173238538870385 0.020575528414159563 0.0044212934700903622 0.024905340773018536 -0.011943164999412222
leaf_weight=997 152 226 225 72 111 156 888 109 548 71 74
leaf_count=997 152 226 225 72 111 156 888 109 548 71 74
internal_value=-0.00038836 -0.00557524 -0.0140172 0.00162569 0.00698429 -0.0269603 0.00228415 0.00588315 -0.000487806 0.0121847 -0.000683784
internal_weight=3629 1015 607 2614 408 308 2542 1106 1436 297 299
internal_count=3629 1015 607 2614 408 308 2542 1106 1436 297 299
is_linear=0
shrinkage=0.132659


Tree=33
num_leaves=10
num_cat=1
split_feature=0 0 13 9 0 0 3 0 3
split_gain=3.15354 3.6199 2.40598 4.09955 2.41572 2.0744 1.59864 1.13361 0.827336
threshold=33.650000000000013 51.800000000000004 0 0.013423934960792786 72.700000000000003 40.550000000000004 2950.3000000000006 0.55000000000000016 4558.4000000000005
decision_type=2 2 1 2 2 2 2 2 2
left_child=6 5 4 -4 -3 -2 -1 -8 -9
right_child=1 2 3 -5 -6 -7 7 8 -10
leaf_value=0.023037774405459201 -0.0044713435313976993 0.024080582933560839 -0.028759527717548153 -0.0033653726184929332 0.00078768411666352799 -0.032862415652072312 0.018248063111083668 -0.0041273669116138213 0.0053073642875787318
leaf_weight=86 78 84 124 1143 1163 108 89 235 538
leaf_count=86 78 84 124 1143 1163 108 89 235 538
internal_value=-0.000789782 -0.00310094 -0.00177965 -0.00585101 0.00235703 -0.0209579 0.00579256 0.00407164 0.00243908
internal_weight=3648 2700 2514 1267 1247 186 948 862 773
internal_count=3648 2700 2514 1267 1247 186 948 862 773
cat_boundaries=0 1
cat_threshold=2
is_linear=0
shrinkage=0.132659


Tree=34
num_leaves=15
num_cat=0
split_feature=1 1 1 2 1 3 2 2 4 4 2 5 5 1
split_gain=1.98147 2.52155 4.7635 5.48443 1.71741 1.28329 0.984635 1.27512 1.16543 0.912004 0.724231 0.70811 0.192645 0.190354
threshold=3650.0000000000005 8550.0000000000018 7450.0000000000009 29.500000000000004 9350.0000000000018 4617.1000000000013 58.500000000000007 12.500000000000002 -0.0066395942814828799 -0.13379903281397562 143.50000000000003 0.18803140687128739 0.19550093912284108 2975.0000000000005
decision_type=2 2 2 2 2 2 2 2 2 2 2 2 2 2
left_child=6 2 5 -4 9 -2 7 13 -9 -3 11 -8 -12 -1
right_child=1 4 3 -5 -6 -7 10 8 -10 -11 12 -13 -14 -15
leaf_value=-0.0034771385197867166 -0.0057646347506045709 0.024198278066250543 -0.037334672030273207 -0.0068868170346959648 -0.0073387590345144783 0.0017498038255872289 0.0041988132816990808 0.0061655450904831745 0.021450159417709808 0.0074798235642784851 0.0017413274902953982 -0.010665722765218051 0.011446488537084045 0.0038127853740680838
leaf_weight=119 653 73 148 351 121 1032 88 206 153 269 73 157 71 134
leaf_count=119 653 73 148 351 121 1032 88 206 153 269 73 157 71 134
internal_value=-0.000747438 -0.0026487 -0.00453389 -0.0159184 0.00624373 -0.00116235 0.00428012 0.00759713 0.0126803 0.0110494 -0.000938489 -0.00532669 0.00652728 0.000383912
internal_weight=3648 2647 2184 499 463 1685 1001 612 359 342 389 245 144 253
internal_count=3648 2647 2184 499 463 1685 1001 612 359 342 389 245 144 253
is_linear=0
shrinkage=0.132659


Tree=35
num_leaves=14
num_cat=1
split_feature=0 0 0 7 11 0 7 4 10 0 12 4 7
split_gain=2.29188 3.38271 4.43973 3.87701 4.10198 3.84572 3.23753 2.26904 0.956591 1.57678 1.96209 0.922148 0.54073
threshold=33.650000000000013 106.85000000000001 151.35000000000002 0.31185806109839725 1.0000000180025095e-35 264.45000000000005 0.39343549638819086 -0.0066395942814828799 0.048724077246409238 20.350000000000005 0 -0.048757124619059032 0.40033866349824354
decision_type=2 2 2 2 2 2 2 2 2 2 1 2 2
left_child=8 3 6 4 -2 -4 -3 -5 11 10 -10 -1 -11
right_child=1 2 5 7 -6 -7 -8 -9 9 12 -12 -13 -14
leaf_value=0.0093532605967905913 -0.051941842960744292 -0.0010499054739658985 -0.013381401172486138 -0.015475782260464746 -0.0092584833586517937 0.00081994016088538153 0.030078393336580442 0.0045870904244404596 -0.0073563097403467666 0.027697355665270842 0.0092763634196084931 -0.0089268872666836072 0.011598991956542902
leaf_weight=73 75 103 435 188 84 1468 137 210 181 72 402 145 75
leaf_count=73 75 103 435 188 84 1468 137 210 181 72 402 145 75
internal_value=-0.000705655 -0.00267593 -0.000282018 -0.011886 -0.0293954 -0.00242638 0.01672 -0.00489008 0.00490583 0.00720862 0.00411247 -0.0028053 0.0194861
internal_weight=3648 2700 2143 557 159 1903 240 398 948 730 583 218 147
internal_count=3648 2700 2143 557 159 1903 240 398 948 730 583 218 147
cat_boundaries=0 1
cat_threshold=4
is_linear=0
shrinkage=0.132659


Tree=36
num_leaves=8
num_cat=0
split_feature=3 1 2 2 1 3 3
split_gain=2.6071 2.01702 1.56407 1.83433 1.34785 0.787127 1.61639
threshold=2961.9135000000006 2625.0000000000005 5.5000000000000009 7.5000000000000009 8650.0000000000018 2905.3000000000006 2927.0000000000005
decision_type=2 2 2 2 2 2 2
left_child=1 -1 -2 -4 -5 -3 -7
right_child=2 5 3 4 -6 6 -8
leaf_value=-0.012630373348001779 0.015022477786450775 0.00080192066225124909 -0.019844505812196989 -0.0030214794500505095 0.0055159996399519098 0.026836229033095804 0.0081106969878917308
leaf_weight=77 92 119 104 2505 374 110 309
leaf_count=77 92 119 104 2505 374 110 309
internal_value=-0.000435271 0.00744933 -0.00201222 -0.00253768 -0.00191238 0.0103235 0.0130276
internal_weight=3690 615 3075 2983 2879 538 419
internal_count=3690 615 3075 2983 2879 538 419
is_linear=0
shrinkage=0.132659


Tree=37
num_leaves=15
num_cat=2
split_feature=1 6 4 2 6 4 4 13 10 6 4 1 13 3
split_gain=2.23545 2.54192 3.19272 1.85024 1.52037 1.34173 0.996725 1.01196 0.831708 0.993515 0.77949 0.503436 0.828053 0.689325
threshold=4625.0000000000009 -0.018341789459139429 0.13379355330501849 56.500000000000007 0.04145986774032779 0.35267151063311852 -0.17407313090595591 0 0.042408426315059387 -0.0033542297839397927 0.020963001506648777 3550.0000000000005 1 4563.0090000000009
decision_type=2 2 2 2 2 2 2 1 2 2 2 2 1 2
left_child=4 6 3 -3 8 -4 -2 -8 10 -10 -1 12 -6 -13
right_child=1 2 5 -5 11 -7 7 -9 9 -11 -12 13 -14 -15
leaf_value=0.0070656414444921715 -0.011004943996522711 -0.015460504346764851 0.0086567700954505531 -0.0020627459323171627 0.0097286489994336429 -0.011183933097364417 0.0091600798407484359 -0.00085884003376058584 0.0018785422286261917 0.0098470390334887345 -0.0093682385168300745 -0.018186017397812282 -0.0082484417675688735 -0.0011866288674983272
leaf_weight=87 87 611 249 258 85 79 347 363 467 671 122 86 96 82
leaf_count=87 87 611 249 258 85 79 347 363 467 671 122 86 96 82
internal_value=-0.000397692 -0.00340898 -0.00727382 -0.0114829 0.0031427 0.00387774 0.00239557 0.00403782 0.00516444 0.00657709 -0.00252731 -0.00466027 0.000193935 -0.00988963
internal_weight=3690 1994 1197 869 1696 328 797 710 1347 1138 209 349 181 168
internal_count=3690 1994 1197 869 1696 328 797 710 1347 1138 209 349 181 168
cat_boundaries=0 1 2
cat_threshold=2 2
is_linear=0
shrinkage=0.132659


Tree=38
num_leaves=13
num_cat=0
split_feature=1 1 5 9 2 4 5 6 3 3 9 9
split_gain=1.7543 2.27935 1.99464 4.17144 1.40469 1.24219 1.20577 0.908796 1.18289 1.02113 0.79854 0.499453
threshold=4625.0000000000009 4725.0000000000009 0.26232450827581816 0.12147210532052914 103.50000000000001 0.07806412083144941 0.28602489602586156 0.01085378238679297 2955.1000000000004 4538.5000000000009 0.13529544680191211 0.22283333955701404
decision_type=2 2 2 2 2 2 2 2 2 2 2 2
left_child=5 -2 4 -4 -3 7 10 8 -1 -9 -7 -8
right_child=1 2 3 -5 -6 6 11 9 -10 -11 -12 -13
leaf_value=0.0092688076009321257 -0.026072921461194526 -0.0011935516456806892 -0.017977701383161473 0.0012933808031374428 0.0098603844317159631 -0.0011607887480302918 0.00026146619616190586 0.005036707095870686 -0.0010475263352897441 0.021431437878728175 -0.012744911972357864 0.014277632838213622
leaf_weight=333 73 855 355 446 265 263 91 156 474 117 174 88
leaf_count=333 73 855 355 446 265 263 91 156 474 117 174 88
internal_value=-0.000399864 -0.00306747 -0.00219303 -0.00724767 0.00142199 0.00273646 -0.00201726 0.00544784 0.0032095 0.0120639 -0.00577354 0.00715278
internal_weight=3690 1994 1921 801 1120 1696 616 1080 807 273 437 179
internal_count=3690 1994 1921 801 1120 1696 616 1080 807 273 437 179
is_linear=0
shrinkage=0.132659


Tree=39
num_leaves=13
num_cat=0
split_feature=0 9 1 0 9 0 0 9 5 3 10 10
split_gain=1.98517 5.05534 4.64356 4.16081 3.39571 3.02735 2.95267 2.04847 1.19501 1.12748 1.12222 0.667811
threshold=535.75000000000011 0.069803463824224685 6650.0000000000009 341.9500000000001 0.06801798554354567 294.00000000000006 264.45000000000005 0.18890600683932859 0.26337008261158484 8201.2000000000025 0.090564316943337747 0.10347572847674895
decision_type=2 2 2 2 2 2 2 2 2 2 2 2
left_child=2 -2 3 6 5 -4 -1 9 -6 -3 -9 -5
right_child=1 7 4 11 8 -7 -8 10 -10 -11 -12 -13
leaf_value=0.0017559672324335784 0.034249529419648796 0.0035397067507604036 -0.029547062812351452 -0.0091195887710241851 0.0067543068432538477 -0.0063931374321943655 0.020210028083674177 0.0031257580396239354 -0.0081465068830891083 0.021432371213435719 -0.01683515298365364 -0.022615020919406648
leaf_weight=1661 94 410 225 189 162 178 168 79 228 73 133 98
leaf_count=1661 94 410 225 189 162 178 168 79 228 73 133 98
internal_value=-0.000523 0.00537872 -0.00212373 0.00112093 -0.0107815 -0.0193209 0.0034512 0.00147318 -0.00195691 0.00624461 -0.0093972 -0.0137288
internal_weight=3698 789 2909 2116 793 403 1829 695 390 483 212 287
internal_count=3698 789 2909 2116 793 403 1829 695 390 483 212 287
is_linear=0
shrinkage=0.132659


Tree=40
num_leaves=13
num_cat=0
split_feature=0 9 1 0 7 0 0 9 0 10 5 10
split_gain=1.53391 3.83249 3.74543 4.12319 5.37879 3.15646 1.88559 1.55215 1.07484 0.930407 0.807814 0.351005
threshold=535.75000000000011 0.070532020664316172 7450.0000000000009 31.150000000000006 0.28906059791277361 366.05000000000001 264.45000000000005 0.19491754062568215 1049.7 0.0848712615278545 0.26528318331221989 0.10347572847674895
decision_type=2 2 2 2 2 2 2 2 2 2 2 2
left_child=2 -2 5 10 -5 6 -1 8 -3 -9 -4 -7
right_child=1 7 3 4 -6 11 -8 9 -10 -11 -12 -13
leaf_value=0.00088117605503149705 0.029663306238106472 0.00060468532566920893 0.018684337062971741 -0.042555538231942053 -0.0092847869453305722 -0.0096818409098246919 0.013592180843080483 0.0030050630527169889 0.013500656586930877 -0.015606531766264923 -0.00081246264315682751 -0.02004359363224564
leaf_weight=1789 95 315 71 110 384 151 232 76 178 125 79 93
leaf_count=1789 95 315 71 110 384 151 232 76 178 125 79 93
internal_value=-0.000511457 0.00467631 -0.00191854 -0.0108454 -0.0166944 0.000619664 0.00234043 0.00125529 0.00526113 -0.00856962 0.00841702 -0.0136323
internal_weight=3698 789 2909 644 494 2265 2021 694 493 201 150 244
internal_count=3698 789 2909 644 494 2265 2021 694 493 201 150 244
is_linear=0
shrinkage=0.132659


Tree=41
num_leaves=14
num_cat=1
split_feature=0 0 5 0 0 0 13 4 3 2 3 3 0
split_gain=1.37477 2.45598 3.65679 4.03255 2.27737 4.18045 2.09569 1.29763 1.48526 1.09163 0.788551 1.97139 0.579183
threshold=34.750000000000007 106.85000000000001 0.20547127287577133 76.850000000000009 159.05000000000004 264.45000000000005 0 -0.017830839662369379 8189.0000000000009 56.500000000000007 2959.7135000000003 4626.0000000000009 21.550000000000004
decision_type=2 2 2 2 2 2 1 2 2 2 2 2 2
left_child=7 2 6 -4 9 -6 -2 10 12 -3 -1 -12 -9
right_child=1 4 3 -5 5 -7 -8 8 -10 -11 11 -13 -14
leaf_value=0.02064460313233716 0.010063595213775551 0.0013195596365891682 -0.010835765362649671 -0.048789064303580147 -0.013801773226548705 0.0015952917949364066 -0.01089864681729262 9.8285697196311451e-05 -0.015653045384738731 0.018350991502182657 -0.0068931711415806604 0.013729598989883565 0.011431819872695658
leaf_weight=84 158 113 156 72 394 1461 179 370 95 160 127 228 101
leaf_count=84 158 113 156 72 394 1461 179 370 95 160 127 228 101
internal_value=-0.000511998 -0.00207454 -0.00984924 -0.0228236 -1.02342e-05 -0.00167512 -0.00107063 0.00367495 -0.000523165 0.0113019 0.00908738 0.00635189 0.00252893
internal_weight=3698 2693 565 228 2128 1855 337 1005 566 273 439 355 471
internal_count=3698 2693 565 228 2128 1855 337 1005 566 273 439 355 471
cat_boundaries=0 1
cat_threshold=2
is_linear=0
shrinkage=0.132659


Tree=42
num_leaves=8
num_cat=1
split_feature=9 2 13 3 9 2 2
split_gain=1.64718 1.77953 2.00939 1.56737 1.49383 1.30576 1.12396
threshold=0.014938379816712236 40.500000000000007 0 2905.3000000000006 0.37314113398350063 182.50000000000003 96.500000000000014
decision_type=2 2 1 2 2 2 2
left_child=1 2 -1 -2 5 -5 -3
right_child=3 6 -4 4 -6 -7 -8
leaf_value=-0.0047732558295480914 -0.014981776616197874 0.012890780017543721 -0.033997315940768484 0.00065576915357867783 -0.017284623334901883 0.0083413979519651425 -0.010001598734330612
leaf_weight=87 107 74 79 2648 74 456 77
leaf_count=87 107 74 79 2648 74 456 77
internal_value=-7.22319e-05 -0.0092041 -0.0186831 0.000809026 0.00134076 0.00178488 0.00121734
internal_weight=3602 317 166 3285 3178 3104 151
internal_count=3602 317 166 3285 3178 3104 151
cat_boundaries=0 1
cat_threshold=2
is_linear=0
shrinkage=0.132659


Tree=43
num_leaves=8
num_cat=1
split_feature=9 4 9 3 4 2 13
split_gain=1.33348 3.3955 2.02469 1.19576 1.15951 0.996455 0.793821
threshold=0.014938379816712236 -0.0079220773898065529 0.0037947171202809596 2905.3000000000006 0.37314113398350063 182.50000000000003 0
decision_type=2 2 2 2 2 2 1
left_child=1 -1 -3 -2 5 -5 -4
right_child=3 2 6 4 -6 -7 -8
leaf_value=-0.030449727300288228 -0.013087473430831529 -0.016026665324360131 0.01977598935061383 0.00057432835172109889 -0.01524000242790236 0.0072882642794445543 7.6113720444266332e-05
leaf_weight=88 107 85 71 2648 74 456 73
leaf_count=88 107 85 71 2648 74 456 73
internal_value=-8.79496e-05 -0.00830436 0.000207176 0.000704964 0.00116941 0.00156069 0.00979039
internal_weight=3602 317 229 3285 3178 3104 144
internal_count=3602 317 229 3285 3178 3104 144
cat_boundaries=0 1
cat_threshold=2
is_linear=0
shrinkage=0.132659


Tree=44
num_leaves=9
num_cat=0
split_feature=0 7 7 7 10 9 9 7
split_gain=2.3988 2.19615 2.17196 2.26347 1.91519 2.2428 1.19543 0.409631
threshold=2.1500000000000008 0.33304780332702039 0.40033866349824354 0.5034111702718661 0.090564316943337747 0.011943397008025939 0.06801798554354567 0.15253690940829259
decision_type=2 2 2 2 2 2 2 2
left_child=7 4 6 -4 5 -2 -3 -1
right_child=1 2 3 -5 -6 -7 -8 -9
leaf_value=0.01760635499133836 -0.020168490501313346 0.019282786357895355 -0.011962422614635985 0.0021419660279445871 -0.022301055570519961 -0.0018296816063582736 0.0037099932168533165 0.0069051253181706667
leaf_weight=129 129 174 239 1234 102 1299 173 123
leaf_count=129 129 174 239 1234 102 1299 173 123
internal_value=-9.75977e-05 -0.00103656 0.00207768 -0.00014663 -0.00474107 -0.00348655 0.0115194 0.0123839
internal_weight=3602 3350 1820 1473 1530 1428 347 252
internal_count=3602 3350 1820 1473 1530 1428 347 252
is_linear=0
shrinkage=0.132659


Tree=45
num_leaves=10
num_cat=0
split_feature=0 2 2 5 9 0 4 6 0
split_gain=1.88928 1.80489 2.12187 1.28453 2.55757 1.41251 0.941045 0.659405 0.396933
threshold=5.6500000000000004 7.5000000000000009 5.5000000000000009 0.26232450827581816 0.060907890866127752 12.150000000000002 -0.089993917764686834 0.035750137290876553 1.9500000000000004
decision_type=2 2 2 2 2 2 2 2 2
left_child=6 2 -2 5 -5 -3 -1 8 -8
right_child=1 3 -4 4 -6 -7 7 -9 -10
leaf_value=0.018609486697880876 0.00099654897222903565 -0.01170887873217784 -0.029954863617335143 -0.024163908917030338 -0.0018724021386792586 0.0020782861320428133 0.0056263588524578557 0.013619892208390362 -0.0063887274486313589
leaf_weight=118 76 139 80 106 622 2205 106 95 89
leaf_count=118 76 139 80 106 622 2205 106 95 89
internal_value=0.000117023 -0.000958055 -0.0148774 -0.000251138 -0.00511861 0.00126063 0.00862249 0.004558 0.000142459
internal_weight=3636 3228 156 3072 728 2344 408 290 195
internal_count=3636 3228 156 3072 728 2344 408 290 195
is_linear=0
shrinkage=0.132659


Tree=46
num_leaves=12
num_cat=0
split_feature=0 0 5 4 2 3 0 9 0 0 0
split_gain=1.61905 2.30227 3.51373 2.91567 2.51431 1.31335 1.23553 2.76667 2.46095 1.00947 0.50926
threshold=35.750000000000007 104.05000000000003 0.21616531057522415 0.035740411596626304 7.5000000000000009 8211.6000000000004 22.350000000000005 0.060302334235291723 18.150000000000006 83.950000000000017 1.1500000000000001
decision_type=2 2 2 2 2 2 2 2 2 2 2
left_child=6 2 9 -4 -3 -6 8 -8 10 -2 -1
right_child=1 4 3 -5 5 -7 7 -9 -10 -11 -12
leaf_value=0.010854378701031933 0.0019243446060911279 -0.018240556603622057 -0.04339452526734084 -0.008515353898953958 0.00044434799909102144 0.012939629939610469 -0.0054696230262549017 0.028162549753725084 -0.020950225117591422 -0.014412963672350499 0.0027530676339342116
leaf_weight=181 273 121 81 88 1836 161 72 107 72 88 556
leaf_count=181 273 121 81 88 1836 161 72 107 72 88 556
internal_value=7.98495e-05 -0.00163006 -0.00944942 -0.0252352 0.000326682 0.00145183 0.00466264 0.0146352 0.00245584 -0.00205861 0.00474287
internal_weight=3636 2648 530 169 2118 1997 988 179 809 361 737
internal_count=3636 2648 530 169 2118 1997 988 179 809 361 737
is_linear=0
shrinkage=0.132659


Tree=47
num_leaves=14
num_cat=0
split_feature=1 10 3 10 9 7 3 10 10 3 3 3 5
split_gain=1.19922 1.4321 1.79768 1.24814 1.2305 0.88766 0.853197 1.13667 0.694053 0.582476 1.49139 0.500446 0.33219
threshold=3375.0000000000005 0.14245359493246132 4538.5000000000009 0.06937970442101167 0.011943397008025939 0.5034111702718661 2961.9135000000006 0.049118266336220961 0.18316374999571969 2905.3000000000006 2927.0000000000005 4486.3000000000002 0.20776348003654899
decision_type=2 2 2 2 2 2 2 2 2 2 2 2 2
left_child=3 2 11 6 -4 -3 7 -1 -7 -5 -11 -2 -8
right_child=1 5 4 9 -6 8 12 -9 -10 10 -12 -13 -14
leaf_value=0.0029871979808448975 -0.0074656640704698785 -0.0076331601336833092 -0.012645622274470024 -0.010585381684439033 -0.00037814898874262008 0.011662944131184318 -0.00033368463555392307 0.024071148151236618 0.0009894913571598463 0.018972151334767266 -0.0026329041269870959 -0.018770620824356491 0.01049720494491941
leaf_weight=72 148 83 156 82 1852 263 127 120 181 71 270 129 82
leaf_count=72 148 83 156 82 1852 263 127 120 181 71 270 129 82
internal_value=2.85476e-05 -0.00127561 -0.00271334 0.00447909 -0.0013313 0.00495807 0.00978168 0.0161656 0.00731203 -0.000547899 0.00186618 -0.0127312 0.00391622
internal_weight=3636 2812 2285 824 2008 527 401 192 444 423 341 277 209
internal_count=3636 2812 2285 824 2008 527 401 192 444 423 341 277 209
is_linear=0
shrinkage=0.132659


Tree=48
num_leaves=10
num_cat=0
split_feature=1 2 0 0 0 0 2 0 3
split_gain=2.07406 2.35434 2.00591 6.86806 1.53967 1.30914 1.13149 1.54691 0.233494
threshold=3075.0000000000005 5.5000000000000009 267.50000000000006 206.65000000000003 366.05000000000001 189.55000000000004 58.500000000000007 27.950000000000003 2955.6000000000004
decision_type=2 2 2 2 2 2 2 2 2
left_child=5 -2 3 -3 -4 6 7 -1 -7
right_child=1 2 4 -5 -6 8 -8 -9 -10
leaf_value=0.0058805163057975189 0.016637455967952561 -0.0034969780030574154 0.010480221548923894 -0.032462224072817174 -0.001424523292616448 -0.0092279350878018574 0.00078073957746418294 0.026737378061180803 0.0012800800899809559
leaf_weight=132 109 1532 233 159 1065 77 137 119 72
leaf_count=132 109 1532 233 159 1065 77 137 119 72
internal_value=-0.00119224 -0.00251153 -0.00320993 -0.00622078 0.000712562 0.00641874 0.0104776 0.0157699 -0.00415063
internal_weight=3635 3098 2989 1691 1298 537 388 251 149
internal_count=3635 3098 2989 1691 1298 537 388 251 149
is_linear=0
shrinkage=0.132659


Tree=49
num_leaves=6
num_cat=0
split_feature=6 2 1 2 2
split_gain=1.67172 1.42731 1.61385 1.68835 0.940338
threshold=0.14878689952832266 5.5000000000000009 3075.0000000000005 40.500000000000007 101.50000000000001
decision_type=2 2 2 2 2
left_child=1 -1 4 -4 -3
right_child=-2 2 3 -5 -6
leaf_value=0.01309285881502424 -0.020938156378033465 0.0083971569353159976 -0.0056935063493306305 0.00069468306091955074 -0.0059773680703565325
leaf_weight=128 73 419 1406 1510 99
leaf_count=128 73 419 1406 1510 99
internal_value=-0.001068 -0.00066069 -0.0011734 -0.00238551 0.0056498
internal_weight=3635 3562 3434 2916 518
internal_count=3635 3562 3434 2916 518
is_linear=0
shrinkage=0.132659


Tree=50
num_leaves=6
num_cat=1
split_feature=6 2 3 13 10
split_gain=1.30485 1.08645 1.35738 1.23645 0.948018
threshold=0.14878689952832266 5.5000000000000009 2961.9135000000006 0 0.08104387929465566
decision_type=2 2 2 1 2
left_child=1 -1 4 -4 -3
right_child=-2 2 3 -5 -6
leaf_value=0.011410468720804662 -0.018503762581879159 0.011624493241610769 0.00056617353415616277 -0.0049264480043610384 0.00041572455147231797
leaf_weight=128 73 225 1439 1446 324
leaf_count=128 73 225 1439 1446 324
internal_value=-0.000948807 -0.000588951 -0.00103627 -0.00218681 0.00500969
internal_weight=3635 3562 3434 2885 549
internal_count=3635 3562 3434 2885 549
cat_boundaries=0 1
cat_threshold=2
is_linear=0
shrinkage=0.132659


Tree=51
num_leaves=14
num_cat=1
split_feature=2 13 1 1 1 4 2 1 4 4 5 6 3
split_gain=1.44791 1.62542 2.31532 2.93821 1.77349 1.35816 1.27868 1.16518 1.07808 1.05639 0.43536 0.322124 0.204105
threshold=182.50000000000003 0 7650.0000000000009 8850.0000000000018 8250.0000000000018 0.23558155620260993 190.50000000000003 5050.0000000000009 -0.056570242395513622 -0.082367320505680866 0.19436387035711397 0.027178578393363666 4516.1000000000013
decision_type=2 1 2 2 2 2 2 2 2 2 2 2 2
left_child=1 4 7 -4 5 -1 8 -3 12 -6 -10 -8 -2
right_child=6 2 3 -5 9 -7 11 -9 10 -11 -12 -13 -14
leaf_value=-0.0027765538412627593 0.013702300660377743 -0.0050246974745740171 -0.023442389263924904 0.0013323837877705302 0.0040826880850774305 0.010611591592419733 -0.006573878436716773 0.0043853174907160291 -0.0041516386234469391 0.021669839347909139 0.0088777025920450774 0.0043561191033688927 0.023595634650412683
leaf_weight=1200 73 882 236 131 158 150 143 314 77 97 109 71 74
leaf_count=1200 73 882 236 131 158 150 143 314 77 97 109 71 74
internal_value=-0.00124935 -0.0023376 -0.00538255 -0.0145994 0.000627693 -0.00128887 0.00505324 -0.00255415 0.0101948 0.0107737 0.00348393 -0.0029475 0.0186847
internal_weight=3715 3168 1563 367 1605 1350 547 1196 333 255 186 214 147
internal_count=3715 3168 1563 367 1605 1350 547 1196 333 255 186 214 147
cat_boundaries=0 1
cat_threshold=2
is_linear=0
shrinkage=0.132659


Tree=52
num_leaves=12
num_cat=2
split_feature=2 6 3 13 1 1 2 6 13 9 6
split_gain=1.11222 1.41532 1.33375 1.07878 1.92692 1.89328 0.972037 0.810894 0.400571 0.358176 0.247893
threshold=182.50000000000003 -0.046918582822620396 7651.7000000000016 0 7650.0000000000009 8350.0000000000018 190.50000000000003 -0.040655869245125063 1 0.041261766615753405 0.027178578393363666
decision_type=2 2 2 1 2 2 2 2 1 2 2
left_child=1 2 8 5 -5 -3 7 -2 -1 -9 -8
right_child=6 3 -4 4 -6 -7 10 9 -10 -11 -12
leaf_value=-0.012347845715049502 0.016227834456892055 -0.00045093998307889474 -0.00064469139160657353 -0.0013460430826489117 -0.013401978190517468 0.014322808570194074 -0.0057750690079970569 0.0098185741038668024 -0.025847066424646594 -0.0019574769219881617 0.0038132039410966436
leaf_weight=75 147 1297 119 1130 294 173 143 79 80 107 71
leaf_count=75 147 1297 119 1130 294 173 143 79 80 107 71
internal_value=-0.00114198 -0.00209578 -0.0112081 -0.00123298 -0.00383525 0.00128787 0.0043819 0.00886473 -0.0193172 0.00304458 -0.00259385
internal_weight=3715 3168 274 2894 1424 1470 547 333 155 186 214
internal_count=3715 3168 274 2894 1424 1470 547 333 155 186 214
cat_boundaries=0 1 2
cat_threshold=2 2
is_linear=0
shrinkage=0.132659


Tree=53
num_leaves=10
num_cat=1
split_feature=2 6 13 4 1 2 9 5 5
split_gain=0.848913 1.18384 1.04425 1.42078 1.11157 0.735894 0.622776 0.317331 0.291877
threshold=182.50000000000003 -0.075825937062823021 0 0.01903168752282287 7650.0000000000009 190.50000000000003 0.057009061682785515 0.25102834214522002 0.20410036117276692
decision_type=2 2 1 2 2 2 2 2 2
left_child=1 -1 3 -3 -4 6 -2 -8 -7
right_child=5 2 4 -5 -6 8 7 -9 -10
leaf_value=-0.016298530711775255 -0.00070618748548899833 0.0050004417255071877 -0.001984029476324858 -0.0029987692445580319 -0.010657467166377707 0.0032020468948115314 0.015555504741224548 0.0053740685150596382 -0.0066579282048326773
leaf_weight=97 106 779 1174 784 334 95 139 88 119
leaf_count=97 106 779 1174 784 334 95 139 88 119
internal_value=-0.00103727 -0.00187055 -0.00141475 0.00098805 -0.00390516 0.00378864 0.00768913 0.0116092 -0.00228091
internal_weight=3715 3168 3071 1563 1508 547 333 227 214
internal_count=3715 3168 3071 1563 1508 547 333 227 214
cat_boundaries=0 1
cat_threshold=2
is_linear=0
shrinkage=0.132659


Tree=54
num_leaves=11
num_cat=0
split_feature=1 5 0 0 1 1 3 0 9 3
split_gain=0.853756 1.15106 1.5446 2.49419 1.25766 2.01241 1.19705 0.96383 0.58036 0.386127
threshold=8850.0000000000018 0.2011193975408713 9.5500000000000025 264.45000000000005 4725.0000000000009 4625.0000000000009 4635.1195000000016 793.75000000000011 0.26090554860741594 7986.4000000000005
decision_type=2 2 2 2 2 2 2 2 2 2
left_child=1 4 8 -4 5 -1 -6 9 -3 -2
right_child=7 2 3 -5 6 -7 -8 -9 -10 -11
leaf_value=0.0030068254875029363 0.0060012848048940533 0.0031865348942391597 -0.0096975416492190956 0.00031861168086258501 0.0022566626434406675 -0.019081297468664209 0.020882017815826621 -0.0013466666886415828 0.016372283316171615 0.01846608795966162
leaf_weight=782 74 340 710 1140 119 80 124 138 71 107
leaf_count=782 74 340 710 1140 119 80 124 138 71 107
internal_value=0.000445413 -0.000176215 -0.00189119 -0.00352547 0.00333286 0.000956562 0.0117617 0.00700435 0.00546493 0.013371
internal_weight=3685 3366 2261 1850 1105 862 243 319 411 181
internal_count=3685 3366 2261 1850 1105 862 243 319 411 181
is_linear=0
shrinkage=0.132659


Tree=55
num_leaves=12
num_cat=0
split_feature=0 0 0 0 0 9 3 1 1 3 3
split_gain=0.759268 3.97772 2.77406 1.8036 1.678 2.96056 1.60594 1.02095 2.21149 0.529963 0.451592
threshold=182.45000000000002 264.45000000000005 225.25000000000003 307.40000000000003 135.80000000000004 0.027476011818223994 8268.4000000000033 8950.0000000000018 7750.0000000000009 4595.1000000000013 4568.3090000000011
decision_type=2 2 2 2 2 2 2 2 2 2 2
left_child=4 2 9 10 7 -6 -5 8 -1 -2 -3
right_child=1 3 -4 6 5 -7 -8 -9 -10 -11 -12
leaf_value=0.0015417422678482581 0.0027829050077168749 0.007912811827015899 -0.030472532921421398 -0.0014014885539207645 -0.0058029691506773446 0.027609499910159832 0.018823192788037041 0.011902387250369521 -0.015450928025637578 -0.012121737543501062 0.022876961202727756
leaf_weight=1411 86 71 127 1286 79 114 73 136 149 82 71
leaf_count=1411 86 71 127 1286 79 114 73 136 149 82 71
internal_value=0.00035675 -0.00159613 -0.0156781 0.00117163 0.00221348 0.0139335 -0.000314888 0.000879651 -8.14163e-05 -0.00449243 0.0153967
internal_weight=3685 1796 295 1501 1889 193 1359 1696 1560 168 142
internal_count=3685 1796 295 1501 1889 193 1359 1696 1560 168 142
is_linear=0
shrinkage=0.132659


Tree=56
num_leaves=11
num_cat=0
split_feature=0 0 4 0 4 5 1 0 0 1
split_gain=0.62863 2.56663 1.58978 1.44892 1.11615 1.01636 0.995623 0.524696 2.01559 0.565055
threshold=36.850000000000009 52.95000000000001 -0.017830839662369379 72.700000000000003 -0.0066395942814828799 0.27088718016932745 8250.0000000000018 21.550000000000004 16.050000000000004 4625.0000000000009
decision_type=2 2 2 2 2 2 2 2 2 2
left_child=6 2 -2 4 -3 -5 7 8 -1 -9
right_child=1 3 -4 5 -6 -7 -8 9 -10 -11
leaf_value=0.0025533305299113049 -0.031642398101957916 0.00043469875179149854 -0.0057382280098130824 0.00085521683112560302 0.022679093226828453 -0.006055437785372415 0.014166725423558143 0.014354698176536996 -0.019378699645671169 -0.00055830227587910341
leaf_weight=603 71 73 101 1891 87 467 126 103 84 79
leaf_count=603 71 73 101 1891 87 467 126 103 84 79
internal_value=0.000298267 -0.000755513 -0.0164332 0.000315499 0.0125312 -0.000513463 0.00314715 0.00154914 -0.000128702 0.00788198
internal_weight=3685 2690 172 2518 160 2358 995 869 687 182
internal_count=3685 2690 172 2518 160 2358 995 869 687 182
is_linear=0
shrinkage=0.132659


Tree=57
num_leaves=9
num_cat=0
split_feature=4 0 0 0 0 3 10 2
split_gain=0.709438 0.85246 3.11688 2.86851 2.21528 1.91164 1.5369 0.183946
threshold=0.37314113398350063 513.60000000000002 447.25000000000006 707.60000000000014 1049.7 7780.2175000000016 0.17995816120692557 75.000000000000014
decision_type=2 2 2 2 2 2 2 2
left_child=1 2 6 5 -5 -3 -1 -4
right_child=-2 3 7 4 -6 -7 -8 -9
leaf_value=-0.00038592297329593318 -0.012528605001877906 0.0070531479842849609 -0.014994570930014764 -0.011161194968191381 0.0063122475176107026 0.030684799800231234 0.016800938544035041 -0.024279118938000874
leaf_weight=2520 78 171 80 234 281 93 95 71
leaf_count=2520 78 171 80 234 281 93 95 71
internal_value=-1.52621e-05 0.000260122 -0.00083159 0.00413641 -0.00162724 0.0153793 0.000238555 -0.0193623
internal_weight=3623 3545 2766 779 515 264 2615 151
internal_count=3623 3545 2766 779 515 264 2615 151
is_linear=0
shrinkage=0.132659


Tree=58
num_leaves=10
num_cat=0
split_feature=3 8 8 8 9 6 8 8 9
split_gain=0.642346 0.831002 3.26876 3.98203 1.68361 2.95369 1.45687 1.3194 0.502799
threshold=8228.4000000000015 9.024643718074584 6.2397331257643414 3.9891742436186033 0.042984206559630721 0.00030799389255789565 10.917291286774221 6.460641213970054 0.12285377697396672
decision_type=2 2 2 2 2 2 2 2 2
left_child=1 2 3 -1 5 -3 -6 -4 -2
right_child=8 4 7 -5 6 -7 -8 -9 -10
leaf_value=0.0011360291638915631 0.01206265883875959 -0.021082422949777455 0.021220696032013375 -0.020643910338905891 -0.0090904982244680663 0.0014406635081225265 0.002423579893305191 0.004860192489891382 -0.0003873639391519242
leaf_weight=1341 133 209 173 166 248 201 878 174 100
leaf_count=1341 133 209 173 166 248 201 878 174 100
internal_value=-1.77577e-05 -0.00048086 0.00140964 -0.00126328 -0.00276274 -0.010041 -0.000112471 0.0130175 0.00671963
internal_weight=3623 3390 1854 1507 1536 410 1126 347 233
internal_count=3623 3390 1854 1507 1536 410 1126 347 233
is_linear=0
shrinkage=0.132659


Tree=59
num_leaves=12
num_cat=0
split_feature=1 1 2 6 2 2 3 3 6 9 9
split_gain=0.556619 1.91679 1.42467 1.39146 0.760923 0.858133 0.673929 2.74939 1.23919 0.634147 0.59696
threshold=8350.0000000000018 7950.0000000000009 37.500000000000007 -0.0016999103264114855 103.50000000000001 75.000000000000014 4617.1000000000013 4595.1000000000013 0.0085197898857441914 0.071287187355480522 0.12026176052741236
decision_type=2 2 2 2 2 2 2 2 2 2 2
left_child=1 6 9 -3 5 -4 7 -1 -8 -2 -11
right_child=2 3 4 -5 -6 -7 8 -9 -10 10 -12
leaf_value=-0.00031730574181723772 0.022077863476428403 -0.023008465221558749 0.00085893567727413078 0.0003918151892220059 0.0075257199659944009 -0.016435002170533366 0.0086995393038696821 -0.023462307927511142 -0.00031723926149194607 -0.00048349494225633909 0.015444532474090437
leaf_weight=1523 71 113 115 74 97 90 383 96 895 87 79
leaf_count=1523 71 113 115 74 97 90 383 96 895 87 79
internal_value=-4.51402e-05 -0.000732558 0.00388796 -0.0137492 -0.00215386 -0.0067342 0.000107731 -0.00168993 0.00238505 0.0115865 0.00709745
internal_weight=3623 3084 539 187 302 205 2897 1619 1278 237 166
internal_count=3623 3084 539 187 302 205 2897 1619 1278 237 166
is_linear=0
shrinkage=0.132659


Tree=60
num_leaves=8
num_cat=0
split_feature=2 5 9 2 6 6 5
split_gain=0.989587 0.981601 3.4118 1.58716 0.949132 0.886924 0.6711
threshold=5.5000000000000009 0.26232450827581816 0.079322828000928117 33.500000000000007 -0.094451372372063996 -0.046918582822620396 0.17728539750959382
decision_type=2 2 2 2 2 2 2
left_child=-1 4 3 -3 -2 -4 -6
right_child=1 2 5 -5 6 -7 -8
leaf_value=0.011624535512492401 0.014292822162364018 -0.033637044424609457 -0.010577421505072368 -0.008222941678047933 0.0045527220313426658 0.0015870172335423652 -0.00070079213187725206
leaf_weight=125 91 86 125 87 554 675 1880
leaf_count=125 91 86 125 87 554 675 1880
internal_value=2.73162e-05 -0.000387158 -0.00396699 -0.0208585 0.000992333 -0.000313847 0.000494975
internal_weight=3623 3498 973 173 2525 800 2434
internal_count=3623 3498 973 173 2525 800 2434
is_linear=0
shrinkage=0.132659


Tree=61
num_leaves=10
num_cat=0
split_feature=0 0 0 2 2 10 0 4 10
split_gain=1.06059 1.94357 1.35061 0.90895 1.53446 1.52773 0.757279 0.876106 0.529081
threshold=16.850000000000001 20.350000000000005 12.150000000000002 49.000000000000007 58.500000000000007 0.060576737524599959 5.6500000000000004 -0.089993917764686834 0.071207082921212458
decision_type=2 2 2 2 2 2 2 2 2
left_child=2 -2 6 5 -5 -3 7 -1 -8
right_child=1 3 -4 4 -6 -7 8 -9 -10
leaf_value=0.014860300745553017 -0.022031700071972683 0.0009093566814477892 0.018940462895597858 0.011933132834133942 -6.7459056347613322e-05 -0.0083841546301747661 0.0032376653309423441 0.0013993218038964579 -0.010856844174500495
leaf_weight=123 76 704 100 217 1379 558 84 276 106
leaf_count=123 76 704 100 217 1379 558 84 276 106
internal_value=3.66028e-06 -0.00109625 0.00468736 -0.000539407 0.0015643 -0.00319987 0.00226702 0.00554939 -0.00462582
internal_weight=3623 2934 689 2858 1596 1262 589 399 190
internal_count=3623 2934 689 2858 1596 1262 589 399 190
is_linear=0
shrinkage=0.132659


Tree=62
num_leaves=9
num_cat=0
split_feature=0 0 0 10 0 0 0 6
split_gain=0.806037 1.51385 1.0238 0.863671 1.86032 1.19139 0.610781 0.348106
threshold=16.850000000000001 20.350000000000005 12.150000000000002 0.14245359493246132 67.350000000000009 267.50000000000006 8.9500000000000011 -0.0036855075943600202
decision_type=2 2 2 2 2 2 2 2
left_child=2 -2 6 5 -5 -3 7 -1
right_child=1 3 -4 4 -6 -7 -8 -9
leaf_value=0.0074409714158748868 -0.019449585310941028 -0.0044492760311682575 0.016478498150699562 0.023579178316517031 0.0011273557285322157 0.0015473247526510238 -0.0093944211590790486 0.00050278442829876932
leaf_weight=228 76 1215 100 76 446 1121 73 288
leaf_count=228 76 1215 100 76 446 1121 73 288
internal_value=-1.40701e-05 -0.000972941 0.00406906 -0.000481502 0.00439684 -0.00157163 0.00196179 0.00356864
internal_weight=3623 2934 689 2858 522 2336 589 516
internal_count=3623 2934 689 2858 522 2336 589 516
is_linear=0
shrinkage=0.132659


Tree=63
num_leaves=9
num_cat=1
split_feature=9 13 9 0 0 1 2 0
split_gain=1.29975 0.958219 2.43974 1.71281 2.13838 1.79675 0.577931 0.392733
threshold=0.0037947171202809596 0 0.034899704560211665 31.150000000000006 109.90000000000002 3325.0000000000005 92.500000000000014 225.25000000000003
decision_type=2 1 2 2 2 2 2 2
left_child=-1 2 7 5 -5 -3 -4 -2
right_child=1 3 6 4 -6 -7 -8 -9
leaf_value=-0.016860667181479549 0.016109753743032591 -0.010186130308884562 -0.0018012690478511359 -0.014500190556890306 -0.0015207131618649517 0.01004073722640959 0.0037310104077212559 0.0054588994804840871
leaf_weight=80 222 101 940 286 1020 329 514 84
leaf_count=80 222 101 940 286 1020 329 514 84
internal_value=-0.000143491 0.000239128 0.00242034 -0.00197224 -0.00436323 0.00528956 0.000154451 0.0131864
internal_weight=3576 3496 1760 1736 1306 430 1454 306
internal_count=3576 3496 1760 1736 1306 430 1454 306
cat_boundaries=0 1
cat_threshold=2
is_linear=0
shrinkage=0.132659


Tree=64
num_leaves=8
num_cat=0
split_feature=9 5 5 9 0 0 0
split_gain=1.03908 1.08517 2.10781 1.26066 0.900164 1.78706 1.75372
threshold=0.0037947171202809596 0.22258747294995415 0.21776351645147093 0.13176824327276407 535.75000000000011 34.750000000000007 631.70000000000016
decision_type=2 2 2 2 2 2 2
left_child=-1 2 3 -2 5 -3 -6
right_child=1 4 -4 -5 6 -7 -8
leaf_value=-0.015096959822253161 0.0026871913312172509 0.0016035119869290361 0.023387093652129948 -0.015473259084769065 0.016710656184612618 -0.0080509774979815318 -0.0009038435392355401
leaf_weight=80 1275 610 84 71 120 755 581
leaf_count=80 1275 610 84 71 120 755 581
internal_value=-0.000149829 0.000192277 0.00300154 0.00172907 -0.00175219 -0.00373655 0.00211179
internal_weight=3576 3496 1430 1346 2066 1365 701
internal_count=3576 3496 1430 1346 2066 1365 701
is_linear=0
shrinkage=0.132659


Tree=65
num_leaves=8
num_cat=0
split_feature=9 5 5 3 0 9 0
split_gain=0.830249 0.847659 1.61434 0.974053 0.699188 1.56012 1.34117
threshold=0.0037947171202809596 0.22258747294995415 0.21776351645147093 4626.0000000000009 535.75000000000011 0.083753607918403764 613.10000000000014
decision_type=2 2 2 2 2 2 2
left_child=-1 2 3 -2 5 -3 -6
right_child=1 4 -4 -5 6 -7 -8
leaf_value=-0.013520119318031097 -0.00055062331496020416 -0.0097158203324161727 0.020469828417339634 0.0076784711671046219 0.016225544871607992 -0.00017559164475038365 -0.00050589166958528854
leaf_weight=80 1008 450 84 338 98 915 603
leaf_count=80 1008 450 84 338 98 915 603
internal_value=-0.00015919 0.000146612 0.00262948 0.00151589 -0.00157194 -0.0033208 0.00183348
internal_weight=3576 3496 1430 1346 2066 1365 701
internal_count=3576 3496 1430 1346 2066 1365 701
is_linear=0
shrinkage=0.132659


Tree=66
num_leaves=9
num_cat=0
split_feature=4 3 1 9 2 2 3 3
split_gain=0.854657 1.18349 2.86304 3.01889 1.58939 1.81806 1.58522 1.01868
threshold=0.37314113398350063 7780.2175000000016 5350.0000000000009 0.1189212437137525 49.000000000000007 99.500000000000014 8201.2000000000025 4658.1665000000003
decision_type=2 2 2 2 2 2 2 2
left_child=1 2 7 -4 6 -6 -3 -1
right_child=-2 4 3 -5 5 -7 -8 -9
leaf_value=-0.00071530520782094563 -0.014085568988827875 -0.006277436131639667 -0.027444605795812281 -0.0014103022009874923 0.018154033173579547 0.00091574310332430745 0.0068354100238143594 0.0089417999470868953
leaf_weight=1888 76 359 144 172 228 204 296 214
leaf_count=1888 76 359 144 172 228 204 296 214
internal_value=-0.000169415 0.000132395 -0.00150201 -0.0132748 0.00376805 0.0100141 -0.000351604 0.000267923
internal_weight=3581 3505 2418 316 1087 432 655 2102
internal_count=3581 3505 2418 316 1087 432 655 2102
is_linear=0
shrinkage=0.132659


Tree=67
num_leaves=9
num_cat=0
split_feature=6 2 2 2 0 9 3 0
split_gain=1.14179 0.974916 1.79752 3.87047 1.14085 2.25037 2.17057 1.03953
threshold=0.14144934434268686 40.500000000000007 75.000000000000014 91.500000000000014 264.45000000000005 0.09195857575567408 4663.4000000000005 182.45000000000002
decision_type=2 2 2 2 2 2 2 2
left_child=1 4 7 -4 5 -1 -6 -3
right_child=-2 2 3 -5 6 -7 -8 -9
leaf_value=-0.008942650303555344 -0.015089151602547026 0.016062951899466098 -0.028426054304570628 0.0018529645354392957 -0.0066146144102659536 0.0034450575056492972 0.0091582778774428678 0.0027382523301857174
leaf_weight=724 88 228 79 1243 265 401 365 188
leaf_count=724 88 228 79 1243 265 401 365 188
internal_value=-0.000166614 0.000209401 0.00243646 4.32259e-05 -0.00199608 -0.00452713 0.00252364 0.0100416
internal_weight=3581 3493 1738 1322 1755 1125 630 416
internal_count=3581 3493 1738 1322 1755 1125 630 416
is_linear=0
shrinkage=0.132659


Tree=68
num_leaves=6
num_cat=0
split_feature=6 6 5 9 3
split_gain=0.875364 0.951169 0.691194 1.79624 1.05729
threshold=0.14144934434268686 0.10012378721065626 0.26232450827581816 0.066029861006533144 4658.1665000000003
decision_type=2 2 2 2 2
left_child=1 2 4 -4 -1
right_child=-2 -3 3 -5 -6
leaf_value=-0.0010310715991534622 -0.013240346985617032 0.011470407465390516 -0.017196534406985108 -0.00088911256467250489 0.0048457269622312598
leaf_weight=1637 88 126 140 787 803
leaf_count=1637 88 126 140 787 803
internal_value=-0.000174289 0.000154946 -0.000268554 -0.0033522 0.000902991
internal_weight=3581 3493 3367 927 2440
internal_count=3581 3493 3367 927 2440
is_linear=0
shrinkage=0.132659


Tree=69
num_leaves=7
num_cat=0
split_feature=9 9 5 0 0 0
split_gain=1.34854 0.792219 0.849753 0.814011 3.61768 2.52599
threshold=0.0071504807080980358 0.016136681876594176 0.18744064393152982 109.90000000000002 40.550000000000004 189.55000000000004
decision_type=2 2 2 2 2 2
left_child=-1 2 -2 4 -3 -5
right_child=1 3 -4 5 -6 -7
leaf_value=0.012817169857183603 -0.0017243935026694296 0.0015818806854597501 -0.019625314090156828 0.012697394186502436 -0.013331498597232785 -0.00061794418072275105
leaf_weight=133 114 988 79 298 403 1580
leaf_count=133 114 988 79 298 403 1580
internal_value=-0.000290584 -0.000794204 -0.00905276 -0.00030658 -0.00273892 0.00149502
internal_weight=3595 3462 193 3269 1391 1878
internal_count=3595 3462 193 3269 1391 1878
is_linear=0
shrinkage=0.132659


Tree=70
num_leaves=7
num_cat=0
split_feature=9 1 1 4 9 1
split_gain=1.05327 0.649909 1.63375 1.40046 1.38571 0.240917
threshold=0.0071504807080980358 2875.0000000000005 3025.0000000000005 0.062879581750942479 0.011943397008025939 2475.0000000000005
decision_type=2 2 2 2 2 2
left_child=-1 3 -3 -2 -4 -5
right_child=1 2 4 5 -6 -7
leaf_value=0.011308809679020326 0.018432480269346491 -0.01651506205835622 -0.018175951784363618 -0.0060601662820725455 -0.00026016660241744713 0.0024568730175831823
leaf_weight=133 95 120 78 87 2904 178
leaf_count=133 95 120 78 87 2904 178
internal_value=-0.000275368 -0.00072045 -0.00133965 0.00461483 -0.000728885 -0.000339473
internal_weight=3595 3462 3102 360 2982 265
internal_count=3595 3462 3102 360 2982 265
is_linear=0
shrinkage=0.132659


Tree=71
num_leaves=7
num_cat=0
split_feature=9 1 6 1 9 6
split_gain=0.821455 0.498973 1.40733 1.26887 1.12248 0.859564
threshold=0.0071504807080980358 2875.0000000000005 0.020638093337632325 3025.0000000000005 0.011943397008025939 0.032940407095478332
decision_type=2 2 2 2 2 2
left_child=-1 2 -2 -3 -5 -4
right_child=1 3 5 4 -6 -7
leaf_value=0.0099779574716758294 0.016532486977166878 -0.014561804143188634 -0.011753538458602634 -0.016352475860612312 -0.0002278402567313348 0.0044120983938963623
leaf_weight=133 110 120 91 78 2904 159
leaf_count=133 110 120 91 78 2904 159
internal_value=-0.000252337 -0.000645401 0.00402947 -0.00118796 -0.000649699 -0.00147256
internal_weight=3595 3462 360 3102 2982 250
internal_count=3595 3462 360 3102 2982 250
is_linear=0
shrinkage=0.132659


Tree=72
num_leaves=13
num_cat=1
split_feature=9 6 9 9 13 9 1 3 1 9 6 9
split_gain=0.48845 1.55932 2.7641 0.853378 0.840284 0.72567 1.10222 1.18994 0.913083 0.759336 0.82764 0.707737
threshold=0.025491377718305369 -0.0022263621696935122 0.018821753668021669 0.0037947171202809596 0 0.052238618601646268 7650.0000000000009 8119.3000000000011 4475.0000000000009 0.069803463824224685 -0.02173334169867212 0.079322828000928117
decision_type=2 2 2 2 1 2 2 2 2 2 2 2
left_child=1 2 -1 -3 -5 6 8 -8 -2 10 -7 -11
right_child=5 3 -4 4 -6 9 7 -9 -10 11 -12 -13
leaf_value=-0.019491529227095659 -0.0027068202877257347 -0.0015308703079397492 0.012683860342595684 0.021315831444080516 0.0061431751522847159 -0.0045002030204172438 0.016631178738934271 -0.0059917095510581596 -0.0156696845000605 -0.0081608593578222366 0.009902580409961538 0.00033979288641568126
leaf_weight=110 208 97 82 118 141 95 75 90 177 189 269 1956
leaf_count=110 208 97 82 118 141 95 75 90 177 189 269 1956
internal_value=0.000238188 0.00388543 -0.00575003 0.00908211 0.0130567 -0.000415208 -0.00477913 0.00429202 -0.00866679 0.000541433 0.00614357 -0.00040927
internal_weight=3607 548 192 356 259 3059 550 165 385 2509 364 2145
internal_count=3607 548 192 356 259 3059 550 165 385 2509 364 2145
cat_boundaries=0 1
cat_threshold=2
is_linear=0
shrinkage=0.132659


Tree=73
num_leaves=6
num_cat=0
split_feature=4 6 7 7 1
split_gain=0.391358 0.534682 0.446406 0.614418 0.405096
threshold=-0.170746369925977 -0.080315506818658344 0.7109701287407354 0.70710611773332965 4050.0000000000005
decision_type=2 2 2 2 2
left_child=-1 -2 3 -3 -4
right_child=1 2 4 -5 -6
leaf_value=-0.0071274181219250828 0.0099184976402826412 0.00035703302279593038 0.0033625549666694574 0.011795391612999502 -0.0071577054570090629
leaf_weight=124 102 2961 87 85 248
leaf_count=124 102 2961 87 85 248
internal_value=0.000195531 0.000456272 0.000170763 0.000676287 -0.00442554
internal_weight=3607 3483 3381 3046 335
internal_count=3607 3483 3381 3046 335
is_linear=0
shrinkage=0.132659


Tree=74
num_leaves=13
num_cat=0
split_feature=9 6 9 4 6 9 9 0 9 0 7 0
split_gain=0.379779 1.22481 2.14608 0.869435 1.58692 0.561277 0.579933 0.825946 0.538472 0.50288 0.94417 0.785564
threshold=0.025491377718305369 -0.0022263621696935122 0.018821753668021669 -0.0015250298837148262 0.0015352035478334756 0.052238618601646268 0.069803463824224685 88.250000000000014 0.079322828000928117 116.95000000000002 0.52733339051037864 40.550000000000004
decision_type=2 2 2 2 2 2 2 2 2 2 2 2
left_child=1 2 -1 -3 -5 9 7 -7 -8 11 -11 -2
right_child=5 3 -4 4 -6 6 8 -9 -10 10 -12 -13
leaf_value=-0.017265030379125173 -0.0023190186838335201 0.020676676436898935 0.011086047770971249 -0.012382214449534688 0.010452122318486577 -0.0030995386968793817 -0.0071602737527982326 0.010065794089513642 0.00025449984587066869 0.0031089942854137095 -0.01181281309542441 -0.019447205994612408
leaf_weight=110 109 75 82 72 209 131 189 233 1956 252 106 83
leaf_count=110 109 75 82 72 209 131 189 233 1956 252 106 83
internal_value=0.000166773 0.0033828 -0.00515683 0.00798848 0.00460095 -0.000409372 0.000431961 0.00532778 -0.000398877 -0.00424729 -0.00130952 -0.00972442
internal_weight=3607 548 192 356 281 3059 2509 364 2145 550 358 192
internal_count=3607 548 192 356 281 3059 2509 364 2145 550 358 192
is_linear=0
shrinkage=0.132659


Tree=75
num_leaves=11
num_cat=0
split_feature=0 0 0 0 0 3 1 2 9 2
split_gain=0.9127 2.56785 1.73268 1.70762 3.89932 1.76165 0.704507 0.854614 0.492852 0.235093
threshold=542.60000000000002 452.75000000000006 613.10000000000014 267.50000000000006 225.25000000000003 4511.1000000000013 5500.0000000000009 38.500000000000007 0.10688832726830562 56.500000000000007
decision_type=2 2 2 2 2 2 2 2 2 2
left_child=1 3 -2 4 -1 -5 9 -8 -3 -4
right_child=2 8 6 5 -6 -7 7 -9 -10 -11
leaf_value=-0.001037752926509401 0.019008083084220157 -0.023071454239699037 -0.010848974446788057 -0.0036451103517711066 -0.02480682657095145 0.012348075698800911 0.010054220979030616 -0.0011851339961901179 -0.0093319147011796007 -0.001415957932405744
leaf_weight=2074 106 103 94 199 129 310 201 292 83 92
leaf_count=2074 106 103 94 199 129 310 201 292 83 92
internal_value=-0.000776998 -0.00186389 0.00323544 -0.00082969 -0.00242976 0.00609541 0.00077274 0.00339741 -0.0169417 -0.00618373
internal_weight=3683 2898 785 2712 2203 509 679 493 186 186
internal_count=3683 2898 785 2712 2203 509 679 493 186 186
is_linear=0
shrinkage=0.132659


Tree=76
num_leaves=11
num_cat=0
split_feature=0 0 9 3 3 3 0 0 2 3
split_gain=0.709981 3.17141 1.08715 0.943671 2.11874 0.626325 0.62077 1.3831 1.09367 0.52198
threshold=513.60000000000002 476.50000000000006 0.083753607918403764 6015.5000000000009 7735.3000000000011 4660.6000000000013 1049.7 1286.2500000000002 12.500000000000002 7986.4000000000005
decision_type=2 2 2 2 2 2 2 2 2 2
left_child=1 3 9 5 -5 -1 8 -8 -4 -2
right_child=2 -3 6 4 -6 -7 7 -9 -10 -11
leaf_value=5.9863949630812692e-05 0.0059217356513222713 -0.027084633965293075 -0.016406274260132345 -0.024204948064045762 -0.0023620142428273394 0.0094973859035454838 0.015786422015712752 -0.0022245540167774042 0.00078150904697135292 0.020499396300204115
leaf_weight=1777 106 84 89 87 767 133 118 206 243 73
leaf_count=1777 106 84 89 87 767 133 118 206 243 73
internal_value=-0.000696423 -0.00169373 0.00270515 -0.000921932 -0.00458765 0.000717108 0.000204647 0.00433545 -0.00382662 0.0118681
internal_weight=3683 2848 835 2764 854 1910 656 324 332 179
internal_count=3683 2848 835 2764 854 1910 656 324 332 179
is_linear=0
shrinkage=0.132659


Tree=77
num_leaves=9
num_cat=0
split_feature=1 2 2 9 9 2 5 4
split_gain=0.786579 0.765344 1.41943 1.29789 1.63842 0.874784 0.354317 0.257939
threshold=9350.0000000000018 49.000000000000007 58.500000000000007 0.011943397008025939 0.020963001506648777 92.500000000000014 0.19091808784291206 1.0000000180025095e-35
decision_type=2 2 2 2 2 2 2 2
left_child=1 3 6 7 -5 -4 -3 -1
right_child=-2 2 5 4 -6 -7 -8 -9
leaf_value=-0.019900814958880974 -0.011473502510382523 0.0032119044268269208 -0.0076190566397181508 0.015040625153703049 -0.00212489384547792 0.0015658653374570365 0.014259434961298695 -0.0086678233276965121
leaf_weight=71 114 72 215 104 1652 1206 176 73
leaf_count=71 114 72 215 104 1652 1206 176 73
internal_value=-0.000626874 -0.000280363 0.00179234 -0.00210107 -0.00110813 0.000176096 0.0110525 -0.0142079
internal_weight=3683 3569 1669 1900 1756 1421 248 144
internal_count=3683 3569 1669 1900 1756 1421 248 144
is_linear=0
shrinkage=0.132659


Tree=78
num_leaves=13
num_cat=0
split_feature=2 2 2 2 0 2 2 0 0 0 5 0
split_gain=0.973633 1.17754 3.57589 1.40888 1.59932 1.33863 1.278 1.17201 1.82402 1.57028 0.649026 1.65127
threshold=94.500000000000014 75.000000000000014 91.500000000000014 49.000000000000007 50.650000000000013 33.500000000000007 93.500000000000014 167.50000000000003 116.95000000000002 88.250000000000014 0.1733321932836481 267.50000000000006
decision_type=2 2 2 2 2 2 2 2 2 2 2 2
left_child=1 3 -3 5 -5 -1 -4 8 9 -2 -9 -12
right_child=7 2 6 4 -6 -7 -8 10 -10 -11 11 -13
leaf_value=3.6127128827471817e-05 0.008168453155566904 -0.035628183882564196 0.0054163774439913003 -0.0085251402907289414 0.012414301233384727 -0.0078301348900640041 -0.016139294765982651 0.0091734913334787643 0.023951171552986872 -0.013975339229161615 -0.018320170030871278 0.0008578568696306129
leaf_weight=1345 273 71 152 86 253 531 71 101 100 71 95 469
leaf_count=1345 273 71 152 86 253 531 71 101 100 71 95 469
internal_value=-0.000368462 -0.00181528 -0.00970337 -0.000768217 0.00710207 -0.00219046 -0.00144729 0.00290479 0.00818247 0.00359763 -0.000619061 -0.00237291
internal_weight=3618 2509 294 2215 339 1876 223 1109 444 344 665 564
internal_count=3618 2509 294 2215 339 1876 223 1109 444 344 665 564
is_linear=0
shrinkage=0.132659


Tree=79
num_leaves=13
num_cat=0
split_feature=2 0 1 2 2 2 0 2 2 0 0 0
split_gain=0.756141 0.951004 1.16065 0.939076 2.8543 1.06711 1.21888 1.0403 0.988711 0.867608 0.679498 1.13248
threshold=94.500000000000014 184.95000000000002 5500.0000000000009 75.000000000000014 91.500000000000014 49.000000000000007 50.650000000000013 33.500000000000007 93.500000000000014 58.150000000000013 267.50000000000006 362.30000000000007
decision_type=2 2 2 2 2 2 2 2 2 2 2 2
left_child=3 2 9 5 -5 7 -7 -1 -6 -2 -3 -12
right_child=1 10 -4 4 8 6 -8 -9 -10 -11 11 -13
leaf_value=3.1619701812525849e-05 -0.0044736493781180782 -0.010436371148652146 0.017452338955856555 -0.031834625073585913 0.0047404650856407854 -0.0074864549676452018 0.010793578999720256 -0.0069029314375976085 -0.014219195805493667 0.0091131535309828121 0.013793196480438807 -0.0018054239965714567
leaf_weight=1345 153 107 135 71 152 86 253 531 71 180 101 433
leaf_count=1345 153 107 135 71 152 86 253 531 71 180 101 433
internal_value=-0.000353498 0.00253109 0.00707737 -0.00162852 -0.00867278 -0.000693468 0.00615602 -0.00193124 -0.0012966 0.00287064 -0.000788284 0.0011452
internal_weight=3618 1109 468 2509 294 2215 339 1876 223 333 641 534
internal_count=3618 1109 468 2509 294 2215 339 1876 223 333 641 534
is_linear=0
shrinkage=0.132659


Tree=80
num_leaves=10
num_cat=0
split_feature=2 2 2 3 2 0 2 2 2
split_gain=0.60641 1.82488 1.23449 0.854448 0.808436 0.929181 0.80785 0.64262 0.703507
threshold=92.500000000000014 75.000000000000014 91.500000000000014 8032.1000000000013 49.000000000000007 50.650000000000013 33.500000000000007 93.500000000000014 94.500000000000014
decision_type=2 2 2 2 2 2 2 2 2
left_child=1 4 -3 7 6 -6 -1 -2 -9
right_child=3 2 -4 -5 5 -7 -8 8 -10
leaf_value=2.7674582796484784e-05 0.013020575526564019 -0.028444990520094769 -0.0042687266432051927 0.014406436464414835 -0.0065743208624048392 0.0093862144602280834 -0.0060832023527048334 -0.012519257247876543 0.0011370701276985835
leaf_weight=1345 74 71 78 91 86 253 531 71 1018
leaf_count=1345 74 71 78 91 86 253 531 71 1018
internal_value=-0.00032983 -0.00158069 -0.0157908 0.00202824 -0.000624685 0.0053371 -0.00170204 0.0010595 0.000246538
internal_weight=3618 2364 149 1254 2215 339 1876 1163 1089
internal_count=3618 2364 149 1254 2215 339 1876 1163 1089
is_linear=0
shrinkage=0.132659


Tree=81
num_leaves=7
num_cat=0
split_feature=9 2 6 2 2 2
split_gain=0.790511 0.810775 0.61744 1.39241 1.3208 0.610603
threshold=0.37314113398350063 190.50000000000003 0.015333582873524603 101.50000000000001 98.500000000000014 192.50000000000003
decision_type=2 2 2 2 2 2
left_child=1 2 4 -4 -1 -3
right_child=-2 5 3 -5 -6 -7
leaf_value=0.00088351173504372968 -0.013132855403815267 -0.014218596285822588 0.0007227036654428768 -0.011522149798626813 0.0092339512462136664 -0.0003022690632973947
leaf_weight=1728 75 109 1009 195 413 113
leaf_count=1728 75 109 1009 195 413 113
internal_value=0.000344125 0.000627552 0.00114281 -0.0012606 0.00249437 -0.00713561
internal_weight=3642 3567 3345 1204 2141 222
internal_count=3642 3567 3345 1204 2141 222
is_linear=0
shrinkage=0.132659


Tree=82
num_leaves=8
num_cat=0
split_feature=6 0 0 9 0 9 10
split_gain=0.683164 0.449656 4.74914 1.78121 1.60042 0.557001 0.868441
threshold=0.14878689952832266 36.850000000000009 51.800000000000004 0.074587240171378785 83.950000000000017 0.23493180061603661 0.078571308111370128
decision_type=2 2 2 2 2 2 2
left_child=1 5 3 -3 -4 6 -1
right_child=-2 2 4 -5 -6 -7 -8
leaf_value=0.0046435448223322504 -0.012319964188930889 -0.0084910330153760011 0.011404961783402716 -0.037028344519943995 -4.483485692253495e-05 0.012872551127817754 -0.0045339714218557902
leaf_weight=623 74 76 238 78 2206 91 256
leaf_count=623 74 76 238 78 2206 91 256
internal_value=0.000294714 0.000556397 -0.00035358 -0.0229474 0.00107023 0.0029936 0.00197065
internal_weight=3642 3568 2598 154 2444 970 879
internal_count=3642 3568 2598 154 2444 970 879
is_linear=0
shrinkage=0.132659


Tree=83
num_leaves=12
num_cat=0
split_feature=4 6 3 4 2 2 2 2 0 2 6
split_gain=0.673871 1.7794 1.06031 0.94417 0.917316 0.612822 0.902006 0.807042 0.765059 0.675664 0.53207
threshold=0.022417316897014084 0.0018715275363770751 4590.0000000000009 -0.0015250298837148262 10.500000000000002 101.50000000000001 182.50000000000003 92.500000000000014 358.55000000000007 75.000000000000014 0.082501354134450491
decision_type=2 2 2 2 2 2 2 2 2 2 2
left_child=1 3 -3 4 -1 7 -7 9 -8 -2 -9
right_child=5 2 -4 -5 -6 6 8 10 -10 -11 -12
leaf_value=0.009027595031069811 -0.0013669402133111173 0.0031998024352065859 0.024399755696700744 -0.012979734941966989 0.00013396255287579769 -0.018147189238055764 0.0045850017392278604 0.011327785045250489 -0.012310333737710118 -0.014508802179424898 7.5230617677065416e-05
leaf_weight=236 986 75 93 85 1509 92 117 144 79 74 152
leaf_count=236 986 75 93 85 1509 92 117 144 79 74 152
internal_value=0.000234489 0.00187132 0.0149367 0.000671755 0.00133684 -0.0017548 -0.00731219 -0.000574394 -0.00222529 -0.0022846 0.00554978
internal_weight=3642 1998 168 1830 1745 1644 288 1356 196 1060 296
internal_count=3642 1998 168 1830 1745 1644 288 1356 196 1060 296
is_linear=0
shrinkage=0.132659


Tree=84
num_leaves=10
num_cat=1
split_feature=10 0 1 0 1 1 1 13 6
split_gain=1.1523 1.45916 0.893998 0.769841 1.12977 0.831311 1.0394 0.790098 0.465745
threshold=0.15192926942680532 866.85000000000014 7750.0000000000009 1049.7 6300.0000000000009 2875.0000000000005 2775.0000000000005 0 0.097112106095946199
decision_type=2 2 2 2 2 2 2 1 2
left_child=3 2 8 5 -5 6 -1 -7 -2
right_child=1 -3 -4 4 -6 7 -8 -9 -10
leaf_value=0.00054188295907986591 0.0014752299906403855 -0.0058512764432593033 0.021741832222564688 -0.0049617696312618592 0.01422521351667326 2.3873574790256065e-06 0.017282609871872075 -0.0045894637004774618 0.013580395777947374
leaf_weight=281 136 127 95 90 135 1306 85 1332 95
leaf_count=281 136 127 95 90 135 1306 85 1332 95
internal_value=-5.45637e-05 0.00621089 0.01091 -0.000933579 0.0065506 -0.00149418 0.00443036 -0.00231618 0.00645416
internal_weight=3682 453 326 3229 225 3004 366 2638 231
internal_count=3682 453 326 3229 225 3004 366 2638 231
cat_boundaries=0 1
cat_threshold=2
is_linear=0
shrinkage=0.132659


Tree=85
num_leaves=11
num_cat=0
split_feature=3 3 0 0 7 0 0 0 9 9
split_gain=0.782112 1.39032 1.28318 2.35245 1.68847 2.54369 1.36916 0.86518 0.82337 2.19628
threshold=4658.1665000000003 4646.2000000000007 135.80000000000004 179.00000000000003 0.33304780332702039 60.350000000000009 74.450000000000017 264.45000000000005 0.011401544824069793 0.019450372663999484
decision_type=2 2 2 2 2 2 2 2 2 2
left_child=1 8 4 -4 5 -2 -6 -5 -1 -10
right_child=2 -3 3 7 6 -7 -8 -9 9 -11
leaf_value=0.0093029967092890017 -0.0026695205819462441 -0.018686309338085703 0.026603994173410049 -0.0070412246649168356 0.015844834478508568 -0.029097326885413013 -0.0051398736898634586 0.0046221055797477763 -0.021386536322498786 -0.00074439352473951008
leaf_weight=124 382 83 81 129 129 77 95 845 96 1641
leaf_count=124 382 83 81 129 129 77 95 845 96 1641
internal_value=-6.10491e-05 -0.00188916 0.00198374 0.00488398 -0.00249613 -0.00710382 0.00694533 0.00307728 -0.00113986 -0.00188543
internal_weight=3682 1944 1738 1055 683 459 224 974 1861 1737
internal_count=3682 1944 1738 1055 683 459 224 974 1861 1737
is_linear=0
shrinkage=0.132659


Tree=86
num_leaves=10
num_cat=0
split_feature=3 3 5 1 0 0 3 9 2
split_gain=0.591286 1.08828 1.06878 1.12892 1.72196 1.27258 0.745881 0.80218 0.599168
threshold=4658.1665000000003 4646.2000000000007 0.42344450211972923 5900.0000000000009 135.80000000000004 338.40000000000009 4643.9000000000005 0.0071504807080980358 8.5000000000000018
decision_type=2 2 2 2 2 2 2 2 2
left_child=1 6 3 5 -5 -2 7 -1 -4
right_child=2 -3 8 4 -6 -7 -8 -9 -10
leaf_value=0.011269672012102331 0.017983753183142128 -0.01653683809094985 0.00022963839863259457 -0.0057030138844930542 0.0045251201882138036 -0.00071117162963809017 0.012223997519379462 -0.0021614442575210628 -0.015965665585552468
leaf_weight=82 162 83 74 433 875 106 72 1707 88
leaf_count=82 162 83 74 433 875 106 72 1707 88
internal_value=-8.62957e-05 -0.00167582 0.00169163 0.00274636 0.00113917 0.0105899 -0.00101288 -0.00154572 -0.0085685
internal_weight=3682 1944 1738 1576 1308 268 1861 1789 162
internal_count=3682 1944 1738 1576 1308 268 1861 1789 162
is_linear=0
shrinkage=0.132659


Tree=87
num_leaves=12
num_cat=0
split_feature=0 0 2 1 0 10 0 0 1 3 0
split_gain=0.597096 2.57519 1.38395 1.96976 2.60097 1.32547 1.16887 0.926771 0.91635 0.734742 0.562441
threshold=225.25000000000003 264.45000000000005 35.500000000000007 6450.0000000000009 36.850000000000009 0.10347572847674895 332.55000000000007 10.450000000000001 3025.0000000000005 8099.5975000000008 508.05000000000007
decision_type=2 2 2 2 2 2 2 2 2 2 2
left_child=2 -2 3 8 -5 6 -3 -4 -1 -9 -7
right_child=1 5 7 4 -6 10 -8 9 -10 -11 -12
leaf_value=-0.0068437839162592455 -0.019708715056230116 0.014786065506637613 -0.0076111415708464301 -0.0015276349645122142 -0.02866382332885541 -0.009430332924979962 0.001350077517159062 0.0072269745630907101 0.0050591523217012272 -0.0048465126445727431 -0.001469589116623222
leaf_weight=152 127 140 95 167 99 237 612 934 453 98 458
leaf_count=152 127 140 95 167 99 237 612 934 453 98 458
internal_value=0.000334563 -0.00159783 0.00185688 -0.00211455 -0.0116283 -8.06937e-06 0.00385173 0.00492618 0.00206855 0.0060804 -0.00418442
internal_weight=3572 1574 1998 871 266 1447 752 1127 605 1032 695
internal_count=3572 1574 1998 871 266 1447 752 1127 605 1032 695
is_linear=0
shrinkage=0.132659


Tree=88
num_leaves=10
num_cat=0
split_feature=5 1 10 10 0 0 10 10 4
split_gain=0.658025 1.02086 0.744434 0.689751 1.66779 1.02454 0.579704 1.06191 1.0041
threshold=0.24292621873421066 8650.0000000000018 0.044392718982307795 0.083822849216738479 567.85000000000014 225.25000000000003 0.045023910564552481 0.096783000175160325 -0.017830839662369379
decision_type=2 2 2 2 2 2 2 2 2
left_child=1 6 -2 4 -4 -5 8 -8 -1
right_child=2 -3 3 5 -6 -7 7 -9 -10
leaf_value=0.0064139624036070068 0.0089036543042227845 0.015606873730047844 -0.01109031183297216 0.0042259947368982215 0.0086863457066563218 -0.0046157957446446218 0.0051016630082543913 -0.001785904159522046 -0.0083383595461685323
leaf_weight=120 105 90 357 421 95 510 950 673 251
leaf_count=120 105 90 357 421 95 510 950 673 251
internal_value=0.000266612 0.00178804 -0.0018642 -0.00268181 -0.00693354 -0.000617514 0.0011642 0.00224564 -0.00356664
internal_weight=3572 2084 1488 1383 452 931 1994 1623 371
internal_count=3572 2084 1488 1383 452 931 1994 1623 371
is_linear=0
shrinkage=0.132659


Tree=89
num_leaves=10
num_cat=0
split_feature=9 2 5 9 10 4 4 0 6
split_gain=0.592307 1.49849 0.78195 0.704995 0.822395 0.577136 0.478294 0.44642 0.413852
threshold=0.013774438298551834 29.500000000000004 0.19336562468989704 0.079322828000928117 0.11990108926159428 0.37314113398350063 1.0000000180025095e-35 332.55000000000007 -0.022778012207672903
decision_type=2 2 2 2 2 2 2 2 2
left_child=1 -1 7 4 -4 -5 -3 8 -2
right_child=2 6 3 5 -6 -7 -8 -9 -10
leaf_value=-0.020705056869086507 -0.0014153453930676786 -0.0062584915731722689 -0.0009867802035645433 0.0014887919296592742 -0.010768848149943042 -0.010549676470035274 0.0070006501103433861 -0.0037397126789768457 0.007289943147955104
leaf_weight=82 117 91 510 1744 215 73 101 101 538
leaf_count=82 117 91 510 1744 215 73 101 101 538
internal_value=0.000231113 -0.00569526 0.000723506 -0.000390466 -0.00388785 0.00100504 0.000716355 0.0044691 0.00573495
internal_weight=3572 274 3298 2542 725 1817 192 756 655
internal_count=3572 274 3298 2542 725 1817 192 756 655
is_linear=0
shrinkage=0.132659


Tree=90
num_leaves=8
num_cat=0
split_feature=6 0 3 10 9 0 0
split_gain=1.24684 1.29682 0.772046 0.684228 0.832317 0.618307 0.534697
threshold=0.097112106095946199 67.350000000000009 8252.3000000000011 0.048724077246409238 0.057009061682785515 27.950000000000003 5.6500000000000004
decision_type=2 2 2 2 2 2 2
left_child=2 -2 3 4 -1 -4 -5
right_child=1 -3 5 6 -6 -7 -8
leaf_value=-0.009626151448244363 0.021639471575196117 0.00062926275639077641 -0.0025680029836063233 0.0056063947883658021 0.00055964699634664301 0.012559123405722152 -0.00090450077205370518
leaf_weight=335 92 118 74 245 244 133 2360
leaf_count=335 92 118 74 245 244 133 2360
internal_value=-8.42505e-05 0.0098347 -0.000698563 -0.00120895 -0.00533379 0.00715156 -0.00029212
internal_weight=3601 210 3391 3184 579 207 2605
internal_count=3601 210 3391 3184 579 207 2605
is_linear=0
shrinkage=0.132659


Tree=91
num_leaves=10
num_cat=0
split_feature=10 10 4 3 10 1 5 1 3
split_gain=0.815062 0.704683 0.658942 0.597981 0.564547 0.554924 0.937604 0.841005 0.475263
threshold=0.14245359493246132 0.13595384960421503 -0.17407313090595591 8252.3000000000011 0.048724077246409238 5900.0000000000009 0.26284324056066943 4975.0000000000009 8295.1000000000022
decision_type=2 2 2 2 2 2 2 2 2
left_child=1 3 -2 4 -1 7 -7 -4 -5
right_child=2 -3 5 8 -6 6 -8 -9 -10
leaf_value=-0.0047186214705038079 -0.0066669624266458578 -0.010912575156614519 0.0043036292867716461 0.013945575312877073 -4.876106370843578e-05 0.010661719318825907 -0.0043553701539856809 0.02170518183208664 0.00064541351018053644
leaf_weight=579 80 120 115 86 2137 137 157 85 105
leaf_count=579 80 120 115 86 2137 137 157 85 105
internal_value=-8.19056e-05 -0.00095101 0.00450123 -0.000539741 -0.00104431 0.00631 0.00264258 0.0117005 0.00663466
internal_weight=3601 3027 574 2907 2716 494 294 200 191
internal_count=3601 3027 574 2907 2716 494 294 200 191
is_linear=0
shrinkage=0.132659


Tree=92
num_leaves=8
num_cat=0
split_feature=6 5 10 3 3 2 3
split_gain=0.876122 0.541212 0.461974 0.779827 0.396862 0.367455 0.323285
threshold=0.097112106095946199 0.30191883684295306 0.029911348884858028 4660.6000000000013 8252.3000000000011 103.50000000000001 8295.1000000000022
decision_type=2 2 2 2 2 2 2
left_child=2 -2 3 -1 5 -4 -6
right_child=1 -3 4 -5 6 -7 -8
leaf_value=-0.015452818579619361 0.0033713195648840582 0.017558896141106534 -0.0013675008284184944 0.0030081668676109263 0.011122389870458396 0.0022705392818563033 0.00059321357804599528
leaf_weight=93 138 72 2407 71 94 613 113
leaf_count=93 138 72 2407 71 94 613 113
internal_value=-7.80029e-05 0.00823662 -0.000592954 -0.00746103 -0.000243873 -0.000629042 0.00537509
internal_weight=3601 210 3391 164 3227 3020 207
internal_count=3601 210 3391 164 3227 3020 207
is_linear=0
shrinkage=0.132659


Tree=93
num_leaves=7
num_cat=0
split_feature=1 6 9 6 6 5
split_gain=0.866531 0.710819 0.648861 0.598689 0.507551 0.553156
threshold=2875.0000000000005 0.14144934434268686 0.062723583100546723 0.035197063712924546 0.097112106095946199 0.17084258181658868
decision_type=2 2 2 2 2 2
left_child=2 4 -1 -4 5 -2
right_child=1 -3 3 -5 -6 -7
leaf_value=0.016209457719950738 0.0041115664393985658 -0.013120411321990441 -0.0037758815952759037 0.009050835392520629 0.0084273193528983555 -0.0012847318567490282
leaf_weight=88 381 78 121 136 113 2726
leaf_count=88 381 78 121 136 113 2726
internal_value=5.32534e-05 -0.000608488 0.00637886 0.00301193 -0.000305339 -0.000622985
internal_weight=3643 3298 345 257 3220 3107
internal_count=3643 3298 345 257 3220 3107
is_linear=0
shrinkage=0.132659


Tree=94
num_leaves=7
num_cat=0
split_feature=1 10 6 6 7 6
split_gain=0.656119 0.644868 0.600716 0.545915 0.408195 0.416457
threshold=2875.0000000000005 0.060576737524599959 0.031332412154762443 0.14144934434268686 0.12158486873080281 0.097112106095946199
decision_type=2 2 2 2 2 2
left_child=1 -1 -3 4 -2 -6
right_child=3 2 -4 -5 5 -7
leaf_value=0.014919777085787754 0.0074257331016293181 -0.0069499459252386955 0.0067236418034553151 -0.011496349935085352 -0.00085454813490370833 0.0073490911178370547
leaf_weight=94 117 86 165 78 2990 113
leaf_count=94 117 86 165 78 2990 113
internal_value=4.44368e-05 0.00554873 0.00203851 -0.000531384 -0.000265716 -0.000555764
internal_weight=3643 345 251 3298 3220 3103
internal_count=3643 345 251 3298 3220 3103
is_linear=0
shrinkage=0.132659


Tree=95
num_leaves=8
num_cat=0
split_feature=3 0 2 0 0 0 9
split_gain=0.525783 1.17728 0.511528 0.472797 0.642839 3.6062 1.29872
threshold=2950.3000000000006 35.750000000000007 75.000000000000014 0.75000000000000011 264.45000000000005 228.65000000000001 0.020963001506648777
decision_type=2 2 2 2 2 2 2
left_child=1 -1 -3 -2 5 -5 -6
right_child=3 2 -4 4 6 -7 -8
leaf_value=0.01838267336729512 0.0076411550016419498 0.010297453572009804 -0.0027748196232567665 -0.0011327176068312631 0.018572574512828659 -0.029125883421162613 0.00038798443290570723
leaf_weight=86 121 71 204 1709 73 85 1294
leaf_count=86 121 71 204 1709 73 85 1294
internal_value=3.21828e-05 0.00483741 0.000600597 -0.000496383 -0.000807919 -0.00245929 0.00135928
internal_weight=3643 361 275 3282 3161 1794 1367
internal_count=3643 361 275 3282 3161 1794 1367
is_linear=0
shrinkage=0.132659


Tree=96
num_leaves=15
num_cat=0
split_feature=2 9 5 10 0 3 5 2 4 3 5 0 1 4
split_gain=0.681878 1.70685 1.28778 1.13443 1.04822 0.786611 0.715558 0.642102 0.464324 0.462639 0.434016 0.398954 0.663615 0.465505
threshold=49.000000000000007 0.034191573937677279 0.18375357201811962 0.10232319738751723 173.45000000000002 4494.3000000000002 0.18375357201811962 30.500000000000004 -0.014565489744421513 8066.1000000000013 0.18203011222462392 1022.4500000000002 4375.0000000000009 0.23096739999254776
decision_type=2 2 2 2 2 2 2 2 2 2 2 2 2 2
left_child=1 2 7 5 -4 10 -5 -1 -7 -8 -2 12 -3 -13
right_child=3 11 4 6 -6 8 9 -9 -10 -11 -12 13 -14 -15
leaf_value=0.0036289591215295713 0.0063430840104820889 0.002585767318145903 -0.030297445901749463 -0.010890292723861297 -0.0082633839923450542 0.017514081376951117 0.0013301438753258608 -0.010774757331067647 0.0070013274637395389 -0.0094537949042138251 -0.006055213047275119 0.012717364663398451 -0.0032963546619284041 -0.0015926155220101761
leaf_weight=112 108 622 76 104 76 126 1049 106 179 75 92 90 738 72
leaf_count=112 108 622 76 104 76 126 1049 106 179 75 92 90 738 72
internal_value=-8.81557e-05 -0.00182945 -0.0099105 0.00181289 -0.0192825 0.00710549 -0.000363684 -0.00337495 0.011345 0.000610447 0.000639823 0.000135147 -0.000606148 0.00635783
internal_weight=3625 1892 370 1733 152 505 1228 218 305 1124 200 1522 1360 162
internal_count=3625 1892 370 1733 152 505 1228 218 305 1124 200 1522 1360 162
is_linear=0
shrinkage=0.132659


Tree=97
num_leaves=10
num_cat=0
split_feature=0 0 0 0 0 1 1 10 10
split_gain=0.61775 2.16545 1.39086 1.48574 0.760138 1.12783 1.11112 0.595325 0.429601
threshold=41.95000000000001 54.250000000000007 70.800000000000026 104.05000000000003 22.350000000000005 5900.0000000000009 4125.0000000000009 0.13661514734711103 0.084389250185516337
decision_type=2 2 2 2 2 2 2 2 2
left_child=4 -2 -3 -4 7 6 -6 8 -1
right_child=1 2 3 -5 5 -7 -8 -9 -10
leaf_value=-0.00011287712740479641 -0.019167385588821865 0.012965839273240892 -0.011747412187021194 -7.3186220867144371e-05 0.0042812516471437221 -0.0055834579963153627 0.024321752951634142 -0.011053287611846567 0.0075292465617513571
leaf_weight=553 113 130 211 2112 101 71 94 71 169
leaf_count=553 113 130 211 2112 101 71 94 71 169
internal_value=-0.000101005 -0.00121352 -0.000386339 -0.00113364 0.00259465 0.00873104 0.013943 0.000536147 0.00167605
internal_weight=3625 2566 2453 2323 1059 266 195 793 722
internal_count=3625 2566 2453 2323 1059 266 195 793 722
is_linear=0
shrinkage=0.132659


Tree=98
num_leaves=16
num_cat=0
split_feature=2 9 5 10 0 5 10 5 2 1 0 5 9 2 9
split_gain=0.544454 1.32208 1.02233 0.84041 0.806772 0.688527 1.2944 1.03827 0.488921 0.399636 0.61215 0.389991 0.844413 0.592461 0.25216
threshold=49.000000000000007 0.034191573937677279 0.18375357201811962 0.10232319738751723 173.45000000000002 0.2360954476529491 0.12997467065308524 0.23897229432949588 30.500000000000004 4375.0000000000009 120.7 0.36242716987560225 0.13600393462967902 36.500000000000007 0.080695032873970882
decision_type=2 2 2 2 2 2 2 2 2 2 2 2 2 2 2
left_child=1 2 8 9 -4 6 -5 -7 -1 14 -11 13 -13 -3 -2
right_child=3 11 4 5 -6 7 -8 -9 -10 10 -12 12 -14 -15 -16
leaf_value=0.0031693264328311404 -0.00098898137295024176 0.0027307998974118604 -0.026779329643836013 -0.011132990761719324 -0.007448670714304691 0.016900937996619285 0.0028219336898238009 0.00055830547363981318 -0.0093994118059976019 0.0026442753627623152 0.016346492231692069 -0.016699678631055058 -0.00033652016939261564 -0.0043304061591029263 0.0071028603502260234
leaf_weight=112 148 939 76 238 76 76 230 684 106 104 128 72 242 269 125
leaf_count=112 148 939 76 238 76 76 230 684 106 104 128 72 242 269 125
internal_value=-9.73738e-05 -0.00165333 -0.00876545 0.00160134 -0.0171158 -0.000272063 -0.00427493 0.0021929 -0.00294231 0.00615674 0.0102047 7.57004e-05 -0.00408926 0.00115836 0.00271626
internal_weight=3625 1892 370 1733 152 1228 468 760 218 505 232 1522 314 1208 273
internal_count=3625 1892 370 1733 152 1228 468 760 218 505 232 1522 314 1208 273
is_linear=0
shrinkage=0.132659


Tree=99
num_leaves=9
num_cat=1
split_feature=5 3 9 6 3 9 13 6
split_gain=0.518731 1.21498 0.948704 0.539574 0.727215 0.536082 1.06706 0.503028
threshold=0.22785699811003765 8092.8975000000009 0.013423934960792786 -0.068054641842601557 2905.7000000000003 0.042984206559630721 0 -0.068054641842601557
decision_type=2 2 2 2 2 2 1 2
left_child=1 3 -2 -1 -5 6 -4 -7
right_child=2 -3 5 4 -6 7 -8 -9
leaf_value=0.011246559295950044 0.013671353999950116 0.01601933079731354 -4.7268292540538569e-05 -0.011096039089795163 0.0010360199792085621 -0.0074571108461004261 -0.021316278669850097 -0.00048139141408797085
leaf_weight=83 71 99 98 93 1333 205 72 1615
leaf_count=83 71 99 98 93 1333 205 72 1615
internal_value=-1.74612e-06 0.00178403 -0.00139502 0.000849936 0.00024468 -0.00193267 -0.0090565 -0.00126718
internal_weight=3669 1608 2061 1509 1426 1990 170 1820
internal_count=3669 1608 2061 1509 1426 1990 170 1820
cat_boundaries=0 1
cat_threshold=2
is_linear=0
shrinkage=0.132659


Tree=100
num_leaves=14
num_cat=1
split_feature=13 4 2 2 2 10 10 4 2 3 5 2 4
split_gain=0.47452 0.889941 0.996514 2.77043 0.852705 0.851172 1.29433 1.18113 1.08412 0.661733 0.509387 0.857803 0.377512
threshold=0 -0.076730880380750918 101.50000000000001 92.500000000000014 185.50000000000003 0.11826549523211195 0.13661514734711103 0.099191526195917826 100.50000000000001 4626.0000000000009 0.33988152261022481 30.500000000000004 -0.11147343822055224
decision_type=1 2 2 2 2 2 2 2 2 2 2 2 2
left_child=1 10 3 -3 -4 8 7 -7 9 -2 11 -1 -8
right_child=5 2 4 -5 -6 6 12 -9 -10 -11 -12 -13 -14
leaf_value=0.010343506019711223 -0.0041975469212813315 0.001897628766169871 -0.011750566887849829 0.019363253966682568 0.0035322769125666746 -0.018893988320046129 0.0076275038512012032 0.0010032816318354581 0.014446937251971452 0.0019385573213735788 -0.013776967102355471 -0.0046939513863513147 -0.0032896505672267888
leaf_weight=84 556 907 130 194 127 175 88 75 88 697 71 325 152
leaf_count=84 556 907 130 194 127 175 88 75 88 697 71 325 152
internal_value=-2.03621e-06 0.00150373 0.00323918 0.00497537 -0.00419858 -0.00151356 -0.00624515 -0.0129251 0.000215408 -0.000784263 -0.00340608 -0.00160528 0.000713536
internal_weight=3669 1838 1358 1101 257 1831 490 250 1341 1253 480 409 240
internal_count=3669 1838 1358 1101 257 1831 490 250 1341 1253 480 409 240
cat_boundaries=0 1
cat_threshold=2
is_linear=0
shrinkage=0.132659


Tree=101
num_leaves=8
num_cat=0
split_feature=5 1 9 9 0 3 0
split_gain=0.403649 1.03836 0.7642 0.717181 0.573618 0.490567 0.354682
threshold=0.22785699811003765 8350.0000000000018 0.016136681876594176 0.029722458506103434 530.10000000000014 4626.0000000000009 28.950000000000003
decision_type=2 2 2 2 2 2 2
left_child=1 4 -2 -4 5 -1 -5
right_child=2 -3 3 6 -6 -7 -8
leaf_value=-0.001141402380206169 0.010855069676533741 0.016013376931080341 -0.014680615216364537 0.0015823118703762137 0.012420157500275376 0.0046036323286903404 -0.0024294644680035952
leaf_weight=1112 88 83 73 543 71 342 1357
leaf_count=1112 88 83 73 543 71 342 1357
internal_value=-1.02028e-05 0.00156507 -0.00123924 -0.00177876 0.000778542 0.000209939 -0.00128294
internal_weight=3669 1608 2061 1973 1525 1454 1900
internal_count=3669 1608 2061 1973 1525 1454 1900
is_linear=0
shrinkage=0.132659


Tree=102
num_leaves=13
num_cat=0
split_feature=0 0 0 2 0 0 0 2 3 10 10 3
split_gain=0.491455 1.30773 0.915488 0.676855 0.617659 0.694643 0.678117 0.453945 0.44448 0.404579 0.529564 0.184142
threshold=542.60000000000002 412.40000000000009 716.00000000000011 98.500000000000014 1074.4000000000003 866.85000000000014 1286.2500000000002 29.500000000000004 7704.3000000000011 0.18808792413534584 0.17192794584170215 4511.1000000000013
decision_type=2 2 2 2 2 2 2 2 2 2 2 2
left_child=1 9 3 8 5 -4 -6 -3 -2 10 -1 -9
right_child=2 7 4 -5 6 -7 -8 11 -10 -11 -12 -13
leaf_value=-0.00059994286727498621 -0.0032590852109505727 -0.019186109769721443 0.0015366094311510706 0.019584586618049772 0.011652303487707948 -0.012563285867874878 -0.0011631163274076614 -0.012268520364481715 0.011479927144924493 0.0084237218225584852 -0.012066695426033947 -0.0038576554084934012
leaf_weight=2420 72 74 121 76 110 125 214 73 72 84 73 123
leaf_count=2420 72 74 121 76 110 125 214 73 72 84 73 123
internal_value=-0.000738659 -0.00155097 0.00218873 0.00945739 -0.000616895 -0.00562831 0.00318815 -0.0103344 0.00411086 -0.000630654 -0.000935789 -0.00699104
internal_weight=3637 2847 790 220 570 246 324 270 144 2577 2493 196
internal_count=3637 2847 790 220 570 246 324 270 144 2577 2493 196
is_linear=0
shrinkage=0.132659


Tree=103
num_leaves=10
num_cat=0
split_feature=5 8 8 10 8 0 3 3 0
split_gain=0.435279 1.08351 0.696679 0.498428 0.815681 0.596322 0.390425 1.01197 0.723185
threshold=0.1632621600528156 10.283624383733384 7.6041076637142062 0.048724077246409238 34.839692491959376 146.15000000000003 8211.6000000000004 8099.5975000000008 18.750000000000004
decision_type=2 2 2 2 2 2 2 2 2
left_child=1 2 -1 4 -2 -6 7 -5 -8
right_child=3 -3 -4 6 5 -7 8 -9 -10
leaf_value=0.0025236965119362111 -0.01328464265863848 -0.0057885867219358298 0.019123149857407148 4.62424247014763e-05 0.0041758368327163816 -0.0066521660551063415 -0.0046836876703863712 -0.0086665096037813055 0.012510992661001133
leaf_weight=90 146 115 88 2400 170 189 72 260 107
leaf_count=90 146 115 88 2400 170 189 72 260 107
internal_value=-0.000655348 0.00424734 0.0107312 -0.00108494 -0.00492495 -0.00152473 -0.000401854 -0.000805426 0.00559488
internal_weight=3637 293 178 3344 505 359 2839 2660 179
internal_count=3637 293 178 3344 505 359 2839 2660 179
is_linear=0
shrinkage=0.132659


Tree=104
num_leaves=10
num_cat=0
split_feature=0 0 0 0 0 0 3 0 0
split_gain=0.419897 1.46259 0.560407 0.487932 0.516092 0.479494 0.37437 0.335982 0.475397
threshold=513.60000000000002 476.50000000000006 716.00000000000011 1074.4000000000003 866.85000000000014 1286.2500000000002 7792.7175000000016 389.00000000000006 267.50000000000006
decision_type=2 2 2 2 2 2 2 2 2
left_child=1 7 6 4 -4 -5 -2 8 -1
right_child=2 -3 3 5 -6 -7 -8 -9 -10
leaf_value=-0.0012073169367922243 0.0031365137177433713 -0.019636835070912552 0.0013641569100589744 0.010141855153521048 -0.010789257888439669 -0.00063451631470049571 0.013260284307319341 -0.0062393353619085538 0.0039450182098743096
leaf_weight=2159 171 75 121 110 125 214 103 190 369
leaf_count=2159 171 75 121 110 125 214 103 190 369
internal_value=-0.000580379 -0.00136394 0.00201257 -0.000357485 -0.00481165 0.00302444 0.00694273 -0.000859603 -0.000455234
internal_weight=3637 2793 844 570 246 324 274 2718 2528
internal_count=3637 2793 844 570 246 324 274 2718 2528
is_linear=0
shrinkage=0.132659


Tree=105
num_leaves=12
num_cat=0
split_feature=3 3 10 3 9 9 5 6 8 9 10
split_gain=0.559443 1.87746 2.7259 1.19914 1.52571 0.9456 0.946192 0.787426 0.758199 0.568989 0.491012
threshold=4574.9000000000005 4617.1000000000013 0.073869343564088863 4646.2000000000007 0.010707775420066604 0.15589943282953431 0.23893293917651856 -0.068054641842601557 3.903839712640166 0.098339319026696195 0.10656772051086556
decision_type=2 2 2 2 2 2 2 2 2 2 2
left_child=5 2 -2 9 -5 7 -7 -1 -9 -3 -4
right_child=1 3 10 4 -6 6 -8 8 -10 -11 -12
leaf_value=0.015747874674575463 -0.027949381727391351 0.012200121744478439 0.0061766179291872165 -0.018110933991107633 -0.00065200312420139858 -0.018592960781153654 -0.00023854621932762124 -0.0026352316163441229 0.0048427458408944026 -0.0016175454016434956 -0.0088488307987830018
leaf_weight=82 112 180 83 93 1662 73 153 365 689 74 71
leaf_count=82 112 180 83 93 1662 73 153 365 689 74 71
internal_value=-0.000458034 -0.00173106 -0.0122039 -0.000344327 -0.00157734 0.00166835 -0.0061681 0.00322743 0.00225312 0.00817464 -0.000750879
internal_weight=3637 2275 266 2009 1755 1362 226 1136 1054 254 154
internal_count=3637 2275 266 2009 1755 1362 226 1136 1054 254 154
is_linear=0
shrinkage=0.132659


Tree=106
num_leaves=10
num_cat=0
split_feature=3 0 3 0 0 5 4 0 9
split_gain=0.440315 0.691324 0.687083 0.606408 2.49887 0.878382 0.717937 0.601909 0.421848
threshold=2950.3000000000006 170.35000000000002 2905.3000000000006 264.45000000000005 228.65000000000001 0.34464492226047555 -0.083455617767454596 338.40000000000009 0.079322828000928117
decision_type=2 2 2 2 2 2 2 2 2
left_child=1 2 -1 4 6 7 -2 -5 -4
right_child=3 -3 8 5 -6 -7 -8 -9 -10
leaf_value=-0.0012758150829006608 0.0039218414013262167 -0.0029969078921697999 0.006722600873965404 0.0091012830637278407 -0.023423854588034355 -0.008967908155731381 -0.0026763097174598766 0.0010562786746656035 0.020937378912056978
leaf_weight=82 363 156 73 195 95 134 1447 1018 74
leaf_count=82 363 156 73 195 95 134 1447 1018 74
internal_value=-0.000428344 0.00381375 0.00845322 -0.000930577 -0.00245385 0.00122371 -0.00135301 0.00234969 0.0138799
internal_weight=3637 385 229 3252 1905 1347 1810 1213 147
internal_count=3637 385 229 3252 1905 1347 1810 1213 147
is_linear=0
shrinkage=0.132659


Tree=107
num_leaves=14
num_cat=0
split_feature=3 3 10 3 9 8 3 0 0 9 9 8 6
split_gain=0.406876 1.45693 2.1359 0.95566 1.23529 0.784581 0.864592 1.29256 0.865637 0.731382 1.05319 0.498607 0.404252
threshold=4574.9000000000005 4617.1000000000013 0.073869343564088863 4646.2000000000007 0.010707775420066604 3.903839712640166 2985.9000000000005 114.75000000000001 51.800000000000004 0.15414403884706651 0.020284627006317477 10.917291286774221 0.029579582251884833
decision_type=2 2 2 2 2 2 2 2 2 2 2 2 2
left_child=5 2 -2 11 -5 9 8 -8 -7 10 -1 -3 -4
right_child=1 3 12 4 -6 6 7 -9 -10 -11 -12 -13 -14
leaf_value=-0.014573927321636319 -0.024640871910004997 0.0024545960538137315 0.0065936237554461031 -0.016233610937155543 -0.00052400323959181112 -0.0038452789856956516 0.020691301624285934 0.00066166043312826048 0.0063448237912582684 -0.012128720354654458 0.0028792768295672054 0.014407186619833992 -0.0070168178955989933
leaf_weight=73 112 150 73 93 1662 288 117 110 299 110 365 104 81
leaf_count=73 112 150 73 93 1662 288 117 110 299 110 365 104 81
internal_value=-0.000391826 -0.00147748 -0.0107031 -0.000255885 -0.00135662 0.00142157 0.00403397 0.0109861 0.00134528 -0.00245888 -3.0012e-05 0.00734919 -0.000565079
internal_weight=3637 2275 266 2009 1755 1362 814 227 587 548 438 254 154
internal_count=3637 2275 266 2009 1755 1362 814 227 587 548 438 254 154
is_linear=0
shrinkage=0.132659


Tree=108
num_leaves=7
num_cat=0
split_feature=9 9 2 0 0 0
split_gain=0.722038 0.911522 0.782477 0.604737 2.75362 1.38956
threshold=0.0054437172214267665 0.016136681876594176 35.500000000000007 106.85000000000001 184.95000000000002 81.850000000000009
decision_type=2 2 2 2 2 2
left_child=-1 2 -2 5 -5 -3
right_child=1 3 -4 4 -6 -7
leaf_value=0.0109447960802312 -0.018244676070793456 -9.6514309611501236e-05 -0.0016033452564837645 0.013911254047811943 0.00014891797437504518 -0.015819153191745851
leaf_weight=115 83 1308 124 304 1615 107
leaf_count=115 83 1308 124 304 1615 107
internal_value=0.000600649 0.000264656 -0.00827687 0.000795017 0.00232919 -0.0012856
internal_weight=3656 3541 207 3334 1919 1415
internal_count=3656 3541 207 3334 1919 1415
is_linear=0
shrinkage=0.132659


Tree=109
num_leaves=6
num_cat=0
split_feature=9 9 2 9 0
split_gain=0.562537 0.73597 0.642653 0.48986 0.519355
threshold=0.0054437172214267665 0.016136681876594176 35.500000000000007 0.020963001506648777 106.85000000000001
decision_type=2 2 2 2 2
left_child=-1 2 -2 -3 -5
right_child=1 3 -4 4 -6
leaf_value=0.0096445627787371188 -0.016490895403007178 0.0090882539457172069 -0.0014095412368962748 -0.0015695201225953271 0.0018393159329540057
leaf_weight=115 83 118 124 1371 1845
leaf_count=115 83 118 124 1371 1845
internal_value=0.000514153 0.000217584 -0.00745748 0.000694145 0.000386107
internal_weight=3656 3541 207 3334 3216
internal_count=3656 3541 207 3334 3216
is_linear=0
shrinkage=0.132659


Tree=110
num_leaves=6
num_cat=0
split_feature=9 9 4 5 4
split_gain=0.43804 0.595463 0.556506 0.460643 0.437512
threshold=0.0054437172214267665 0.016136681876594176 -0.0079220773898065529 0.15874463506196609 -0.05967432797466108
decision_type=2 2 2 2 2
left_child=-1 2 -2 -3 -5
right_child=1 3 -4 4 -6
leaf_value=0.0084953070266503734 -0.014568554378244518 0.0078142490090301903 -0.00069386561600467327 0.002364724310868148 -0.00088492776426227595
leaf_weight=115 90 149 117 1130 2055
leaf_count=115 90 149 117 1130 2055
internal_value=0.000438341 0.000176639 -0.00672702 0.000605301 0.000268015
internal_weight=3656 3541 207 3334 3185
internal_count=3656 3541 207 3334 3185
is_linear=0
shrinkage=0.132659


Tree=111
num_leaves=12
num_cat=0
split_feature=5 9 7 3 5 5 3 3 3 5 3
split_gain=0.712533 0.781919 0.822137 0.969858 0.597488 0.557636 0.535108 0.531043 0.620275 0.518139 0.190839
threshold=0.17728539750959382 0.1189212437137525 0.51948173719832724 7895.9000000000005 0.17401420585285834 0.16412962035248516 8211.6000000000004 2950.3000000000006 4586.3000000000011 0.14384922964977662 4543.3000000000011
decision_type=2 2 2 2 2 2 2 2 2 2 2
left_child=4 2 6 -4 5 9 -2 -3 -9 -1 -7
right_child=1 7 3 -5 -6 10 -8 8 -10 -11 -12
leaf_value=-0.0039797101307251798 -0.005165122078751614 0.010283644483315455 -0.00047798406567927851 0.015908524988703352 0.014884002521216235 -0.0067223500371968647 0.0031283727132084237 -0.0043439419833395812 0.0027413570721162542 0.0089384829949063355 0.0017762955337785726
leaf_weight=71 1233 115 388 76 79 111 154 299 797 237 80
leaf_count=71 1233 115 388 76 79 111 154 299 797 237 80
internal_value=-0.000106145 -0.000912546 -0.00262721 0.00220647 0.00416573 0.00246842 -0.00424426 0.0017083 0.000808377 0.00596052 -0.00316284
internal_weight=3640 3062 1851 464 578 499 1387 1211 1096 308 191
internal_count=3640 3062 1851 464 578 499 1387 1211 1096 308 191
is_linear=0
shrinkage=0.132659


Tree=112
num_leaves=10
num_cat=0
split_feature=5 5 5 4 2 2 3 2 5
split_gain=0.550079 0.453156 0.425636 0.425496 0.669111 1.6882 0.406232 0.466417 0.399397
threshold=0.17728539750959382 0.17401420585285834 0.16412962035248516 0.11637664109139585 5.5000000000000009 7.5000000000000009 2969.7000000000003 99.500000000000014 0.14384922964977662
decision_type=2 2 2 2 2 2 2 2 2
left_child=1 2 8 4 -2 -6 -5 -8 -1
right_child=3 -3 -4 6 5 -7 7 -9 -10
leaf_value=-0.0035039262907543157 0.0100876021017305 0.012984880688066761 -0.0027474534105175869 -0.0071791753451716607 -0.020913053227511066 -0.0014098106625771568 0.005104999174836874 -0.0031461728901597623 0.0078378468319850302
leaf_weight=71 82 79 191 76 81 2174 489 160 237
leaf_count=71 82 79 191 76 81 2174 489 160 237
internal_value=-0.000102906 0.00365053 0.00217237 -0.000811442 -0.00168244 -0.00211052 0.00199616 0.00307078 0.00522329
internal_weight=3640 578 499 3062 2337 2255 725 649 308
internal_count=3640 578 499 3062 2337 2255 725 649 308
is_linear=0
shrinkage=0.132659


Tree=113
num_leaves=10
num_cat=0
split_feature=10 10 3 5 3 3 2 5 5
split_gain=0.585712 0.809783 0.655165 0.551905 0.450138 0.415628 0.387239 0.344091 0.288643
threshold=0.13975177677489151 0.13595384960421503 7504.5000000000009 0.17728539750959382 7771.0000000000009 4568.3090000000011 99.500000000000014 0.17401420585285834 0.2674851774549894
decision_type=2 2 2 2 2 2 2 2 2
left_child=1 3 5 7 -5 -2 -4 -1 -8
right_child=2 -3 6 4 -6 -7 8 -9 -10
leaf_value=0.0019061555740208917 0.005430480916475482 -0.013322250971209005 0.0057822290137396247 -0.0028647235044255595 0.00088578657216796444 0.017499078313678938 0.00013638915746326226 0.011328077015194529 -0.0097088156467514015
leaf_weight=499 166 89 139 1423 932 72 164 79 77
leaf_count=499 166 89 139 1423 932 72 164 79 77
internal_value=-9.62456e-05 -0.000857231 0.00362487 -0.000478916 -0.00138045 0.00908244 0.000206459 0.00319421 -0.0030096
internal_weight=3640 3022 618 2933 2355 238 380 578 241
internal_count=3640 3022 618 2933 2355 238 380 578 241
is_linear=0
shrinkage=0.132659


Tree=114
num_leaves=11
num_cat=0
split_feature=0 0 5 3 0 5 3 0 5 10
split_gain=0.428757 1.64165 1.25976 1.0155 0.955839 0.760509 0.666737 0.808819 0.467288 0.456641
threshold=18.150000000000006 10.450000000000001 0.2301055562029572 4563.0090000000009 23.350000000000005 0.23897229432949588 2927.0000000000005 264.45000000000005 0.20636132821372125 0.044392718982307795
decision_type=2 2 2 2 2 2 2 2 2 2
left_child=1 3 -3 5 -2 -1 8 -8 -6 -5
right_child=4 2 -4 9 6 -7 7 -9 -10 -11
leaf_value=-0.015805563911494101 -0.014633276305929267 0.026423870988010689 0.0024259567612240416 0.012550512207704522 0.011758297215692253 -0.00036869078832455935 -0.0037785072028845386 0.00090078293726844692 -0.0017176420045572813 0.0010295928281796763
leaf_weight=108 90 78 76 79 122 117 1229 1380 72 259
leaf_count=108 90 78 76 79 122 117 1229 1380 72 259
internal_value=-0.000457919 0.00244608 0.0145823 -0.000873903 -0.00117766 -0.00777901 -0.000745534 -0.00130346 0.00675717 0.00372283
internal_weight=3610 717 154 563 2893 225 2803 2609 194 338
internal_count=3610 717 154 563 2893 225 2803 2609 194 338
is_linear=0
shrinkage=0.132659


Tree=115
num_leaves=13
num_cat=0
split_feature=2 2 9 4 2 4 3 10 3 3 2 4
split_gain=0.370445 0.490613 0.532066 0.516162 0.386587 1.13972 0.480836 0.733776 0.442793 0.431846 0.363962 0.305073
threshold=103.50000000000001 36.500000000000007 0.010707775420066604 0.23558155620260993 184.50000000000003 0.065035813424065933 4509.2000000000007 0.17304572032371093 4581.6000000000013 2936.8000000000006 35.500000000000007 -0.1226584938661518
decision_type=2 2 2 2 2 2 2 2 2 2 2 2
left_child=1 10 -3 -4 5 8 9 -8 -2 -6 11 -1
right_child=4 2 3 -5 6 -7 7 -9 -10 -11 -12 -13
leaf_value=0.0054097770642879371 0.0062473716659377588 0.0075770567805164635 -0.0042689167740155394 0.005424822248597542 0.0015191832153053388 -0.0073548657123438639 0.012020245725412767 -0.0021649775842445709 0.019822921617762189 -0.012599882970296765 0.0089552660166407807 -0.00061574615932724164
leaf_weight=167 91 81 1216 105 72 72 105 165 79 81 86 1290
leaf_count=167 91 81 1216 105 72 72 105 165 79 81 86 1290
internal_value=-0.00042356 -0.00106214 -0.00285839 -0.00349835 0.00240438 0.00663292 -1.49434e-05 0.00335187 0.0125573 -0.00595613 0.000569984 7.49437e-05
internal_weight=3610 2945 1402 1321 665 242 423 270 170 153 1543 1457
internal_count=3610 2945 1402 1321 665 242 423 270 170 153 1543 1457
is_linear=0
shrinkage=0.132659


Tree=116
num_leaves=8
num_cat=0
split_feature=1 0 0 0 5 1 7
split_gain=0.487488 0.612743 1.02466 0.907659 1.09917 0.647024 0.543782
threshold=2475.0000000000005 18.750000000000004 23.350000000000005 11.15 0.2301055562029572 2875.0000000000005 0.15253690940829259
decision_type=2 2 2 2 2 2 2
left_child=-1 3 -3 6 -5 -4 -2
right_child=1 2 5 4 -6 -7 -8
leaf_value=-0.010551947929157876 0.0069191918320331844 -0.016745739856135904 0.0072956612274504866 0.022474500968506915 0.00044165727644232344 -0.0011292761666927315 -0.0021239048703028929
leaf_weight=81 172 71 171 85 75 2589 366
leaf_count=81 172 71 171 85 75 2589 366
internal_value=-0.000377692 -0.000144118 -0.00101209 0.00337622 0.0121477 -0.000607256 0.000767311
internal_weight=3610 3529 2831 698 160 2760 538
internal_count=3610 3529 2831 698 160 2760 538
is_linear=0
shrinkage=0.132659


Tree=117
num_leaves=13
num_cat=0
split_feature=6 9 9 0 0 0 0 5 0 5 1 5
split_gain=0.457136 1.52594 0.972795 0.953518 1.56934 0.837178 1.66056 0.951523 0.637443 0.431287 1.48857 0.702169
threshold=-0.0010246904519957223 0.020963001506648777 0.016136681876594176 86.15000000000002 173.45000000000002 21.550000000000004 184.95000000000002 0.25155574081229581 120.7 0.23893293917651856 8150.0000000000009 0.24231204920713795
decision_type=2 2 2 2 2 2 2 2 2 2 2 2
left_child=2 3 8 -2 -5 7 -7 -3 -1 10 -4 -11
right_child=1 5 9 4 -6 6 -8 -9 -10 11 -12 -13
leaf_value=-0.0023186474079274007 0.022901956284627399 -0.012996835017679871 -0.00028940824301762388 -0.0074503326214225146 0.018136452777967903 0.009226797552401942 -0.0010331446503042032 0.00022402327188218561 -0.019499965191018633 -0.013933705898416164 0.014244786405815729 -0.00075608829492528485
leaf_weight=76 88 147 739 81 88 421 815 275 76 80 149 643
leaf_count=76 88 147 739 81 88 421 815 275 76 80 149 643
internal_value=0.000775162 0.00219419 -0.000766214 0.0117053 0.0058734 0.000719814 0.00246162 -0.00438166 -0.0109105 0.000191008 0.00214954 -0.00221448
internal_weight=3678 1915 1763 257 169 1658 1236 422 152 1611 888 723
internal_count=3678 1915 1763 257 169 1658 1236 422 152 1611 888 723
is_linear=0
shrinkage=0.132659


Tree=118
num_leaves=9
num_cat=0
split_feature=5 5 4 0 0 0 0 4
split_gain=0.410189 0.567267 0.663713 0.517081 0.508673 2.23888 1.08436 0.339867
threshold=0.41308111931530489 0.2872997092489798 0.12543353423190376 1.1500000000000001 50.650000000000013 41.95000000000001 151.35000000000002 0.053909511502679634
decision_type=2 2 2 2 2 2 2 2
left_child=1 4 7 -2 5 -1 -6 -3
right_child=3 2 -4 -5 6 -7 -8 -9
leaf_value=-0.00022549682301459647 0.0014882184547782608 0.0054435586787452148 0.01338032179147061 -0.010187192859320219 0.0063408529134702952 -0.024590649046678018 -0.00034057470995891475 -0.0036914798658565632
leaf_weight=729 134 199 132 133 586 73 1580 112
leaf_count=729 134 199 132 133 586 73 1580 112
internal_value=0.000679298 0.00107126 0.00549928 -0.00432787 0.000410313 -0.00244373 0.00146708 0.00215374
internal_weight=3678 3411 443 267 2968 802 2166 311
internal_count=3678 3411 443 267 2968 802 2166 311
is_linear=0
shrinkage=0.132659


Tree=119
num_leaves=11
num_cat=0
split_feature=5 2 5 9 9 1 1 5 5 9
split_gain=0.308523 0.469265 0.426735 0.537306 0.766395 0.43679 0.356101 0.33275 0.44956 0.421941
threshold=0.41308111931530489 7.5000000000000009 0.2872997092489798 0.10612405779483591 0.080227505838060209 7150.0000000000009 5150.0000000000009 0.27088718016932745 0.2771058415888592 0.020963001506648777
decision_type=2 2 2 2 2 2 2 2 2 2
left_child=2 -2 7 4 -4 -5 -3 9 -9 -1
right_child=1 6 3 5 -6 -7 -8 8 -10 -11
leaf_value=0.0044812009291906969 0.0039160354067722409 -0.0017668524308465669 0.0073206892082498263 0.012138560316959998 -0.01089803251145695 0.0011534494763691065 -0.013735239413548157 -0.01148607560716821 0.00091954293337554176 2.1162824092632654e-05
leaf_weight=445 92 87 86 182 77 98 88 95 112 2316
leaf_count=445 92 87 86 182 77 98 88 95 112 2316
internal_value=0.000588737 -0.00375381 0.000928672 0.00476923 -0.00128591 0.00829407 -0.00778597 0.000355411 -0.00477429 0.000740026
internal_weight=3678 267 3411 443 163 280 175 2968 207 2761
internal_count=3678 267 3411 443 163 280 175 2968 207 2761
is_linear=0
shrinkage=0.132659


Tree=120
num_leaves=9
num_cat=0
split_feature=2 2 3 0 4 5 4 10
split_gain=0.477821 1.04741 0.716364 1.18066 0.611967 0.5144 0.384027 0.436496
threshold=99.500000000000014 98.500000000000014 7873.1000000000013 60.350000000000009 -0.060508568640408433 0.24797438954580628 -0.15908359252037024 0.075766567301243939
decision_type=2 2 2 2 2 2 2 2
left_child=1 6 3 -2 -5 -4 -1 -8
right_child=2 -3 5 4 -6 -7 7 -9
leaf_value=-0.0091531717316686127 -0.014307402183048781 0.016052145022525284 -0.019729620225058205 0.0065398037116194546 -0.0023567763842235207 -0.004685633041809952 -0.0014426063544398927 0.0020659403348354632
leaf_weight=83 109 71 72 207 397 90 1503 1067
leaf_count=83 109 71 72 207 397 90 1503 1067
internal_value=-0.000713522 0.000152799 -0.00341046 -0.00160104 0.000692305 -0.0113732 -0.000272795 1.40574e-05
internal_weight=3599 2724 875 713 604 162 2653 2570
internal_count=3599 2724 875 713 604 162 2653 2570
is_linear=0
shrinkage=0.132659


Tree=121
num_leaves=10
num_cat=0
split_feature=9 10 3 9 0 0 0 0 3
split_gain=0.492058 0.828719 0.540738 0.819178 0.521903 0.473682 2.20006 0.947375 0.409075
threshold=0.020963001506648777 0.029911348884858028 2978.9000000000005 0.0099469006180210404 213.95000000000005 116.95000000000002 43.650000000000013 151.35000000000002 4658.366500000001
decision_type=2 2 2 2 2 2 2 2 2
left_child=2 -2 -1 8 -5 6 -3 -7 -4
right_child=1 5 3 4 -6 7 -8 -9 -10
leaf_value=-0.0044427357367106245 -0.013777527955077277 0.00047310550076747217 0.0064147867340182 0.01753850700055317 0.0030733499118835244 0.012627126516229218 -0.011735733266523517 -0.00020885490300874072 -0.0072252342654223452
leaf_weight=115 90 991 71 115 71 108 352 1601 85
leaf_count=115 90 991 71 115 71 108 352 1601 85
internal_value=-0.000641059 -0.00123263 0.00342608 0.00607212 0.0120176 -0.000862628 -0.00272693 0.000602422 -0.00101723
internal_weight=3599 3142 457 342 186 3052 1343 1709 156
internal_count=3599 3142 457 342 186 3052 1343 1709 156
is_linear=0
shrinkage=0.132659


Tree=122
num_leaves=9
num_cat=0
split_feature=6 2 3 3 3 3 9 2
split_gain=0.419728 1.13303 0.550085 0.960726 0.922653 1.88831 1.16539 0.51964
threshold=-0.074285717004479737 143.50000000000003 7780.2175000000016 7852.3000000000011 4595.1000000000013 4617.1000000000013 0.011943397008025939 101.50000000000001
decision_type=2 2 2 2 2 2 2 2
left_child=1 -1 4 -4 6 -6 -2 -5
right_child=2 -3 3 7 5 -7 -8 -9
leaf_value=-0.019716355391270521 0.014252866161880845 0.00018747208856455545 0.01544722041283377 0.0019825231716685348 -0.021907191154607715 -0.0025400898726507127 -0.00034693640281142549 -0.0088539876506526852
leaf_weight=73 104 162 89 927 100 776 1283 85
leaf_count=73 104 162 89 927 100 776 1283 85
internal_value=-0.000576243 -0.00599633 -0.000197582 0.00223444 -0.00138082 -0.00475131 0.000747936 0.00107221
internal_weight=3599 235 3364 1101 2263 876 1387 1012
internal_count=3599 235 3364 1101 2263 876 1387 1012
is_linear=0
shrinkage=0.132659


Tree=123
num_leaves=9
num_cat=0
split_feature=2 2 3 2 2 3 5 3
split_gain=0.459157 1.3736 0.413241 0.361261 0.358651 0.287434 0.287839 0.272496
threshold=30.500000000000004 29.500000000000004 2927.0000000000005 31.500000000000004 33.500000000000007 4558.4000000000005 0.18610173157233201 2905.3000000000006
decision_type=2 2 2 2 2 2 2 2
left_child=1 5 7 -4 -5 6 -1 -2
right_child=2 -3 3 4 -6 -7 -8 -9
leaf_value=-0.003365700127465942 -1.2344682560750046e-05 0.018519347962904123 -0.010064824080907978 0.0071991514823832687 -0.001639968324053648 -0.00057897199736024806 0.006175875287116505 0.0095806525317182877
leaf_weight=71 110 83 86 84 2100 770 257 99
leaf_count=71 110 83 86 84 2100 770 257 99
internal_value=-8.68041e-05 0.0020659 -0.00111237 -0.00163208 -0.00129995 0.000821897 0.0041104 0.00453208
internal_weight=3660 1181 2479 2270 2184 1098 328 209
internal_count=3660 1181 2479 2270 2184 1098 328 209
is_linear=0
shrinkage=0.132659


Tree=124
num_leaves=10
num_cat=0
split_feature=3 5 3 3 0 3 5 5 3
split_gain=0.351375 1.02912 0.631099 0.543623 1.35138 1.23793 0.325071 0.677389 0.59911
threshold=4574.9000000000005 0.15196997945725405 4538.5000000000009 7986.4000000000005 264.45000000000005 8099.5975000000008 0.19504616546522219 0.2031871284925062 2927.0000000000005
decision_type=2 2 2 2 2 2 2 2 2
left_child=2 -2 6 4 -3 -5 8 -8 -1
right_child=1 3 -4 5 -6 -7 7 -9 -10
leaf_value=0.0063658313301113174 -0.01616939062583508 -0.006102314345215405 0.0092577859563617634 0.011744533669652044 0.0022304921908032679 -0.00061292694146661449 0.012449160414116823 0.00070383366871657653 -0.0042166546594838844
leaf_weight=121 77 729 166 183 646 647 102 565 424
leaf_count=121 77 729 166 183 646 647 102 565 424
internal_value=-8.55482e-05 -0.00109561 0.00158712 -0.000569104 -0.00218743 0.00211184 0.000536407 0.00250023 -0.00186702
internal_weight=3660 2282 1378 2205 1375 830 1212 667 545
internal_count=3660 2282 1378 2205 1375 830 1212 667 545
is_linear=0
shrinkage=0.132659


Tree=125
num_leaves=7
num_cat=0
split_feature=10 3 10 10 3 0
split_gain=0.458636 1.07421 0.536019 0.371419 0.410821 0.310271
threshold=0.033059660905357578 4660.6000000000013 0.036203119022055218 0.044392718982307795 4600.1000000000013 72.700000000000003
decision_type=2 2 2 2 2 2
left_child=1 -1 -2 5 -5 -4
right_child=2 -3 3 4 -6 -7
leaf_value=-0.0020729437000525136 -0.011410261734450653 0.016901645038476975 -0.0018673422587820697 0.0010947419276580331 -0.0019485891467011011 0.0087997375147561112
leaf_weight=126 77 90 73 1419 1735 140
leaf_count=126 77 90 73 1419 1735 140
internal_value=-9.56816e-05 0.00583379 -0.000467591 -0.000217289 -0.00057938 0.005144
internal_weight=3660 216 3444 3367 3154 213
internal_count=3660 216 3444 3367 3154 213
is_linear=0
shrinkage=0.132659


Tree=126
num_leaves=9
num_cat=0
split_feature=9 9 9 9 9 9 3 10
split_gain=0.31536 0.65659 0.546404 0.559944 0.752636 0.463885 0.762619 0.251584
threshold=0.028876289640716507 0.023461790974109036 0.035841165418163082 0.042984206559630721 0.046534200381079485 0.018303791810598984 7735.3000000000011 0.0753235845006507
decision_type=2 2 2 2 2 2 2 2
left_child=1 5 -2 7 -5 6 -1 -4
right_child=2 -3 3 4 -6 -7 -8 -9
leaf_value=-0.0069957757731202632 0.0088288396396710832 -0.01216867780587735 -0.012849864998678732 0.01348256753507035 0.00034648569350316104 0.0058564253517172553 0.006074775224493071 -0.0021605242370636118
leaf_weight=263 138 105 77 79 2686 140 112 78
leaf_count=263 138 105 77 79 2686 140 112 78
internal_value=0.000119326 -0.0026087 0.000672438 0.000286916 0.00072188 -0.000659258 -0.00309194 -0.00747152
internal_weight=3678 620 3058 2920 2765 515 375 155
internal_count=3678 620 3058 2920 2765 515 375 155
is_linear=0
shrinkage=0.132659


Tree=127
num_leaves=9
num_cat=0
split_feature=5 5 1 1 1 10 10 5
split_gain=0.481632 0.555465 0.814515 1.0836 0.657936 0.469499 0.699345 0.448393
threshold=0.17921267112257541 0.16860284121014601 4725.0000000000009 4575.0000000000009 4475.0000000000009 0.029911348884858028 0.034135111993103359 0.18693461784482063
decision_type=2 2 2 2 2 2 2 2
left_child=1 2 3 -1 -3 -2 -7 -8
right_child=5 4 -4 -5 -6 6 7 -9
leaf_value=0.0011177153968277326 -0.0093711893157466235 -0.0022743103513391981 0.011984586016840427 -0.017320437630516796 -0.016263740489373017 0.013287921032143154 0.0070696875502083865 0.000284660739783629
leaf_weight=242 78 139 78 73 103 80 183 2702
leaf_count=242 78 139 78 73 103 80 183 2702
internal_value=9.36376e-05 -0.00322947 -0.00015055 -0.00315591 -0.00822919 0.000787105 0.00105439 0.000715084
internal_weight=3678 635 393 315 242 3043 2965 2885
internal_count=3678 635 393 315 242 3043 2965 2885
is_linear=0
shrinkage=0.132659


Tree=128
num_leaves=11
num_cat=0
split_feature=5 6 3 3 10 3 10 3 3 10
split_gain=0.383092 0.51101 0.401962 1.94596 0.770924 0.348339 0.625503 0.332944 0.673282 0.502666
threshold=0.17921267112257541 -0.014038592281641648 8099.5975000000008 8032.1000000000013 0.062490488559022957 4646.2000000000007 0.046799082457807367 8228.4000000000015 8295.1000000000022 0.090564316943337747
decision_type=2 2 2 2 2 2 2 2 2 2
left_child=1 -1 3 4 -2 6 -3 9 -9 -4
right_child=2 5 7 -5 -6 -7 -8 8 -10 -11
leaf_value=-0.01130187316415013 0.0055546815679017288 0.0090084254925492883 -0.0018797439401740366 0.020839585069229807 -0.00048084361257383059 -0.0093955510920692622 -0.0025674042887995296 0.0084839166831189947 -0.0054540346266472046 -0.012681265169155357
leaf_weight=106 467 108 304 88 1839 78 343 124 120 101
leaf_count=106 467 108 304 88 1839 78 343 124 120 101
internal_value=6.8066e-05 -0.00289567 0.000686538 0.00148039 0.000741471 -0.00121095 0.00020485 -0.00224173 0.00162927 -0.00457386
internal_weight=3678 635 3043 2394 2306 529 451 649 244 405
internal_count=3678 635 3043 2394 2306 529 451 649 244 405
is_linear=0
shrinkage=0.132659


Tree=129
num_leaves=11
num_cat=1
split_feature=9 13 3 3 6 2 6 0 0 0
split_gain=0.717207 1.91879 1.17662 1.12917 1.02806 0.693492 0.657675 0.697776 1.28632 0.325806
threshold=0.063781271652892421 0 8145.4000000000005 7952.0000000000009 -0.0022263621696935122 10.500000000000002 0.14878689952832266 338.40000000000009 54.250000000000007 530.10000000000014
decision_type=2 1 2 2 2 2 2 2 2 2
left_child=1 3 4 5 -3 -1 7 8 -2 -9
right_child=6 2 -4 -5 -6 -7 -8 9 -10 -11
leaf_value=0.012137462111683749 0.0012909139287349345 -0.01113641047657987 -0.02219062133313077 0.013772013551532365 0.00011475426984003379 -0.0017041719189436351 -0.010629251629799599 -0.0042102538701517082 0.010231231488730405 0.0011324408973091274
leaf_weight=74 841 263 80 136 313 457 72 283 427 692
leaf_count=74 841 263 80 136 313 457 72 283 427 692
internal_value=0.000441231 -0.00202264 -0.00711681 0.00298756 -0.00502266 0.000225098 0.00184932 0.00224995 0.00430167 -0.000418351
internal_weight=3638 1323 656 667 576 531 2315 2243 1268 975
internal_count=3638 1323 656 667 576 531 2315 2243 1268 975
cat_boundaries=0 1
cat_threshold=2
is_linear=0
shrinkage=0.132659


Tree=130
num_leaves=9
num_cat=0
split_feature=10 5 0 0 6 5 8 6
split_gain=0.459324 0.465771 0.610045 1.61491 0.59086 0.521638 0.40513 0.262115
threshold=0.025063605286080416 0.17921267112257541 203.85000000000005 260.20000000000005 -0.027617108276508751 0.16860284121014601 9.4820288335468224 -0.0033542297839397927
decision_type=2 2 2 2 2 2 2 2
left_child=-1 5 4 -4 -3 6 -2 -7
right_child=1 2 3 -5 -6 7 -8 -9
leaf_value=0.010006575605592732 0.004066862105658528 0.0072076239595543507 -0.014927716994884167 0.00027620114523354037 0.0011494968373239667 -0.013708169326277725 -0.005090857733275167 -0.0043805256215211094
leaf_weight=85 184 381 135 1375 1105 95 158 120
leaf_count=85 184 381 135 1375 1105 95 158 120
internal_value=0.000370299 0.00013972 0.000794634 -0.00108323 0.00270282 -0.00338285 -0.000163928 -0.00850278
internal_weight=3638 3553 2996 1510 1486 557 342 215
internal_count=3638 3553 2996 1510 1486 557 342 215
is_linear=0
shrinkage=0.132659


Tree=131
num_leaves=13
num_cat=0
split_feature=9 10 10 3 3 0 9 3 0 9 0 4
split_gain=0.463231 0.682568 1.01928 1.83292 1.29214 0.734765 0.376723 0.674446 1.05229 0.321999 0.310586 0.215006
threshold=0.063781271652892421 0.033059660905357578 0.0753235845006507 4583.125500000001 8020.5285000000013 50.650000000000013 0.10034069678650286 4494.3000000000002 338.40000000000009 0.10612405779483591 40.550000000000004 0.35267151063311852
decision_type=2 2 2 2 2 2 2 2 2 2 2 2
left_child=1 5 3 -3 -4 -1 7 10 -9 -8 -2 -11
right_child=6 2 4 -5 -6 -7 9 8 -10 11 -12 -13
leaf_value=0.0147992785626582 -0.0088355755430602877 0.0028293788861617382 -0.0015030021125448094 -0.012906941119352614 0.016326675814366663 -0.0026434146712792385 -0.0064405886722007869 0.012572105316051163 0.0001592791889857404 0.001218109846837265 0.0015517882487857395 -0.0059355853075184336
leaf_weight=86 77 210 517 343 83 84 115 258 225 1414 148 78
leaf_count=86 77 210 517 343 83 84 115 258 225 1414 148 78
internal_value=0.000314334 -0.0016658 -0.00282283 -0.00693121 0.000963803 0.00618108 0.00144597 0.00399547 0.00678994 0.000322696 -0.00200336 0.000844061
internal_weight=3638 1323 1153 553 600 170 2315 708 483 1607 225 1492
internal_count=3638 1323 1153 553 600 170 2315 708 483 1607 225 1492
is_linear=0
shrinkage=0.132659


Tree=132
num_leaves=5
num_cat=0
split_feature=5 10 10 9
split_gain=0.339599 0.593578 0.26831 0.256229
threshold=0.14384922964977662 0.025063605286080416 0.19326925354164123 0.13343515730497527
decision_type=2 2 2 2
left_child=-1 -2 3 -3
right_child=1 2 -4 -5
leaf_value=-0.0085226509853565738 0.011711926810926554 -0.00021182713022027468 -0.0068943022604902003 0.0023475629840959368
leaf_weight=74 82 2542 89 944
leaf_count=74 82 2542 89 944
internal_value=0.000373548 0.000553601 0.00029761 0.000481256
internal_weight=3731 3657 3575 3486
internal_count=3731 3657 3575 3486
is_linear=0
shrinkage=0.132659


Tree=133
num_leaves=11
num_cat=0
split_feature=0 0 5 0 0 0 5 0 0 1
split_gain=0.588744 1.13772 1.16798 1.3054 1.11296 1.02112 1.93641 0.977696 0.481833 0.439083
threshold=27.150000000000006 52.95000000000001 0.25102834214522002 41.95000000000001 21.550000000000004 146.15000000000003 0.27812243623931282 260.20000000000005 16.050000000000004 8750.0000000000018
decision_type=2 2 2 2 2 2 2 2 2 2
left_child=4 2 3 -2 8 6 -3 -7 9 -1
right_child=1 5 -4 -5 -6 7 -8 -9 -10 -11
leaf_value=0.0040710724085455336 -0.0051352060769709815 0.0080144732866135101 0.0063235069087721266 -0.025563562050420104 0.016785710308466813 -0.0066315932510597735 -0.015209789131649479 0.00046850749365905711 -0.0069923953265533046 -0.0064868388814417876
leaf_weight=622 147 515 74 88 96 442 72 1498 99 78
leaf_count=622 147 515 74 88 96 442 72 1498 99 78
internal_value=0.000324683 -0.000611466 -0.00820968 -0.0127862 0.00329104 0.000317683 0.0051655 -0.00114918 0.00166934 0.00289449
internal_weight=3731 2836 309 235 895 2527 587 1940 799 700
internal_count=3731 2836 309 235 895 2527 587 1940 799 700
is_linear=0
shrinkage=0.132659


Tree=134
num_leaves=11
num_cat=0
split_feature=0 0 6 0 5 0 5 0 0 5
split_gain=0.450906 0.902529 1.11942 0.852977 0.798676 1.47336 0.793709 0.525411 0.36838 0.194247
threshold=27.150000000000006 52.95000000000001 -0.019750832884135431 21.550000000000004 0.27088718016932745 151.35000000000002 0.21713394841359718 133.55000000000004 16.050000000000004 0.1891734978645187
decision_type=2 2 2 2 2 2 2 2 2 2
left_child=3 2 -2 8 5 -3 -4 -6 9 -1
right_child=1 4 6 -5 7 -7 -8 -9 -10 -11
leaf_value=-0.0032753246975013033 -0.019034636958356502 0.0075135759616017659 -0.0080451212157882489 0.014676639244774857 -0.014277160319809259 -0.00066139168904087622 0.0088542897070031622 -0.0025928859518392338 -0.0061305227224950866 0.0033577748752858633
leaf_weight=89 98 522 134 96 81 1511 77 413 99 611
leaf_count=89 98 522 134 96 81 1511 77 413 99 611
internal_value=0.000266832 -0.000552433 -0.00731986 0.00286282 0.000275123 0.00143768 -0.00187782 -0.00450914 0.00144311 0.00251436
internal_weight=3731 2836 309 895 2527 2033 211 494 799 700
internal_count=3731 2836 309 895 2527 2033 211 494 799 700
is_linear=0
shrinkage=0.132659


Tree=135
num_leaves=9
num_cat=0
split_feature=5 2 3 3 0 0 2 0
split_gain=0.584873 0.465844 0.336823 0.499892 0.412937 0.327417 0.242773 0.721693
threshold=0.16860284121014601 190.50000000000003 8252.3000000000011 8099.5975000000008 146.15000000000003 260.20000000000005 35.500000000000007 83.950000000000017
decision_type=2 2 2 2 2 2 2 2
left_child=6 2 3 -2 -4 -3 -1 -8
right_child=1 5 4 -5 -6 -7 7 -9
leaf_value=0.00019496403410000583 1.5640783149783158e-05 -0.012662219662563064 -0.0016286340952316844 -0.004708539620453883 0.010707759957041159 -0.0016771960246494855 0.017011989252412318 0.0021132496821628837
leaf_weight=144 2443 95 89 470 103 96 85 175
leaf_count=144 2443 95 89 470 103 96 85 175
internal_value=-0.000199108 -0.000783048 -0.000391875 -0.000746606 0.00498965 -0.00714158 0.00456474 0.00698476
internal_weight=3700 3296 3105 2913 192 191 404 260
internal_count=3700 3296 3105 2913 192 191 404 260
is_linear=0
shrinkage=0.132659


Tree=136
num_leaves=12
num_cat=1
split_feature=13 1 1 10 0 3 1 10 10 1 10
split_gain=0.703981 0.77501 1.89002 0.541089 0.497129 0.461529 1.3328 0.353867 0.991756 0.270777 0.250638
threshold=0 7650.0000000000009 8950.0000000000018 0.19326925354164123 320.30000000000007 2965.4000000000005 3225.0000000000005 0.034135111993103359 0.047535449754816377 3025.0000000000005 0.092322262955710263
decision_type=1 2 2 2 2 2 2 2 2 2 2
left_child=3 7 4 5 -3 9 -7 -2 -9 -1 -4
right_child=1 2 10 -5 -6 6 -8 8 -10 -11 -12
leaf_value=-0.0057357057809616294 -0.0075185676068734823 -0.016559272440688957 4.2343020440618027e-05 -0.0097371775454809205 -0.0044581099040260138 0.017205654972290291 0.0019597472537151196 0.008658524105498222 -0.0014781459058268384 0.0017325257538427868 0.011149645471789852
leaf_weight=186 116 207 72 71 84 109 1357 202 1067 158 71
leaf_count=186 116 207 72 71 84 109 1357 202 1067 158 71
internal_value=-0.000177732 -0.00203849 -0.00693 0.0016217 -0.0130666 0.00206735 0.00309349 -0.00050564 0.000135501 -0.0023056 0.00555781
internal_weight=3700 1819 434 1881 291 1810 1466 1385 1269 344 143
internal_count=3700 1819 434 1881 291 1810 1466 1385 1269 344 143
cat_boundaries=0 1
cat_threshold=2
is_linear=0
shrinkage=0.132659


Tree=137
num_leaves=13
num_cat=1
split_feature=13 0 6 3 6 3 0 3 3 7 7 0
split_gain=0.547706 0.682292 1.45133 2.16975 0.760721 0.678902 0.720736 0.572673 0.468345 0.318242 1.39721 0.691148
threshold=0 31.150000000000006 0.0042556227423077714 8099.5975000000008 0.0081825484180307415 4574.9000000000005 12.150000000000002 2961.9135000000006 8252.3000000000011 0.1847236871950817 0.28906059791277361 141.95000000000002
decision_type=1 2 2 2 2 2 2 2 2 2 2 2
left_child=8 5 3 -3 -4 7 -7 -2 9 11 -11 -1
right_child=1 2 4 -5 -6 6 -8 -9 -10 10 -12 -13
leaf_value=0.0011600459745829343 0.004264137051939532 -0.0053483728260197228 0.0132895098528112 -0.03024797669674649 -0.0010405616865011888 0.0018077649538907111 0.0170751883195649 -0.010339446433015605 0.010536438383636101 0.011531805742025655 4.2594304002390135e-05 -0.012274736452812452
leaf_weight=226 95 464 71 71 795 140 89 94 94 219 1246 96
leaf_count=226 95 464 71 71 795 140 89 94 94 219 1246 96
internal_value=-0.00017681 -0.0018181 -0.00322146 -0.00865362 0.000134527 0.00288547 0.00774219 -0.00299927 0.00141038 0.000930235 0.0017602 -0.00284576
internal_weight=3700 1819 1401 535 866 418 229 189 1881 1787 1465 322
internal_count=3700 1819 1401 535 866 418 229 189 1881 1787 1465 322
cat_boundaries=0 1
cat_threshold=2
is_linear=0
shrinkage=0.132659


Tree=138
num_leaves=9
num_cat=0
split_feature=5 2 9 3 4 2 2 5
split_gain=1.01143 0.726903 0.95627 0.608538 0.447144 0.276736 0.860743 0.690016
threshold=0.26284324056066943 8.5000000000000018 0.066029861006533144 8252.3000000000011 -0.16191517448718004 35.500000000000007 33.500000000000007 0.18693461784482063
decision_type=2 2 2 2 2 2 2 2
left_child=3 -2 -3 5 -4 6 -1 -7
right_child=1 2 4 -5 -6 7 -8 -9
leaf_value=0.0010890360049269552 0.0028241241565527464 -0.016753382457665437 -0.013121271261580813 -0.0096173640749821453 -0.002489780188091205 0.0066473841622921529 -0.013426520133082539 0.00084340707212878939
leaf_weight=708 244 113 78 87 647 520 80 1175
leaf_count=708 244 113 78 87 647 520 80 1175
internal_value=-0.000145469 -0.00354789 -0.00540325 0.001287 -0.00363385 0.00166913 -0.000384865 0.00262403
internal_weight=3652 1082 838 2570 725 2483 788 1695
internal_count=3652 1082 838 2570 725 2483 788 1695
is_linear=0
shrinkage=0.132659


Tree=139
num_leaves=16
num_cat=0
split_feature=1 3 10 2 9 3 3 10 10 1 3 1 1 1 10
split_gain=0.682985 1.05454 1.04941 0.86388 0.788763 0.622335 0.481083 0.479348 0.369547 0.576685 1.10325 0.732994 0.558392 0.404945 0.378282
threshold=5250.0000000000009 7792.7175000000016 0.16598342708837949 56.500000000000007 0.101491747091528 7651.7000000000016 7735.3000000000011 0.044392718982307795 0.047201807496679939 3275.0000000000005 4658.1665000000003 2975.0000000000005 4225.0000000000009 4375.0000000000009 0.070883251556469004
decision_type=2 2 2 2 2 2 2 2 2 2 2 2 2 2 2
left_child=8 2 5 7 -5 -2 -4 -3 9 11 -11 -1 14 -14 -10
right_child=1 3 6 4 -6 -7 -8 -9 12 10 -12 -13 13 -15 -16
leaf_value=-0.005226644497066656 -0.0227935384007125 0.0034176511207268997 0.0046131820476251265 0.010780677058402686 -0.00099218740574634717 -0.0082370144015086275 -0.00913892562359289 -0.0048824955525558281 0.0041823338575334556 -0.015248413596421803 0.0022560757250912524 0.01363939320934919 0.013040005742446254 0.0038511321593670492 -0.0012614845511556838
leaf_weight=71 92 158 111 194 207 118 75 544 318 121 133 74 99 572 765
leaf_count=71 92 158 111 194 207 118 75 544 318 121 133 74 99 572 765
internal_value=-0.000142541 -0.00231671 -0.00818882 -0.000208413 0.00470361 -0.0146154 -0.000932316 -0.00301433 0.00137121 -0.00227271 -0.0060831 0.00440196 0.00220014 0.00520715 0.000337013
internal_weight=3652 1499 396 1103 401 210 186 702 2153 399 254 145 1754 671 1083
internal_count=3652 1499 396 1103 401 210 186 702 2153 399 254 145 1754 671 1083
is_linear=0
shrinkage=0.132659


Tree=140
num_leaves=13
num_cat=0
split_feature=1 3 2 3 10 10 3 4 1 10 3 10
split_gain=0.527404 0.821565 0.779346 0.903407 0.325033 0.322303 0.599026 0.977642 0.581151 0.457135 0.40223 0.214641
threshold=5250.0000000000009 7396.5000000000009 96.500000000000014 7771.0000000000009 0.18808792413534584 0.05304179274287036 4538.5000000000009 0.068446070038831811 3075.0000000000005 0.070883251556469004 4660.6000000000013 0.042408426315059387
decision_type=2 2 2 2 2 2 2 2 2 2 2 2
left_child=5 -2 3 -3 -4 8 9 -8 11 -7 -10 -1
right_child=1 2 4 -5 -6 6 7 -9 10 -11 -12 -13
leaf_value=0.00050069310215086901 -0.013985195528030325 -0.014944081096973118 0.0014352879188192034 -0.0018396777307364365 0.010006128480111322 0.0058126618789974445 0.010447956859842547 5.2970256843049612e-05 -0.0063364493592794995 -0.0014757371233840256 0.0025889867863054311 0.010508906498969446
leaf_weight=73 95 103 279 914 108 191 323 314 320 731 123 78
leaf_count=73 95 103 279 914 108 191 323 314 320 731 123 78
internal_value=-0.000136453 -0.00204701 -0.00123908 -0.00316709 0.00382748 0.00119375 0.00219563 0.00532403 -0.00143573 3.41872e-05 -0.00385827 0.00567109
internal_weight=3652 1499 1404 1017 387 2153 1559 637 594 922 443 151
internal_count=3652 1499 1404 1017 387 2153 1559 637 594 922 443 151
is_linear=0
shrinkage=0.132659


Tree=141
num_leaves=9
num_cat=0
split_feature=10 2 10 1 0 5 0 10
split_gain=0.50883 0.429149 0.372947 0.677288 1.30693 0.450234 0.420096 0.372717
threshold=0.18316374999571969 187.50000000000003 0.041469322411763786 4725.0000000000009 213.95000000000005 0.15196997945725405 138.10000000000002 0.048724077246409238
decision_type=2 2 2 2 2 2 2 2
left_child=2 -2 3 6 -5 -4 -1 -7
right_child=1 -3 5 4 -6 7 -8 -9
leaf_value=-0.0057159540355811974 -0.011358908746418397 0.0010517983969278685 -0.009474152872720203 0.02027888804162592 -0.0024704892754279094 -0.0058279656370699741 0.0056587197712746088 0.00016188755271382335
leaf_weight=137 132 78 96 97 82 196 98 2715
leaf_count=137 132 78 96 97 82 196 98 2715
internal_value=-0.000411398 -0.00674947 -2.23011e-05 0.00371054 0.00985808 -0.000536252 -0.000972396 -0.000241443
internal_weight=3631 210 3421 414 179 3007 235 2911
internal_count=3631 210 3421 414 179 3007 235 2911
is_linear=0
shrinkage=0.132659


Tree=142
num_leaves=9
num_cat=0
split_feature=10 0 2 0 0 2 2 1
split_gain=0.393421 0.354231 0.899242 0.801632 0.672384 0.648548 0.352601 0.328103
threshold=0.18316374999571969 135.80000000000004 7.5000000000000009 76.850000000000009 159.05000000000004 7.5000000000000009 182.50000000000003 4675.0000000000009
decision_type=2 2 2 2 2 2 2 2
left_child=1 2 7 -4 -3 -6 -2 -1
right_child=6 4 3 -5 5 -7 -8 -9
leaf_value=0.0019122052133406842 -0.013466406124375194 0.012305999817834512 -0.00084919477379093037 -0.0084621058768043836 -0.0096456464423410153 0.001314620004462646 -0.0020149389401748607 0.014414627136075504
leaf_weight=71 72 92 1175 307 101 1598 138 77
leaf_count=71 72 92 1175 307 101 1598 138 77
internal_value=-0.000368764 -2.66264e-05 -0.00144162 -0.00242631 0.00126117 0.000662981 -0.0059419 0.00841773
internal_weight=3631 3421 1630 1482 1791 1699 210 148
internal_count=3631 3421 1630 1482 1791 1699 210 148
is_linear=0
shrinkage=0.132659


Tree=143
num_leaves=7
num_cat=0
split_feature=10 9 3 5 9 9
split_gain=0.32975 0.511575 0.705387 0.304345 0.337085 0.902259
threshold=0.041469322411763786 0.076503221931671292 4660.6000000000013 0.15196997945725405 0.010707775420066604 0.014938379816712236
decision_type=2 2 2 2 2 2
left_child=1 2 -1 -2 -5 -6
right_child=3 -3 -4 4 5 -7
leaf_value=0.00023490072076725815 -0.0081447137122340665 -0.0043296643876838724 0.013182314385415299 0.0057522966069446426 -0.015531028369314769 -0.00049960701483617678
leaf_weight=164 96 115 135 142 72 2907
leaf_count=164 96 115 135 142 72 2907
internal_value=-0.000334778 0.00318918 0.00608113 -0.000788295 -0.000561974 -0.000862987
internal_weight=3631 414 299 3217 3121 2979
internal_count=3631 414 299 3217 3121 2979
is_linear=0
shrinkage=0.132659


Tree=144
num_leaves=10
num_cat=0
split_feature=3 3 5 5 4 0 5 0 3
split_gain=1.01463 0.857999 0.750898 0.844987 0.676113 0.436507 0.951687 0.731875 0.382967
threshold=4617.1000000000013 4595.1000000000013 0.19504616546522219 0.21776351645147093 -0.012053940725645156 65.600000000000009 0.21536135695767314 86.15000000000002 8020.5285000000013
decision_type=2 2 2 2 2 2 2 2 2
left_child=1 5 4 -4 -2 6 -1 -7 -5
right_child=2 -3 3 8 -6 7 -8 -9 -10
leaf_value=-0.0091546819579164003 0.016700385996256346 -0.014181019734102194 -0.0095826889037972495 0.00017200263491133096 0.0027931901151329354 0.01302422127463943 0.0015750242380563675 -0.0008020548682971324 0.004244298479401918
leaf_weight=324 111 100 119 909 138 73 264 872 735
leaf_count=324 111 100 119 909 138 73 264 872 735
internal_value=0.00018047 -0.00227627 0.00217444 0.00121127 0.00899348 -0.00149956 -0.00433735 0.000266207 0.00199267
internal_weight=3645 1633 2012 1763 249 1533 588 945 1644
internal_count=3645 1633 2012 1763 249 1533 588 945 1644
is_linear=0
shrinkage=0.132659


Tree=145
num_leaves=14
num_cat=0
split_feature=3 9 0 0 2 3 2 3 5 0 9 9 0
split_gain=0.78207 0.964953 1.02599 1.51577 0.693983 1.24995 0.7245 0.575098 0.93075 0.851765 0.313865 1.52468 0.527776
threshold=4617.1000000000013 0.03640402886066027 296.75000000000006 179.00000000000003 100.50000000000001 4595.1000000000013 93.500000000000014 4511.1000000000013 0.1925295027420682 83.950000000000017 0.1343134886176757 0.14650665580186328 104.05000000000003
decision_type=2 2 2 2 2 2 2 2 2 2 2 2 2
left_child=4 2 3 -2 5 6 -1 9 -9 -6 12 -12 -3
right_child=1 10 -4 -5 7 -7 -8 8 -10 -11 11 -13 -14
leaf_value=-0.0010131304133234593 0.009096722177124374 -0.0050987180837731147 0.016897216119984237 -0.013702338516002905 0.0095892736691130104 -0.020484151505723122 -0.0099612273757979531 0.01761425066725222 -0.0025431219039216153 -0.00526791114085112 0.018769360632647392 8.5457402598617576e-05 0.0012700878576289323
leaf_weight=868 185 355 140 71 95 74 195 90 73 238 90 526 645
leaf_count=868 185 355 140 71 95 74 195 90 73 238 90 526 645
internal_value=0.000147715 0.00189831 0.00776695 0.00277307 -0.00200917 -0.00381541 -0.00265473 0.00213131 0.00858734 -0.00102911 0.000460144 0.00281567 -0.000990881
internal_weight=3645 2012 396 256 1633 1137 1063 496 163 333 1616 616 1000
internal_count=3645 2012 396 256 1633 1137 1063 496 163 333 1616 616 1000
is_linear=0
shrinkage=0.132659


Tree=146
num_leaves=9
num_cat=0
split_feature=5 5 5 0 0 9 0 4
split_gain=0.393966 0.667864 0.592979 0.708682 0.953919 0.566012 0.486266 0.254092
threshold=0.21776351645147093 0.22160436399350569 0.20973374836979694 62.000000000000007 83.950000000000017 0.020963001506648777 49.45000000000001 0.35267151063311852
decision_type=2 2 2 2 2 2 2 2
left_child=2 -2 3 6 -5 -3 -1 -7
right_child=1 5 -4 4 -6 7 -8 -9
leaf_value=-0.0031254190999722487 0.013603227375486799 0.009273811827375994 -0.0098456759356988603 0.013318299318389442 -0.00018680751881381864 0.00054364348745619879 -0.01510434568038917 -0.0071296252918697399
leaf_weight=347 74 130 139 105 745 1954 72 79
leaf_count=347 74 130 139 105 745 1954 72 79
internal_value=0.000117957 0.00121212 -0.00162042 -0.000719352 0.00148169 0.000788102 -0.00518436 0.000245414
internal_weight=3645 2237 1408 1269 850 2163 419 2033
internal_count=3645 2237 1408 1269 850 2163 419 2033
is_linear=0
shrinkage=0.132659


Tree=147
num_leaves=8
num_cat=0
split_feature=1 0 5 0 0 4 1
split_gain=0.415872 0.339858 0.642961 0.508873 0.505446 0.455751 0.418954
threshold=9350.0000000000018 535.75000000000011 0.34464492226047555 707.60000000000014 417.55000000000007 0.020963001506648777 8950.0000000000018
decision_type=2 2 2 2 2 2 2
left_child=1 4 3 -3 6 -6 -1
right_child=-2 2 -4 -5 5 -7 -8
leaf_value=-0.00079581461586497289 -0.0083961596729658309 0.0092771234315103188 -0.0081946198545994123 0.0011845474471393073 -0.001795637354182322 -0.01314863588613897 0.0082285566928515987
leaf_weight=2443 117 197 92 447 145 109 94
leaf_count=2443 117 197 92 447 145 109 94
internal_value=-0.000615709 -0.000357572 0.00217824 0.00366025 -0.00102629 -0.00666813 -0.000461395
internal_weight=3644 3527 736 644 2791 254 2537
internal_count=3644 3527 736 644 2791 254 2537
is_linear=0
shrinkage=0.132659


Tree=148
num_leaves=6
num_cat=0
split_feature=1 0 0 0 0
split_gain=0.318991 0.316218 0.512076 0.44878 0.353031
threshold=9350.0000000000018 1074.4000000000003 917.75000000000011 1286.2500000000002 535.75000000000011
decision_type=2 2 2 2 2
left_child=1 2 4 -3 -1
right_child=-2 3 -4 -5 -6
leaf_value=-0.00090138427951082386 -0.0073586392271541828 0.011794792322195586 -0.010258331840541427 -9.8267895743446172e-06 0.0033311162567974421
leaf_weight=2791 117 89 95 156 396
leaf_count=2791 117 89 95 156 396
internal_value=-0.000544454 -0.000318376 -0.000661578 0.00427886 -0.000375461
internal_weight=3644 3527 3282 245 3187
internal_count=3644 3527 3282 245 3187
is_linear=0
shrinkage=0.132659


Tree=149
num_leaves=8
num_cat=0
split_feature=10 10 10 10 4 4 10
split_gain=0.367969 0.669621 0.403805 0.742261 0.452348 0.400721 0.69796
threshold=0.026958662401292997 0.049118266336220961 0.060576737524599959 0.06454000095265186 -0.034518375028557757 -0.057572465073338318 0.046799082457807367
decision_type=2 2 2 2 2 2 2
left_child=-1 5 4 -4 -3 -2 -7
right_child=1 2 3 -5 -6 6 -8
leaf_value=0.0071465727484804906 0.0021565695926220193 -0.0014913222802185506 -0.011376937500854861 -4.6548830200559952e-05 0.0081341217928087607 -0.0044343400416082092 -0.018734686119458534
leaf_weight=108 110 144 106 2529 213 362 72
leaf_count=108 110 144 106 2529 213 362 72
internal_value=-0.000480579 -0.000713568 6.48571e-05 -0.000502412 0.00425169 -0.00499479 -0.00680736
internal_weight=3644 3536 2992 2635 357 544 434
internal_count=3644 3536 2992 2635 357 544 434
is_linear=0
shrinkage=0.132659


Tree=150
num_leaves=13
num_cat=0
split_feature=0 0 1 4 0 3 10 0 8 0 4 3
split_gain=0.464932 1.22462 1.57956 1.13803 0.937601 1.63084 1.50501 1.12125 0.786605 0.559884 0.394645 0.432856
threshold=40.550000000000004 21.550000000000004 4050.0000000000005 0.0028956863189977811 116.95000000000002 4516.1000000000013 0.057405579766698418 141.95000000000002 48.881528430707149 81.850000000000009 -0.14026012832013987 4660.6000000000013
decision_type=2 2 2 2 2 2 2 2 2 2 2 2
left_child=1 10 -3 -4 5 9 -7 -6 -9 -2 -1 -12
right_child=4 2 3 -5 7 6 -8 8 -10 -11 11 -13
leaf_value=0.0089461528842295617 0.0093755665220628618 -0.0045383182025279818 0.0062955792025655068 0.02780451935000567 0.012781786110493862 0.0012112034322537258 -0.017268849641239543 0.0005317418997478375 -0.010922973746404992 -0.0049243466248246682 0.0015346701249303134 -0.0052439294762788875
leaf_weight=80 126 82 81 93 126 117 230 1814 112 78 467 257
leaf_count=80 126 82 81 93 126 117 230 1814 112 78 467 257
internal_value=0.000307818 0.00264984 0.0106403 0.0177933 -0.000645917 -0.00550453 -0.011038 0.000658743 -0.000134452 0.00390798 0.000105443 -0.000871604
internal_weight=3663 1060 256 174 2603 551 347 2052 1926 204 804 724
internal_count=3663 1060 256 174 2603 551 347 2052 1926 204 804 724
is_linear=0
shrinkage=0.132659


Tree=151
num_leaves=11
num_cat=0
split_feature=9 5 2 0 4 5 5 2 2 0
split_gain=0.596519 0.82068 0.840861 1.32584 1.0394 0.637834 0.352618 0.362266 0.688738 0.367167
threshold=0.083315133134169647 0.27088718016932745 33.500000000000007 264.45000000000005 0.068446070038831811 0.29482003443590377 0.18803140687128739 12.500000000000002 33.500000000000007 1074.4000000000003
decision_type=2 2 2 2 2 2 2 2 2 2
left_child=1 2 3 -1 -4 -3 -2 9 -9 -8
right_child=6 5 4 -5 -6 -7 7 8 -10 -11
leaf_value=0.00060617332227207524 -0.0058069821168431571 -0.019527920115575227 -0.0016867572891474895 0.017937466016004679 -0.01820325039908206 -0.0024996177503796325 -0.0025708304017340133 0.0095324339269283083 0.001928642190816068 0.0069526873515039726
leaf_weight=447 100 75 973 94 72 80 393 260 1082 87
leaf_count=447 100 75 973 94 72 80 393 260 1082 87
internal_value=0.000251028 -0.00152768 -0.000627223 0.00361798 -0.002825 -0.0107403 0.00186223 0.0022832 0.00340191 -0.000844511
internal_weight=3663 1741 1586 541 1045 155 1922 1822 1342 480
internal_count=3663 1741 1586 541 1045 155 1922 1822 1342 480
is_linear=0
shrinkage=0.132659


Tree=152
num_leaves=8
num_cat=0
split_feature=9 6 9 10 6 1 0
split_gain=0.461684 0.660613 0.633638 0.405864 0.283137 0.281666 0.687424
threshold=0.083315133134169647 0.033226532983969582 0.077478633277074715 0.12570505144669139 0.12010051678063734 7250.0000000000009 793.75000000000011
decision_type=2 2 2 2 2 2 2
left_child=1 2 3 -1 5 -2 -7
right_child=4 -3 -4 -5 -6 6 -8
leaf_value=0.00071605022588054265 0.00015803590482447847 -0.013370697729807722 -0.011381894745936474 -0.0053049102302793905 0.0072803712590023967 0.0083251542146274803 -0.0018778531856623502
leaf_weight=1339 1304 77 94 231 144 270 204
leaf_count=1339 1304 77 94 231 144 270 204
internal_value=0.00020552 -0.0013593 -0.000803357 -0.00016988 0.00162298 0.00116472 0.00393406
internal_weight=3663 1741 1664 1570 1922 1778 474
internal_count=3663 1741 1664 1570 1922 1778 474
is_linear=0
shrinkage=0.132659


Tree=153
num_leaves=9
num_cat=0
split_feature=6 9 10 6 9 4 4 9
split_gain=0.446445 1.14918 0.599705 0.487204 0.409165 0.697001 0.332761 0.232523
threshold=0.077642263229877176 0.20331823027015369 0.12885667248776908 0.064903689094830894 0.014938379816712236 0.0016653468789348178 -0.17800536719318483 0.24942396884729243
decision_type=2 2 2 2 2 2 2 2
left_child=3 2 -2 4 5 -1 -6 -3
right_child=1 7 -4 -5 6 -7 -8 -9
leaf_value=-0.011255685571488584 0.0043144498889869714 -0.0079576063017320967 0.021114827894736107 -0.010959568094896521 0.0079830314047815952 0.001406659121751032 -0.00012289896248241359 0.0013323906289622951
leaf_weight=154 71 76 79 78 92 152 2836 126
leaf_count=154 71 76 79 78 92 152 2836 126
internal_value=-0.000123065 0.00436857 0.013164 -0.000600456 -0.000350553 -0.00496614 0.000131837 -0.0021632
internal_weight=3664 352 150 3312 3234 306 2928 202
internal_count=3664 352 150 3312 3234 306 2928 202
is_linear=0
shrinkage=0.132659


Tree=154
num_leaves=8
num_cat=0
split_feature=9 3 6 6 4 6 4
split_gain=0.35677 0.632302 1.25755 0.284073 0.966464 0.710333 0.248304
threshold=0.013774438298551834 2989.0000000000005 0.00030799389255789565 0.079940530760107167 0.20066897318214041 0.06704082638173485 -0.17800536719318483
decision_type=2 2 2 2 2 2 2
left_child=1 -1 -3 5 -5 6 -2
right_child=3 2 -4 4 -6 -7 -8
leaf_value=0.0061474297341572604 0.0069817450277417231 -0.017825221753691039 0.0028224938443880045 0.012649890065880401 -0.0019085223886953352 -0.012171175639961307 -1.8907991335478855e-05
leaf_weight=71 92 113 96 134 200 84 2874
leaf_count=71 92 113 96 134 200 84 2874
internal_value=-0.000116782 -0.00466744 -0.0083416 0.000259769 0.0039326 -0.000142453 0.000198275
internal_weight=3664 280 209 3384 334 3050 2966
internal_count=3664 280 209 3384 334 3050 2966
is_linear=0
shrinkage=0.132659


Tree=155
num_leaves=5
num_cat=0
split_feature=9 4 4 4
split_gain=0.291853 0.410092 0.185831 0.331033
threshold=0.013774438298551834 0.0016653468789348178 -0.17800536719318483 -0.16191517448718004
decision_type=2 2 2 2
left_child=1 -1 -2 -4
right_child=2 -3 3 -5
leaf_value=-0.0093432286571323211 0.0061060463701016017 0.00081038951063862981 -0.008366575392606242 0.00027166802822255263
leaf_weight=139 92 141 80 3212
leaf_count=139 92 141 80 3212
internal_value=-0.000114513 -0.00423039 0.000226062 6.17063e-05
internal_weight=3664 280 3384 3292
internal_count=3664 280 3384 3292
is_linear=0
shrinkage=0.132659


Tree=156
num_leaves=8
num_cat=0
split_feature=6 6 6 3 0 0 7
split_gain=0.504138 0.319721 0.659281 0.588907 1.8389 0.635002 0.31834
threshold=0.14878689952832266 -0.039832741338711557 -0.032002246349954265 2959.7135000000003 60.350000000000009 316.25000000000006 0.72053950522274435
decision_type=2 2 2 2 2 2 2
left_child=1 3 -3 5 -5 -1 -4
right_child=-2 2 6 4 -6 -7 -8
leaf_value=0.012617660160877628 -0.010249429728407457 0.0096730820119144707 0.00057836980625482529 -0.017749785553646806 0.00082183314439142601 -0.0042445004198455863 0.0068609211168553369
leaf_weight=88 74 160 2635 129 344 71 150
leaf_count=88 74 160 2635 129 344 71 150
internal_value=0.000587326 0.00081156 0.00139256 -0.00189576 -0.00424358 0.00508833 0.000916787
internal_weight=3651 3577 2945 632 473 159 2785
internal_count=3651 3577 2945 632 473 159 2785
is_linear=0
shrinkage=0.132659


Tree=157
num_leaves=12
num_cat=0
split_feature=5 2 2 2 4 10 10 5 10 1 2
split_gain=0.5168 0.540646 0.430801 0.710445 0.491979 0.420435 0.770823 0.473007 0.360073 1.00484 0.760572
threshold=0.26995252527862551 99.500000000000014 36.500000000000007 35.500000000000007 0.020963001506648777 0.10834794209272954 0.09417479987247461 0.31213952388822869 0.081303879922330763 3175.0000000000005 57.500000000000007
decision_type=2 2 2 2 2 2 2 2 2 2 2
left_child=2 5 3 4 -1 6 -2 -7 9 -4 -10
right_child=1 -3 8 -5 -6 7 -8 -9 10 -11 -12
leaf_value=0.005129789234154059 -0.0010770424132453158 -0.010739225713151886 0.0071935697481253901 0.016279573363945567 -0.0013204425197954842 0.010346188415162234 -0.015240409711270079 -0.0010080212538179699 0.011970330167218568 -0.0074816302544473551 0.00031784338567725554
leaf_weight=544 469 114 115 73 337 103 79 173 107 287 1250
leaf_count=544 469 114 115 73 337 103 79 173 107 287 1250
internal_value=0.000506787 -0.00217738 0.00143483 0.00370471 0.00266246 -0.000992664 -0.00311924 0.00322958 0.000203727 -0.00328337 0.00123678
internal_weight=3651 938 2713 954 881 824 548 276 1759 402 1357
internal_count=3651 938 2713 954 881 824 548 276 1759 402 1357
is_linear=0
shrinkage=0.132659


Tree=158
num_leaves=10
num_cat=0
split_feature=9 2 9 5 0 9 9 5 2
split_gain=0.450075 0.786184 0.612163 0.482174 0.924999 0.425482 0.587185 0.378249 0.19772
threshold=0.023461790974109036 28.500000000000004 0.03248906395860502 0.23310052039092402 94.550000000000026 0.050540460412836517 0.042413285635416749 0.30038152894189152 37.500000000000007
decision_type=2 2 2 2 2 2 2 2 2
left_child=1 -1 8 4 -3 6 -4 -7 -2
right_child=2 3 5 -5 -6 7 -8 -9 -10
leaf_value=-0.0053162636824826562 -0.0023592466641117736 0.01523662588303247 -0.00051768827604322721 0.015584906302262726 -0.00099521675486624085 0.00059814614411621172 0.010207814882026127 -0.0032326879113302445 -0.010994519131056837
leaf_weight=116 80 93 188 91 184 2031 172 584 112
leaf_count=116 80 93 188 91 184 2031 172 584 112
internal_value=0.000438494 0.00420609 -0.000137311 0.00720782 0.00445502 0.00033125 0.00460694 -0.000257396 -0.00739701
internal_weight=3651 484 3167 368 277 2975 360 2615 192
internal_count=3651 484 3167 368 277 2975 360 2615 192
is_linear=0
shrinkage=0.132659


Tree=159
num_leaves=15
num_cat=1
split_feature=10 10 13 6 7 1 10 9 9 9 7 7 5 7
split_gain=0.532052 1.12533 0.905751 1.77447 0.824865 0.936764 0.654541 0.620307 0.549589 1.12641 0.676633 0.475788 0.566051 0.390964
threshold=0.11226623095589917 0.14245359493246132 0 0.05070021766385556 0.33304780332702039 3850.0000000000005 0.068874542146510828 0.10688832726830562 0.033383608445138747 0.042984206559630721 0.16127417724876889 0.72243816992001808 0.2674851774549894 0.50612503611349402
decision_type=2 2 1 2 2 2 2 2 2 2 2 2 2 2
left_child=4 2 13 -4 8 7 -7 -6 10 -10 -1 12 -3 -2
right_child=1 11 3 -5 5 6 -8 -9 9 -11 -12 -13 -14 -15
leaf_value=0.014817104117324294 0.0043065943978734715 0.0086366427256726643 -0.018201096991419464 0.0031844532971636837 0.0028812260628341287 -0.002770610617834107 0.011280867567721141 -0.011406263805714828 -0.015236215582718975 -0.00087796187879172593 0.00079672148021638122 -0.0056851095140542599 -0.0006594259998544688 -0.0054886968819468076
leaf_weight=78 124 204 220 99 170 71 327 78 104 1272 271 130 265 170
leaf_count=78 124 204 220 99 170 71 327 78 104 1272 271 130 265 170
internal_value=-0.000412404 -0.0026734 -0.00666915 -0.0115644 0.000743373 0.00478664 0.00877418 -0.00161286 -0.000770829 -0.00196335 0.00393077 0.00141581 0.00338422 -0.00135733
internal_weight=3583 1212 613 319 2371 646 398 248 1725 1376 349 599 469 294
internal_count=3583 1212 613 319 2371 646 398 248 1725 1376 349 599 469 294
cat_boundaries=0 1
cat_threshold=2
is_linear=0
shrinkage=0.132659


Tree=160
num_leaves=15
num_cat=1
split_feature=10 10 13 1 2 1 9 2 1 10 9 9 2 9
split_gain=0.418425 0.879392 0.717443 1.39204 0.665312 0.828079 0.513742 0.364169 0.39487 0.346829 1.05523 0.508076 0.304913 0.201264
threshold=0.11226623095589917 0.14245359493246132 0 7550.0000000000009 57.500000000000007 3950.0000000000005 0.074587240171378785 190.50000000000003 7150.0000000000009 0.060114537378142006 0.079322828000928117 0.012717003744970297 96.500000000000014 0.06801798554354567
decision_type=2 2 1 2 2 2 2 2 2 2 2 2 2 2
left_child=4 2 12 -4 9 6 -6 8 -3 11 -11 -1 -2 -7
right_child=1 7 3 -5 5 13 -8 -9 -10 10 -12 -13 -14 -15
leaf_value=0.0097022817793942836 0.0031638740626742214 9.6260685615285807e-05 -0.0049980713531040544 -0.024818818594463034 0.0072299272116415408 0.013489709006075596 -0.0068008986908808669 -0.00498903109138239 0.0081456015656165195 -0.0087119821464682248 0.0008478833100054586 0.00022596724236884408 -0.0053818031954760495 0.0057965561371458516
leaf_weight=112 144 303 234 85 76 147 116 130 166 302 621 896 150 101
leaf_count=112 144 303 234 85 76 147 116 130 166 302 621 896 150 101
internal_value=-0.000386409 -0.00239149 -0.00592373 -0.0102805 0.000638549 0.00529374 -0.00124687 0.00122336 0.00294547 -0.000422222 -0.00228014 0.00127903 -0.00119621 0.0103572
internal_weight=3583 1212 613 319 2371 440 192 599 469 1931 923 1008 294 248
internal_count=3583 1212 613 319 2371 440 192 599 469 1931 923 1008 294 248
cat_boundaries=0 1
cat_threshold=2
is_linear=0
shrinkage=0.132659


Tree=161
num_leaves=9
num_cat=0
split_feature=3 1 1 1 1 3 3 2
split_gain=0.352765 0.499663 0.64178 0.537567 0.398936 0.874525 0.829246 0.370697
threshold=8252.3000000000011 7550.0000000000009 7250.0000000000009 5900.0000000000009 8250.0000000000018 7852.3000000000011 7792.7175000000016 9.5000000000000018
decision_type=2 2 2 2 2 2 2 2
left_child=1 2 3 -1 6 -6 -3 -2
right_child=7 4 -4 -5 5 -7 -8 -9
leaf_value=0.00047449436082634678 0.010527112520973532 -0.019335710948702876 0.009998132960730665 -0.0056767130282728215 0.006825511505543511 -0.0050127580500028864 -0.0031462339689435673 -0.0013208334631853902
leaf_weight=2204 104 77 113 282 158 360 201 84
leaf_count=2204 104 77 113 282 158 360 201 84
internal_value=-0.000359725 -0.000669487 0.000221168 -0.0002233 -0.00357749 -0.00140175 -0.00763124 0.00523367
internal_weight=3583 3395 2599 2486 796 518 278 188
internal_count=3583 3395 2599 2486 796 518 278 188
is_linear=0
shrinkage=0.132659


Tree=162
num_leaves=10
num_cat=0
split_feature=10 10 0 6 2 0 0 6 0
split_gain=0.460493 0.444501 0.837274 0.664809 0.566146 1.01107 0.920148 0.429792 0.213401
threshold=0.029911348884858028 0.060576737524599959 338.40000000000009 0.012359333730535738 94.500000000000014 370.95000000000005 316.25000000000006 0.01085378238679297 56.350000000000009
decision_type=2 2 2 2 2 2 2 2 2
left_child=8 2 7 -4 5 -3 -6 -2 -1
right_child=1 4 3 -5 6 -7 -8 -9 -10
leaf_value=-0.0020520961969309947 0.0036686977813961447 -0.0046130704275410498 -0.013131507968884281 0.0016956415814833362 0.0051454819237105051 0.0027238793103255693 -0.0026173304215894094 0.012145489890533301 -0.011653728907345371
leaf_weight=83 553 979 87 137 631 499 468 130 80
leaf_count=83 553 979 87 137 631 499 468 130 80
internal_value=0.00012605 0.000448493 0.00297419 -0.00406363 -0.000440462 -0.00213598 0.00183976 0.0052824 -0.00676526
internal_weight=3647 3484 907 224 2577 1478 1099 683 163
internal_count=3647 3484 907 224 2577 1478 1099 683 163
is_linear=0
shrinkage=0.132659


Tree=163
num_leaves=9
num_cat=0
split_feature=10 2 2 2 0 1 1 1
split_gain=0.361796 0.385222 1.05061 0.534629 0.584834 0.502045 0.273064 0.179092
threshold=0.029911348884858028 30.500000000000004 29.500000000000004 92.500000000000014 316.25000000000006 2875.0000000000005 4575.0000000000009 4525.0000000000009
decision_type=2 2 2 2 2 2 2 2
left_child=7 2 6 5 -5 -3 -2 -1
right_child=1 3 -4 4 -6 -7 -8 -9
leaf_value=-0.010951858331300052 0.003644917968840936 0.0064594275625613181 0.015584827013280057 0.0038567692376354477 -0.0019801937645874111 -0.0033600045352279611 -0.00086664180243724905 -0.0020970497585924603
leaf_weight=72 429 100 98 717 522 1093 525 91
leaf_count=72 429 100 98 717 522 1093 525 91
internal_value=9.92291e-05 0.000385036 0.00250594 -0.000532405 0.00139762 -0.00253684 0.00116217 -0.00600909
internal_weight=3647 3484 1052 2432 1239 1193 954 163
internal_count=3647 3484 1052 2432 1239 1193 954 163
is_linear=0
shrinkage=0.132659


Tree=164
num_leaves=9
num_cat=0
split_feature=10 10 0 0 0 10 0 0
split_gain=0.279601 0.323126 0.634148 0.519166 0.405234 0.330514 0.679082 0.17522
threshold=0.029911348884858028 0.060576737524599959 338.40000000000009 513.60000000000002 27.950000000000003 0.072008007184007003 22.350000000000005 0.95000000000000007
decision_type=2 2 2 2 2 2 2 2
left_child=-1 2 4 -4 -2 6 -3 -7
right_child=1 5 3 -5 -6 7 -8 -9
leaf_value=-0.0052877671784674124 0.00076743476343330811 0.0037354201694617022 -0.012461189312695027 0.0009842411045289099 0.0072962204658565174 0.0058573538519864311 -0.0087441173453216142 -8.5122665796307385e-05
leaf_weight=163 293 119 77 147 390 91 216 2151
leaf_count=163 293 119 77 147 390 91 216 2151
internal_value=8.20474e-05 0.0003333 0.00248673 -0.00363817 0.00449553 -0.00042463 -0.00431111 0.000156114
internal_weight=3647 3484 907 224 683 2577 335 2242
internal_count=3647 3484 907 224 683 2577 335 2242
is_linear=0
shrinkage=0.132659


Tree=165
num_leaves=7
num_cat=0
split_feature=2 9 9 3 3 10
split_gain=0.709928 0.791224 0.581553 0.925255 0.476043 0.238146
threshold=5.5000000000000009 0.0071504807080980358 0.11073840674229991 8189.0000000000009 8066.1000000000013 0.074483252726582377
decision_type=2 2 2 2 2 2
left_child=-1 5 3 -3 -4 -2
right_child=1 2 4 -5 -6 -7
leaf_value=0.01001450346773845 0.014838653254633885 -0.002781258881791582 0.0029715534844090945 0.0071031108777454407 -0.0030919312749551134 0.0041224604984955362
leaf_weight=127 73 1865 1050 183 291 73
leaf_count=127 73 1865 1050 183 291 73
internal_value=0.000270273 -7.98455e-05 -0.000491803 -0.00189799 0.00165574 0.00948162
internal_weight=3662 3535 3389 2048 1341 146
internal_count=3662 3535 3389 2048 1341 146
is_linear=0
shrinkage=0.132659


Tree=166
num_leaves=8
num_cat=0
split_feature=10 9 3 9 5 7 9
split_gain=0.635237 0.448564 0.800999 0.78959 0.568649 0.286608 0.422565
threshold=0.027678859515199532 0.12147210532052914 8145.4000000000005 0.050540460412836517 0.27088718016932745 0.14326579749154197 0.20091320325171735
decision_type=2 2 2 2 2 2 2
left_child=-1 2 4 -4 -2 -3 -7
right_child=1 5 3 -5 -6 6 -8
leaf_value=0.0097274667714890573 -0.001312807673478781 0.0085411956395108537 0.013913287384510899 -0.00030189542536189306 -0.0084517839650674643 0.0031878420404891634 -0.0023189015852347668
leaf_weight=120 1826 107 115 171 220 735 368
leaf_count=120 1826 107 115 171 220 735 368
internal_value=0.000235691 -8.59244e-05 -0.00116128 0.00541445 -0.0020805 0.00198656 0.00135059
internal_weight=3662 3542 2332 286 2046 1210 1103
internal_count=3662 3542 2332 286 2046 1210 1103
is_linear=0
shrinkage=0.132659


Tree=167
num_leaves=7
num_cat=0
split_feature=7 3 4 3 3 5
split_gain=0.453139 0.354188 0.808184 0.726634 0.566702 0.359707
threshold=0.12158486873080281 2941.6000000000004 -0.055041197445850031 2955.1000000000004 2907.8000000000006 0.17695175986887318
decision_type=2 2 2 2 2 2
left_child=-1 2 -2 -3 -4 -5
right_child=1 3 4 5 -6 -7
leaf_value=0.0079910045002849431 0.0029213428870349155 0.0095115819809015924 -0.0033654581858509271 0.0032945587565793529 -0.019033355942653755 -0.00070201171745686713
leaf_weight=127 142 145 86 467 77 2618
leaf_count=127 142 145 86 467 77 2618
internal_value=0.000206054 -7.36661e-05 -0.00439479 0.000334384 -0.010768 -9.70052e-05
internal_weight=3662 3535 305 3230 163 3085
internal_count=3662 3535 305 3230 163 3085
is_linear=0
shrinkage=0.132659


Tree=168
num_leaves=8
num_cat=0
split_feature=9 3 3 2 3 0 3
split_gain=0.409333 0.373906 0.815382 0.800508 0.574516 0.676149 0.661376
threshold=0.0037947171202809596 7780.2175000000016 7873.1000000000013 99.500000000000014 7504.5000000000009 312.95000000000005 4666.0000000000009
decision_type=2 2 2 2 2 2 2
left_child=-1 4 -3 -4 6 -6 -2
right_child=1 2 3 -5 5 -7 -8
leaf_value=-0.0083646565200782719 -4.3633354304890101e-05 0.011704202942611848 0.003001747383449398 -0.0072042896298806555 -0.015046824732196075 -0.00020007534544711587 0.010291379797592676
leaf_weight=88 2072 155 845 161 95 125 115
leaf_count=88 2072 155 845 161 95 125 115
internal_value=0.000572532 0.000792994 0.00274833 0.00136828 -0.000150162 -0.00661182 0.000499888
internal_weight=3656 3568 1161 1006 2407 220 2187
internal_count=3656 3568 1161 1006 2407 220 2187
is_linear=0
shrinkage=0.132659


Tree=169
num_leaves=8
num_cat=0
split_feature=2 0 0 0 6 4 4
split_gain=0.407283 0.322034 0.662977 0.379567 0.306698 0.242909 0.245262
threshold=189.50000000000003 18.150000000000006 23.350000000000005 28.950000000000003 -0.028127173792144636 -0.084424485511766914 0.0021186552300029552
decision_type=2 2 2 2 2 2 2
left_child=1 4 -3 -4 -1 -2 -7
right_child=5 2 3 -5 -6 6 -8
leaf_value=0.008101790258856845 -0.00026106019086344015 -0.01211964860274586 0.0086671047750699146 -0.00050619350713897702 0.0012263909962916359 0.014169329780210561 0.0043122611420173896
leaf_weight=141 91 85 82 2469 600 72 116
leaf_count=141 91 85 82 2469 600 72 116
internal_value=0.000493972 9.15051e-05 -0.000595339 -0.000211271 0.00253482 0.00536511 0.00808822
internal_weight=3656 3377 2636 2551 741 279 188
internal_count=3656 3377 2636 2551 741 279 188
is_linear=0
shrinkage=0.132659


Tree=170
num_leaves=10
num_cat=0
split_feature=5 5 0 5 4 4 4 2 2
split_gain=0.356272 0.722848 1.80557 0.341336 0.356087 0.826733 0.604535 0.334231 0.58692
threshold=0.2674851774549894 0.27812243623931282 296.75000000000006 0.26284324056066943 -0.0015250298837148262 0.0064141298527253211 -0.0094901860036689257 99.500000000000014 91.500000000000014
decision_type=2 2 2 2 2 2 2 2 2
left_child=3 2 -2 4 6 -6 -1 8 -3
right_child=1 7 -4 -5 5 -7 -8 -9 -10
leaf_value=0.0017017979765987536 -0.025156349765579827 -0.00059031894543647352 0.0040536110182963414 0.008976353865634279 -0.013599955230449028 0.00019423284494592585 0.013795835094534145 -0.0086458881222969044 0.011938338713295209
leaf_weight=1309 73 666 76 96 82 1129 77 75 73
leaf_count=1309 73 666 76 96 82 1129 77 75 73
internal_value=0.00042593 -0.00176397 -0.0102585 0.00120903 0.000921851 -0.000739974 0.00237384 -0.000208905 0.000647517
internal_weight=3656 963 149 2693 2597 1211 1386 814 739
internal_count=3656 963 149 2693 2597 1211 1386 814 739
is_linear=0
shrinkage=0.132659


Tree=171
num_leaves=8
num_cat=0
split_feature=4 1 0 0 1 0 3
split_gain=0.346464 1.02044 0.301074 0.807402 0.66111 0.471709 0.246062
threshold=0.29329200232916897 5350.0000000000009 535.75000000000011 476.50000000000006 9050.0000000000018 604.10000000000014 8066.1000000000013
decision_type=2 2 2 2 2 2 2
left_child=2 -2 3 4 -1 -4 -7
right_child=1 -3 5 -5 -6 6 -8
leaf_value=-0.0015153169346809841 -0.005387299001383873 0.015737025464240845 0.0095724011021190523 -0.012157437317755692 0.0090884286455113605 0.0019187632595040196 -0.0037804631403854832
leaf_weight=2460 79 82 108 121 108 408 198
leaf_count=2460 79 82 108 121 108 408 198
internal_value=-0.000640843 0.00537215 -0.00092535 -0.00156833 -0.00106931 0.00149614 5.65834e-05
internal_weight=3564 161 3403 2689 2568 714 606
internal_count=3564 161 3403 2689 2568 714 606
is_linear=0
shrinkage=0.132659


Tree=172
num_leaves=11
num_cat=0
split_feature=5 5 5 5 3 9 0 5 5 5
split_gain=0.394087 1.08754 0.536844 0.48762 0.332966 0.567436 0.624081 0.345585 0.455142 0.342678
threshold=0.2771058415888592 0.27088718016932745 0.26471824382594988 0.26179742458466648 8066.1000000000013 0.19742106514976374 151.35000000000002 0.30829200101371457 0.37282436233588229 0.42344450211972923
decision_type=2 2 2 2 2 2 2 2 2 2
left_child=1 2 3 -1 5 6 -2 -6 -9 -7
right_child=4 -3 -4 -5 7 9 -8 8 -10 -11
leaf_value=-0.00090150471109139325 -0.0053323888171564046 -0.015267830690959909 0.0083363453818186637 -0.012050262725219618 0.0063970065199999331 0.015034253370033885 0.0062307207803177786 -0.012499995030403931 0.00011441927114803087 0.003176381961221358
leaf_weight=2481 154 95 108 71 74 104 176 75 153 73
leaf_count=2481 154 95 108 71 74 104 176 75 153 73
internal_value=-0.000566266 -0.00132219 -0.000824037 -0.00121175 0.00200795 0.00408501 0.000834596 -0.00147908 -0.00403563 0.0101445
internal_weight=3564 2755 2660 2552 809 507 330 302 228 177
internal_count=3564 2755 2660 2552 809 507 330 302 228 177
is_linear=0
shrinkage=0.132659


Tree=173
num_leaves=9
num_cat=0
split_feature=9 9 3 9 3 0 0 0
split_gain=0.24383 0.713936 0.595259 0.499914 0.394129 0.306617 1.12044 0.778044
threshold=0.1343134886176757 0.12892298878973787 4617.1000000000013 0.14574401013878216 8066.1000000000013 535.75000000000011 476.50000000000006 604.10000000000014
decision_type=2 2 2 2 2 2 2 2
left_child=1 5 -2 -4 -5 6 -1 -7
right_child=2 -3 3 4 -6 7 -8 -9
leaf_value=-0.00081137545834433571 -0.0028072624552010418 -0.014297821330670358 0.014240368200985043 0.0052097045856399063 -0.0022834558976681961 0.014306727137399661 -0.016715782163731149 -0.00051458865358166856
leaf_weight=2061 385 71 72 337 195 80 81 282
leaf_count=2061 385 71 72 337 195 80 81 282
internal_value=-0.00050143 -0.00118145 0.00126907 0.00386741 0.00246316 -0.000809445 -0.00141293 0.00276132
internal_weight=3564 2575 989 604 532 2504 2142 362
internal_count=3564 2575 989 604 532 2504 2142 362
is_linear=0
shrinkage=0.132659


Tree=174
num_leaves=14
num_cat=0
split_feature=5 5 4 9 3 9 9 7 3 4 7 4 7
split_gain=0.390117 0.67751 0.72044 0.444223 0.509632 0.495651 0.403286 0.478679 0.899005 0.258976 0.232519 0.497315 0.4459
threshold=0.26284324056066943 0.19504616546522219 -0.060508568640408433 0.069803463824224685 4583.125500000001 0.078451919463959505 0.10612405779483591 0.40033866349824354 8125.6000000000013 0.049441874556973985 0.28428174912750476 -0.1226584938661518 0.51948173719832724
decision_type=2 2 2 2 2 2 2 2 2 2 2 2 2
left_child=1 2 -1 4 -3 -5 7 8 -2 -4 11 -8 -12
right_child=6 3 9 5 -6 -7 10 -9 -10 -11 12 -13 -14
leaf_value=0.0070091829058211196 0.0027486020464113914 0.014011109559294223 -0.0045120660418605215 -0.0084645221517783194 0.0037034065630755465 0.0018720410835952634 0.010627666446406479 -0.015120036124364676 -0.013087542392906087 0.0010022025928279649 -0.0063531785282543128 -0.00080722646214506275 0.0035847690356409227
leaf_weight=140 168 104 659 89 448 985 90 76 101 194 218 261 125
leaf_count=140 168 104 659 89 448 985 90 76 101 194 218 261 125
internal_value=5.70831e-05 0.000919965 -0.00181032 0.00258736 0.0056458 0.00101536 -0.00211795 -0.00582468 -0.00319773 -0.00325794 -0.000275175 0.00212514 -0.00273147
internal_weight=3658 2619 993 1626 552 1074 1039 345 269 853 694 351 343
internal_count=3658 2619 993 1626 552 1074 1039 345 269 853 694 351 343
is_linear=0
shrinkage=0.132659


Tree=175
num_leaves=9
num_cat=0
split_feature=0 0 2 0 6 0 2 9
split_gain=0.750908 1.12699 0.773083 0.718581 0.557262 0.595535 0.548134 0.571041
threshold=106.85000000000001 76.850000000000009 98.500000000000014 128.70000000000005 -0.06374472895028957 18.150000000000006 7.5000000000000009 0.019450372663999484
decision_type=2 2 2 2 2 2 2 2
left_child=1 4 -3 -2 -1 -6 -5 -8
right_child=3 2 -4 6 5 -7 7 -9
leaf_value=0.0085389404316927493 0.011725286308855457 -0.018809373955908711 -0.0016078812948681779 -0.0080299683835356392 0.00098346867202733475 -0.004829784880534857 -0.0048645637095905015 0.0024291126440895146
leaf_weight=103 118 112 78 110 695 560 213 1669
leaf_count=103 118 112 78 110 695 560 213 1669
internal_value=3.94646e-05 -0.00217955 -0.0117485 0.00166745 -0.00084062 -0.00161052 0.00107156 0.0016036
internal_weight=3658 1548 190 2110 1358 1255 1992 1882
internal_count=3658 1548 190 2110 1358 1255 1992 1882
is_linear=0
shrinkage=0.132659


Tree=176
num_leaves=10
num_cat=0
split_feature=0 0 4 4 3 0 6 2 4
split_gain=0.584845 0.924831 1.12394 0.849066 0.601336 0.558023 0.540435 0.418221 0.4937
threshold=106.85000000000001 41.95000000000001 0.053909511502679634 -0.14026012832013987 7744.4000000000005 128.70000000000005 -0.035732579481289349 7.5000000000000009 -0.089993917764686834
decision_type=2 2 2 2 2 2 2 2 2
left_child=1 3 4 -1 -3 -2 -5 -7 -9
right_child=5 2 -4 6 -6 7 -8 8 -10
leaf_value=0.011695216015842492 0.010315507458584982 -0.0058353491705328093 -0.017876361213747576 -0.011075806230646044 0.0074200308688324602 -0.0070229764603056098 3.5221490804601454e-06 -0.0027569346237419495 0.0025045856757835569
leaf_weight=103 118 290 120 85 76 110 874 398 1484
leaf_count=103 118 290 120 85 76 110 874 398 1484
internal_value=1.5525e-05 -0.00194281 -0.0067359 0.000250704 -0.00308265 0.00145226 -0.000978649 0.000927148 0.00139188
internal_weight=3658 1548 486 1062 366 2110 959 1992 1882
internal_count=3658 1548 486 1062 366 2110 959 1992 1882
is_linear=0
shrinkage=0.132659


Tree=177
num_leaves=12
num_cat=0
split_feature=6 6 9 2 5 5 5 2 2 5 6
split_gain=0.530203 0.650879 1.03995 0.662347 0.930362 0.600412 0.501973 0.38585 0.427957 0.446025 0.259717
threshold=0.033226532983969582 -0.0022263621696935122 0.016136681876594176 21.000000000000004 0.20057002344344349 0.15874463506196609 0.20636132821372125 189.50000000000003 99.500000000000014 0.26179742458466648 0.05070021766385556
decision_type=2 2 2 2 2 2 2 2 2 2 2
left_child=1 2 -1 6 -5 -4 -3 8 10 -10 -2
right_child=7 3 5 4 -6 -7 -8 -9 9 -11 -12
leaf_value=-0.01482841248554023 -0.0046371560887631356 0.0092958417479161656 0.011586889196253154 0.0016758392324754503 0.011627055798656 -0.00026989537672476415 -0.0024593448597590587 0.0057137344942294168 -0.004356436181446403 -0.016537783927491348 0.0013744522137865266
leaf_weight=84 232 78 79 353 311 1540 354 88 174 76 278
leaf_count=84 232 78 79 353 311 1540 354 88 174 76 278
internal_value=0.000304455 0.00118487 -0.000437998 0.0037065 0.0063369 0.00030877 -0.000336606 -0.00260149 -0.00356441 -0.00806041 -0.00136029
internal_weight=3647 2799 1703 1096 664 1619 432 848 760 250 510
internal_count=3647 2799 1703 1096 664 1619 432 848 760 250 510
is_linear=0
shrinkage=0.132659


Tree=178
num_leaves=6
num_cat=0
split_feature=6 6 6 6 6
split_gain=0.422424 0.38195 0.461129 0.519333 0.413349
threshold=0.06704082638173485 0.053843230455167354 0.039181213891895779 0.044295922815349081 -0.0022263621696935122
decision_type=2 2 2 2 2
left_child=1 2 4 -4 -1
right_child=-2 -3 3 -5 -6
leaf_value=-0.00039645116856270197 -0.0037199345549786375 0.0090621951548726393 -0.013665367202302757 7.7926310703835841e-05 0.0027912401610043639
leaf_weight=1703 415 95 83 116 1235
leaf_count=1703 415 95 83 116 1235
internal_value=0.000264292 0.000775898 0.000524911 -0.00565483 0.000943514
internal_weight=3647 3232 3137 199 2938
internal_count=3647 3232 3137 199 2938
is_linear=0
shrinkage=0.132659


Tree=179
num_leaves=9
num_cat=0
split_feature=6 6 6 6 9 2 2 4
split_gain=0.334739 0.411348 0.817969 0.481031 0.440533 0.334185 0.280072 0.407798
threshold=0.033226532983969582 0.011548058490906591 0.0085197898857441914 -0.0022263621696935122 0.16747912678420601 30.500000000000004 189.50000000000003 0.099191526195917826
decision_type=2 2 2 2 2 2 2 2
left_child=1 2 3 -1 5 -3 7 -2
right_child=6 4 -4 -5 -6 -7 -8 -9
leaf_value=-0.0003469472377717552 -0.0099254410581428795 0.0093999770161253982 -0.012241376693691514 0.0048673139647950944 -0.0053923158945912465 0.002659895718103739 0.0050059442731676101 -0.0015548879780614008
leaf_weight=1703 122 211 91 381 78 335 88 638
leaf_count=1703 122 211 91 381 78 335 88 638
internal_value=0.000230589 0.000930137 6.87348e-05 0.00060636 0.00393254 0.00526479 -0.00207838 -0.00289877
internal_weight=3647 2799 2175 2084 624 546 848 760
internal_count=3647 2799 2175 2084 624 546 848 760
is_linear=0
shrinkage=0.132659


Tree=180
num_leaves=12
num_cat=0
split_feature=10 4 4 1 4 3 4 4 4 10 10
split_gain=1.004 0.900948 0.704713 0.611358 0.663434 0.586423 0.521496 0.740107 0.465308 0.295445 0.697113
threshold=0.072008007184007003 -0.076730880380750918 -0.060508568640408433 7950.0000000000009 -0.045747805049272498 7780.2175000000016 0.0028956863189977811 -0.014565489744421513 0.019839390650484765 0.079207997422767087 0.090199996705231614
decision_type=2 2 2 2 2 2 2 2 2 2 2
left_child=3 9 -3 6 -5 -4 7 -1 -8 -2 -11
right_child=1 2 5 4 -6 -7 8 -9 -10 10 -12
leaf_value=5.6710290282030764e-05 0.0054320210937504323 0.016488631996693159 0.001535966898992791 -0.002343066825260298 -0.017584398286946933 0.0070407601129646212 -0.013472541247608442 0.013943575359044658 -0.0022301062681581189 -0.01251233708360697 -0.00056126262697508143
leaf_weight=465 92 78 931 119 87 537 73 79 575 104 493
leaf_count=465 92 78 931 119 87 537 73 79 575 104 493
internal_value=0.000680458 0.0024246 0.00420267 -0.00210793 -0.00878083 0.0035497 -0.000954616 0.00207373 -0.00349692 -0.00156508 -0.00264348
internal_weight=3633 2235 1546 1398 206 1468 1192 544 648 689 597
internal_count=3633 2235 1546 1398 206 1468 1192 544 648 689 597
is_linear=0
shrinkage=0.132659


Tree=181
num_leaves=12
num_cat=0
split_feature=10 6 6 6 3 3 10 6 10 3 6
split_gain=0.774993 0.614203 0.555002 0.51476 0.46584 0.755697 0.575273 0.407696 0.566584 0.828768 0.370736
threshold=0.072008007184007003 -0.039090853763050319 -0.042529557267088229 -0.046918582822620396 7780.2175000000016 7930.1170000000011 0.12304202070352986 -0.028127173792144636 0.065227615994402841 4643.9000000000005 1.0000000180025095e-35
decision_type=2 2 2 2 2 2 2 2 2 2 2
left_child=7 2 3 -2 6 -6 -3 -1 10 -10 -9
right_child=1 4 -4 -5 5 -7 -8 8 9 -11 -12
leaf_value=0.0075248025545843695 -0.00170258832387185 0.0041500750706117721 -0.012421104892308441 0.0093424881349416667 0.015434428038279338 0.0039923327712766922 -0.0025188646477274897 0.001120346194965368 0.00010621135224076525 -0.018488552572818687 -0.0036426801048688286
leaf_weight=77 475 622 71 88 128 492 359 554 81 88 598
leaf_count=77 475 622 71 88 128 492 359 554 81 88 598
internal_value=0.000592301 0.00212467 -0.00136994 2.403e-05 0.00350855 0.00635492 0.00170955 -0.00185752 -0.00240449 -0.00957709 -0.00135214
internal_weight=3633 2235 634 563 1601 620 981 1398 1321 169 1152
internal_count=3633 2235 634 563 1601 620 981 1398 1321 169 1152
is_linear=0
shrinkage=0.132659


Tree=182
num_leaves=9
num_cat=0
split_feature=2 2 2 4 9 2 2 2
split_gain=0.486048 0.594101 0.477799 0.352811 0.346681 0.328193 0.216397 0.203213
threshold=92.500000000000014 75.000000000000014 93.500000000000014 0.10712162345884509 0.13529544680191211 49.000000000000007 98.500000000000014 58.500000000000007
decision_type=2 2 2 2 2 2 2 2
left_child=1 5 -2 6 -5 -1 -4 -7
right_child=2 -3 3 4 -6 7 -8 -9
leaf_value=-0.00075468555603691405 0.013028497492016148 -0.0089948130197222923 -0.004476134637952568 0.013801947130661091 0.0033828651083483751 0.0057125556163847282 0.0014381653023392076 -0.0018481757897970106
leaf_weight=1907 73 140 128 72 256 245 728 84
leaf_count=1907 73 140 128 72 256 245 728 84
internal_value=0.000504013 -0.000612045 0.00261358 0.00197128 0.00567056 -8.71219e-05 0.000553713 0.00378215
internal_weight=3633 2376 1257 1184 328 2236 856 329
internal_count=3633 2376 1257 1184 328 2236 856 329
is_linear=0
shrinkage=0.132659


Tree=183
num_leaves=11
num_cat=0
split_feature=9 0 2 2 2 5 2 3 4 0
split_gain=0.479703 0.878826 1.15062 1.0718 1.96063 0.761817 0.666614 0.369196 0.537427 0.413889
threshold=0.05958648786117287 101.55000000000001 29.500000000000004 30.500000000000004 37.500000000000007 0.17574666402841235 101.50000000000001 2905.7000000000003 -0.170746369925977 332.55000000000007
decision_type=2 2 2 2 2 2 2 2 2 2
left_child=1 3 -3 5 -5 -1 -4 -2 -9 -10
right_child=7 2 6 4 -6 -7 -8 8 9 -11
leaf_value=-0.0091858054179727588 -0.0074317503163973458 -0.011285366430477641 0.0055315056755706853 -0.029181883383779295 -0.0041808284384553911 0.0065194933191163032 -0.0033469575460202362 -0.0081317788805275459 0.0030300260914643828 -0.0006344173336399108
leaf_weight=98 95 129 425 87 151 122 229 108 1259 953
leaf_count=98 95 129 425 87 151 122 229 108 1259 953
internal_value=-0.000416118 -0.00253588 0.000164072 -0.00715159 -0.0133212 -0.000476649 0.00242268 0.000673177 0.00100511 0.00145127
internal_weight=3656 1241 783 458 238 220 654 2415 2320 2212
internal_count=3656 1241 783 458 238 220 654 2415 2320 2212
is_linear=0
shrinkage=0.132659


Tree=184
num_leaves=11
num_cat=0
split_feature=4 9 10 3 10 3 10 4 6 10
split_gain=0.3884 0.391433 0.390372 0.635833 1.37967 0.937668 0.563968 0.540526 0.364657 0.422691
threshold=0.063781271652892421 0.072277560623024331 0.07029635617463291 7895.9000000000005 0.077401083359137215 7820.6000000000013 0.066128214256103587 -0.017830839662369379 0.022120680035582603 0.10834794209272954
decision_type=2 2 2 2 2 2 2 2 2 2
left_child=2 -2 6 5 -5 -4 7 -1 -3 -10
right_child=1 8 3 4 -6 -7 -8 -9 9 -11
leaf_value=0.00055747938108399134 0.011097700154045187 0.0072674747733588044 -0.00062090392593309193 0.017219673551855604 -0.00016777923510600713 -0.015918030542513985 -0.013486215349802011 -0.0060449784705213982 -0.0026406478914912709 0.0027923939180428633
leaf_weight=486 71 141 975 109 305 76 89 396 506 502
leaf_count=486 71 141 975 109 305 76 89 396 506 502
internal_value=-0.000392302 0.00153979 -0.00135994 7.2481e-06 0.00441056 -0.0017273 -0.00342266 -0.00240694 0.000949027 6.50913e-05
internal_weight=3656 1220 2436 1465 414 1051 971 882 1149 1008
internal_count=3656 1220 2436 1465 414 1051 971 882 1149 1008
is_linear=0
shrinkage=0.132659


Tree=185
num_leaves=11
num_cat=0
split_feature=10 10 4 7 4 0 0 5 6 5
split_gain=0.337957 0.908984 0.479877 0.439971 0.621248 0.462036 1.01852 0.405885 0.373854 0.322477
threshold=0.083190258705304623 0.078571308111370128 -0.12001884951274878 0.72243816992001808 0.028569580773672446 302.10000000000008 58.150000000000013 0.25635877449750799 0.013332389936871166 0.23893293917651856
decision_type=2 2 2 2 2 2 2 2 2 2
left_child=1 2 -1 5 -5 6 -2 -3 -4 -7
right_child=3 7 8 4 -6 9 -8 -9 -10 -11
leaf_value=0.0067218110048535423 -0.0012028269137243888 -0.01818367780737238 -0.0027809632164622856 -0.0099155897653522302 0.0041334167602458385 -0.0054705557240509392 0.0075147579635817148 -0.004370623478341636 0.0019299448370538117 0.00082685256749320162
leaf_weight=138 433 78 1057 144 90 198 518 72 412 516
leaf_count=138 433 78 1057 144 90 198 518 72 412 516
internal_value=-0.00035301 -0.00167899 -0.000757074 0.000873821 -0.0045122 0.00163081 0.0035456 -0.0115546 -0.00145972 -0.000919567
internal_weight=3656 1757 1607 1899 234 1665 951 150 1469 714
internal_count=3656 1757 1607 1899 234 1665 951 150 1469 714
is_linear=0
shrinkage=0.132659


Tree=186
num_leaves=12
num_cat=0
split_feature=9 10 10 9 3 10 3 0 0 0 0
split_gain=0.650867 1.30284 1.2351 0.848499 0.843277 0.802982 0.659324 0.646552 1.27117 1.07317 0.638426
threshold=0.025491377718305369 0.054664333626771491 0.042408426315059387 0.037126442442328662 4552.2000000000016 0.082223730803916442 7820.6000000000013 54.250000000000007 70.800000000000026 43.650000000000013 184.95000000000002
decision_type=2 2 2 2 2 2 2 2 2 2 2
left_child=1 2 -1 4 -2 -3 -6 9 -9 -5 -7
right_child=3 5 -4 7 6 10 -8 8 -10 -11 -12
leaf_value=0.00095215824005586867 0.0025630659147116786 -0.01195668085268576 0.020113302342210565 -0.0023750727708243178 -0.022540388614617594 -0.0070056411819103045 -0.0054598440647046654 0.016418379149716986 -0.00019380526162593047 -0.018839922405691756 0.0080706666353924181
leaf_weight=115 73 101 122 977 86 79 74 85 1743 75 132
leaf_count=115 73 101 122 977 86 79 74 85 1743 75 132
internal_value=-0.000809344 0.00340198 0.0108164 -0.00155206 -0.00925175 -0.00223039 -0.014642 -0.00092908 0.000578779 -0.00354917 0.00242586
internal_weight=3662 549 237 3113 233 312 160 2880 1828 1052 211
internal_count=3662 549 237 3113 233 312 160 2880 1828 1052 211
is_linear=0
shrinkage=0.132659


Tree=187
num_leaves=11
num_cat=0
split_feature=9 9 5 3 9 1 3 3 3 3
split_gain=0.501891 0.742423 0.955965 0.764612 0.67636 0.722565 0.285321 0.268363 1.2867 0.629557
threshold=0.025491377718305369 0.006413881053136364 0.17695175986887318 2969.7000000000003 0.037126442442328662 4675.0000000000009 4581.6000000000013 8110.1000000000013 8145.4000000000005 7986.4000000000005
decision_type=2 2 2 2 2 2 2 2 2 2
left_child=1 2 -1 -3 5 -2 -5 9 -9 -6
right_child=4 3 -4 6 7 -7 -8 8 -10 -11
leaf_value=0.0056021793101533046 0.00019367768921838712 -0.0058850096914211288 -0.015864593447123952 0.015344196586192115 -0.00086134910482552258 -0.01471333641972097 0.0063998235526085958 -0.018804422415670614 -0.00065586013779357427 0.0071579861608851714
leaf_weight=73 101 78 73 85 2186 132 240 82 425 187
leaf_count=73 101 78 73 85 2186 132 240 82 425 187
internal_value=-0.000725283 0.0029728 -0.00513175 0.00590904 -0.00137748 -0.00825192 0.00873978 -0.000821275 -0.00359164 -0.000229354
internal_weight=3662 549 146 403 3113 233 325 2880 507 2373
internal_count=3662 549 146 403 3113 233 325 2880 507 2373
is_linear=0
shrinkage=0.132659


Tree=188
num_leaves=12
num_cat=0
split_feature=9 10 10 10 9 1 1 0 0 0 0
split_gain=0.386971 0.989846 0.954557 0.622354 0.538932 0.598641 0.671612 0.499669 0.983468 0.859582 0.467131
threshold=0.025491377718305369 0.054664333626771491 0.042408426315059387 0.082223730803916442 0.037126442442328662 4475.0000000000009 7650.0000000000009 54.250000000000007 76.850000000000009 43.650000000000013 184.95000000000002
decision_type=2 2 2 2 2 2 2 2 2 2 2
left_child=1 2 -1 -3 5 -2 -7 9 -9 -6 -5
right_child=4 3 -4 10 7 6 -8 8 -10 -11 -12
leaf_value=0.00038981397228398312 0.0025971383620392485 -0.01087321121333496 0.017234763160769558 -0.0062788042643825114 -0.0019770391272183017 -0.020385783525989055 -0.0031949144828283807 0.012879566536479708 -0.00017001869896012675 -0.016712630403226746 0.0066173008065627094
leaf_weight=115 73 101 122 79 977 81 79 108 1720 75 132
leaf_count=115 73 101 122 79 977 81 79 108 1720 75 132
internal_value=-0.000648304 0.00259892 0.00906165 -0.00231048 -0.00122099 -0.0073574 -0.011899 -0.000724494 0.000601068 -0.00302782 0.00178878
internal_weight=3662 549 237 312 3113 233 160 2880 1828 1052 211
internal_count=3662 549 237 312 3113 233 160 2880 1828 1052 211
is_linear=0
shrinkage=0.132659


Tree=189
num_leaves=9
num_cat=0
split_feature=5 5 0 2 2 0 0 2
split_gain=0.240163 0.429237 0.42345 1.47273 0.621888 0.450693 0.237102 0.200809
threshold=0.17728539750959382 0.18149383065802427 76.850000000000009 37.500000000000007 36.500000000000007 24.400000000000002 0.55000000000000016 103.50000000000001
decision_type=2 2 2 2 2 2 2 2
left_child=2 -2 3 5 -4 -1 -3 -6
right_child=1 6 4 -5 7 -7 -8 -9
leaf_value=-0.001588908376203794 -0.0093296377665564138 0.0073327550593465223 0.015304081024992956 0.013664481269570775 -0.00055420430262812328 -0.01610944985634449 -0.00017288538719992941 0.006945984809858672
leaf_weight=71 89 76 87 73 161 80 2890 103
leaf_count=71 89 76 87 73 161 80 2890 103
internal_value=0.000215194 -0.000252936 0.00270233 -0.00180401 0.00557813 -0.00928283 1.94748e-05 0.00237224
internal_weight=3630 3055 575 224 351 151 2966 264
internal_count=3630 3055 575 224 351 151 2966 264
is_linear=0
shrinkage=0.132659


Tree=190
num_leaves=9
num_cat=0
split_feature=1 2 2 1 0 1 2 2
split_gain=0.243276 0.527431 0.809756 0.770655 0.565042 0.360713 0.276554 0.897276
threshold=7950.0000000000009 9.5000000000000018 40.500000000000007 8850.0000000000018 167.50000000000003 7750.0000000000009 33.500000000000007 29.500000000000004
decision_type=2 2 2 2 2 2 2 2
left_child=5 -2 3 -3 -4 6 7 -1
right_child=1 2 4 -5 -6 -7 -8 -9
leaf_value=0.00032760408289915358 0.0078793375812495018 -0.015013225513531965 0.0085521390633531875 -0.0011298283607352889 -0.0025951585477317373 0.0089969570539338226 -0.00055425813557499607 0.010365985886682461
leaf_weight=852 85 152 115 131 263 90 1750 192
leaf_count=852 85 152 115 131 263 90 1750 192
internal_value=0.000179098 -0.00195618 -0.00322113 -0.00858708 0.000796426 0.000731436 0.000465137 0.00217388
internal_weight=3630 746 661 283 378 2884 2794 1044
internal_count=3630 746 661 283 378 2884 2794 1044
is_linear=0
shrinkage=0.132659


Tree=191
num_leaves=7
num_cat=0
split_feature=1 3 1 1 3 1
split_gain=0.194776 0.380177 0.292018 0.592428 0.223478 0.596306
threshold=3850.0000000000005 4552.2000000000016 4225.0000000000009 4375.0000000000009 2982.4000000000005 2550.0000000000005
decision_type=2 2 2 2 2 2
left_child=1 4 -2 -4 5 -1
right_child=2 -3 3 -5 -6 -7
leaf_value=-0.0089386656434386827 -0.0052902032699943631 0.0086277243061584977 0.0093130561284641752 -0.00052977430416917834 -0.0040323341567717009 0.0028792759285571051
leaf_weight=84 204 122 113 2251 145 711
leaf_count=84 204 122 113 2251 145 711
internal_value=0.000150107 0.00166117 -0.000474799 -5.92221e-05 0.000756859 0.00163043
internal_weight=3630 1062 2568 2364 940 795
internal_count=3630 1062 2568 2364 940 795
is_linear=0
shrinkage=0.132659


Tree=192
num_leaves=7
num_cat=0
split_feature=10 10 3 2 5 6
split_gain=0.419514 0.82736 0.537488 0.431825 0.587241 0.572412
threshold=0.033059660905357578 0.037101021217959211 4660.6000000000013 36.500000000000007 0.15196997945725405 -0.022294148794681102
decision_type=2 2 2 2 2 2
left_child=2 -2 -1 5 -5 -3
right_child=1 3 -4 4 -6 -7
leaf_value=-0.00024366593609191297 -0.013736221724094539 0.0078006281968475612 0.013366548084827625 -0.012345826438748028 -0.00089186108282068334 0.00044300102942908899
leaf_weight=118 81 227 90 82 1992 1032
leaf_count=118 81 227 90 82 1992 1032
internal_value=-0.00013791 -0.00049032 0.00564593 -0.000168347 -0.00134481 0.00176968
internal_weight=3622 3414 208 3333 2074 1259
internal_count=3622 3414 208 3333 2074 1259
is_linear=0
shrinkage=0.132659


Tree=193
num_leaves=7
num_cat=0
split_feature=10 10 3 4 5 10
split_gain=0.326874 0.636235 0.418453 0.399465 0.53419 0.49862
threshold=0.033059660905357578 0.037101021217959211 4660.6000000000013 -0.060508568640408433 0.18693461784482063 0.18931463921927796
decision_type=2 2 2 2 2 2
left_child=2 -2 -1 4 -3 -5
right_child=1 3 -4 5 -6 -7
leaf_value=-0.0002138110916942434 -0.012049310226856784 0.012929860848826481 0.01179510453496772 -0.0015468582490201393 0.0011687349635849022 0.0083198237717879743
leaf_weight=118 81 73 90 2184 982 94
leaf_count=118 81 73 90 2184 982 94
internal_value=-0.000122591 -0.000433666 0.00498285 -0.00015132 0.00198273 -0.00113966
internal_weight=3622 3414 208 3333 1055 2278
internal_count=3622 3414 208 3333 1055 2278
is_linear=0
shrinkage=0.132659


Tree=194
num_leaves=15
num_cat=0
split_feature=8 9 3 3 4 1 0 0 5 0 8 1 1 8
split_gain=0.318012 0.610666 0.642611 0.625462 0.442131 0.688664 0.901139 0.732727 0.311255 0.586063 0.254199 0.265497 0.232855 0.182388
threshold=10.001776821564643 0.1189212437137525 8145.4000000000005 4617.1000000000013 0.074510086567026887 4575.0000000000009 60.350000000000009 24.400000000000002 0.24231204920713795 640.30000000000007 3.5272984798780054 6300.0000000000009 6950.0000000000009 48.881528430707149
decision_type=2 2 2 2 2 2 2 2 2 2 2 2 2 2
left_child=1 2 3 -1 5 7 -7 -2 9 -6 11 -3 -12 -10
right_child=4 10 -4 -5 8 6 -8 -9 13 -11 12 -13 -14 -15
leaf_value=-0.00096277175808258918 3.5014990517015936e-05 0.0013294965450378071 0.0092891907738002766 -0.0068518254712666366 -0.01568609974534552 0.0066211274612940785 -0.0036753233083653284 0.011735787532566929 -0.0015154313299580475 0.00082310191843261665 0.0018729749522401037 0.010168927422571746 -0.0050023060543114891 0.0052555737529938282
leaf_weight=736 153 127 73 558 71 240 397 245 266 81 352 113 115 95
leaf_count=736 153 127 73 558 71 240 397 245 266 81 352 113 115 95
internal_value=-0.000108198 -0.0011821 -0.00281912 -0.00350231 0.0013306 0.00290897 0.000204094 0.00723794 -0.00185383 -0.00688926 0.00198312 0.00549181 0.000179797 0.000266558
internal_weight=3622 2074 1367 1294 1548 1035 637 398 513 152 707 240 467 361
internal_count=3622 2074 1367 1294 1548 1035 637 398 513 152 707 240 467 361
is_linear=0
shrinkage=0.132659


Tree=195
num_leaves=14
num_cat=0
split_feature=1 0 0 0 0 2 9 9 9 9 0 0 9
split_gain=0.72698 0.480461 0.426271 1.61478 0.829229 0.985047 0.413109 0.403405 0.391654 0.315859 0.642601 0.486768 0.240687
threshold=3850.0000000000005 128.70000000000005 27.150000000000006 19.650000000000006 56.350000000000009 38.500000000000007 0.048851210503675462 0.063781271652892421 0.094201137634575244 0.10307357267915432 10.450000000000001 1.5500000000000003 0.077010316335944642
decision_type=2 2 2 2 2 2 2 2 2 2 2 2 2
left_child=1 9 3 8 5 -4 -3 -6 -2 10 -1 -11 -8
right_child=2 6 4 -5 7 -7 12 -9 -10 11 -12 -13 -14
leaf_value=-0.0084168555970020147 0.0042172824861102312 -0.0094856348854372684 0.00028640578686429241 0.019859006550660106 -0.003265057026976422 -0.017508750761172229 0.0083749075621395424 0.00067644571955930918 -0.0042363810779840619 0.0013798755315124153 0.005767756665980968 0.012994359780397893 -0.00011588168545336064
leaf_weight=72 157 72 98 78 822 124 72 1029 250 100 256 174 319
leaf_count=72 157 72 98 78 822 124 72 1029 250 100 256 174 319
internal_value=4.80157e-05 0.0029603 -0.0011645 0.00237588 -0.00199282 -0.00965377 -0.000252601 -0.00107393 -0.00097534 0.0054313 0.00265379 0.00875584 0.00144791
internal_weight=3623 1065 2558 485 2073 222 463 1851 407 602 328 274 391
internal_count=3623 1065 2558 485 2073 222 463 1851 407 602 328 274 391
is_linear=0
shrinkage=0.132659


Tree=196
num_leaves=10
num_cat=0
split_feature=1 6 3 2 6 5 5 3 3
split_gain=0.56336 0.437236 0.318844 0.68699 0.574674 0.313761 0.685835 0.378651 0.274315
threshold=3850.0000000000005 0.14144934434268686 7895.9000000000005 100.50000000000001 -0.0087120309456975333 0.17509357709636578 0.18319609574611018 2961.9135000000006 4586.3000000000011
decision_type=2 2 2 2 2 2 2 2 2
left_child=5 2 4 -4 -2 7 -7 -1 -8
right_child=1 -3 3 -5 -6 6 8 -9 -10
leaf_value=0.0028656126938061818 0.0010333094709255898 -0.011309734744465534 0.0021977733718093928 -0.010148519350436333 -0.0042082330384140458 0.016218379165337495 0.0016497391288229047 -0.0083121321016826778 0.0091579593544087248
leaf_weight=125 643 71 896 87 861 71 678 93 98
leaf_count=125 643 71 896 87 861 71 678 93 98
internal_value=2.12786e-05 -0.0010461 -0.000753016 0.00110492 -0.00196734 0.00258497 0.00374013 -0.00190312 0.00259812
internal_weight=3623 2558 2487 983 1504 1065 847 218 776
internal_count=3623 2558 2487 983 1504 1065 847 218 776
is_linear=0
shrinkage=0.132659


Tree=197
num_leaves=11
num_cat=0
split_feature=0 0 3 0 0 3 3 3 3 3
split_gain=0.466082 0.711037 0.480522 0.561245 0.405241 0.581333 0.327128 0.40161 0.365732 0.297776
threshold=27.150000000000006 20.350000000000005 2982.4000000000005 46.750000000000007 46.750000000000007 2953.5000000000005 4658.1665000000003 8092.8975000000009 4558.4000000000005 7895.9000000000005
decision_type=2 2 2 2 2 2 2 2 2 2
left_child=1 6 4 -4 -2 -6 8 -8 -1 -5
right_child=2 -3 3 9 5 -7 7 -9 -10 -11
leaf_value=0.00080840358377565885 0.011579540677791357 0.013591553554562569 -0.0094088374745608574 -0.0023517230991452515 -0.0025441145066435332 0.0068727266780125194 -0.0076782636187265442 0.0021470724728022833 0.0085596624133717752 0.00096345713466549591
leaf_weight=302 77 94 155 1294 289 192 128 171 166 755
leaf_count=302 77 94 155 1294 289 192 128 171 166 755
internal_value=8.05924e-06 0.00270293 -0.000832024 -0.00171245 0.00264543 0.00121489 0.00136821 -0.00205927 0.00355799 -0.00113017
internal_weight=3623 861 2762 2204 558 481 767 299 468 2049
internal_count=3623 861 2762 2204 558 481 767 299 468 2049
is_linear=0
shrinkage=0.132659


Tree=198
num_leaves=10
num_cat=0
split_feature=0 0 9 0 0 6 9 6 5
split_gain=0.602655 1.00365 1.01016 0.982657 0.580024 0.376475 0.308589 0.279687 0.231127
threshold=22.350000000000005 40.550000000000004 0.10789810982907673 50.650000000000013 18.150000000000006 -0.041396350476196352 0.019450372663999484 -0.0016999103264114855 0.18029217778255677
decision_type=2 2 2 2 2 2 2 2 2
left_child=4 2 7 -3 5 -1 -5 -2 -7
right_child=1 3 -4 6 -6 8 -8 -9 -10
leaf_value=-0.011102933602656602 0.010095494156524814 -0.012956419728958623 -0.0010785889899584192 -0.0030462704352411871 -0.014500226671368521 -0.0080121442650397286 0.0012364313562386563 0.021674510636071669 -0.00012519629092378677
leaf_weight=73 72 97 104 343 73 74 2164 75 561
leaf_count=73 72 97 104 343 73 74 2164 75 561
internal_value=2.25018e-05 0.00091577 0.00892686 0.000143528 -0.00324285 -0.00208182 0.000650468 0.0160049 -0.00104449
internal_weight=3636 2855 251 2604 781 708 2507 147 635
internal_count=3636 2855 251 2604 781 708 2507 147 635
is_linear=0
shrinkage=0.132659


Tree=199
num_leaves=12
num_cat=0
split_feature=0 0 0 9 2 2 0 0 0 6 6
split_gain=0.457692 0.776048 0.78651 0.777353 0.869221 0.453907 0.266438 0.47731 0.258829 0.205229 0.367087
threshold=22.350000000000005 40.550000000000004 50.650000000000013 0.10789810982907673 35.500000000000007 33.500000000000007 10.450000000000001 16.850000000000001 267.50000000000006 -0.0010246904519957223 0.036501881812023546
decision_type=2 2 2 2 2 2 2 2 2 2 2
left_child=5 3 -3 4 -2 9 -7 -8 -4 -1 -11
right_child=1 2 8 -5 -6 6 7 -9 -10 10 -12
leaf_value=0.0024935076223109734 0.0036295924594104368 -0.011609971157482246 -0.0010348830613196825 -0.00094378118284228394 0.024035726415483651 -0.0125246027901109 0.0028486800767553817 -0.011579086289843808 0.0017001562785746245 -0.0056904939511491434 0.0049392635533518376
leaf_weight=223 72 97 1042 104 75 104 86 76 1465 214 78
leaf_count=223 72 97 1042 104 75 104 86 76 1465 214 78
internal_value=1.04437e-05 0.0007889 0.000109842 0.00783331 0.0140424 -0.00283521 -0.00728499 -0.00392036 0.000563374 -0.000536714 -0.00285091
internal_weight=3636 2855 2604 251 147 781 266 162 2507 515 292
internal_count=3636 2855 2604 251 147 781 266 162 2507 515 292
is_linear=0
shrinkage=0.132659


Tree=200
num_leaves=12
num_cat=0
split_feature=0 0 9 0 5 5 10 2 5 10 5
split_gain=0.346449 0.559085 0.767261 0.629294 0.600801 0.369288 0.61216 0.30994 0.293385 0.393942 0.281102
threshold=21.550000000000004 40.550000000000004 0.10789810982907673 50.650000000000013 0.17921267112257541 0.23897229432949588 0.046658240793022582 37.500000000000007 0.26017529114362187 0.12885667248776908 0.23227825479657727
decision_type=2 2 2 2 2 2 2 2 2 2 2
left_child=5 2 4 -3 -2 6 -1 -8 -7 -10 -5
right_child=1 3 -4 10 -6 8 7 -9 9 -11 -12
leaf_value=0.002854211766475088 0.0034273574744088475 -0.010403447023389247 -0.0021086363298199661 -0.0010294558779144676 0.019959591244101831 0.0072988343992544695 -0.015182141940552988 -0.0053937462188333365 0.00063592904696621686 -0.010353265592795105 0.0017879850339312241
leaf_weight=100 71 97 108 1159 85 80 99 134 283 72 1348
leaf_count=100 71 97 108 1159 85 80 99 134 283 72 1348
internal_value=-5.39617e-07 0.000669553 0.00648641 7.97876e-05 0.0124365 -0.00250288 -0.00582752 -0.00955354 4.22987e-05 -0.00159322 0.000485467
internal_weight=3636 2868 264 2604 156 768 333 233 435 355 2507
internal_count=3636 2868 264 2604 156 768 333 233 435 355 2507
is_linear=0
shrinkage=0.132659


Tree=201
num_leaves=10
num_cat=0
split_feature=7 1 7 5 10 5 6 6 6
split_gain=0.509853 0.644873 0.540017 0.474509 0.564199 0.366029 0.288332 1.10695 0.313276
threshold=0.40033866349824354 8850.0000000000018 0.39690208938222149 0.26284324056066943 0.12997467065308524 0.2872997092489798 -0.016120025964965382 -0.013057496120161405 -0.03085130686049618
decision_type=2 2 2 2 2 2 2 2 2
left_child=2 3 6 4 -2 -5 8 -8 -1
right_child=1 -3 -4 5 -6 -7 7 -9 -10
leaf_value=0.00072857426591420727 -0.0030613953033834574 -0.012282407695078426 0.010455166495293248 -0.01166740184350705 0.0030657884678762732 -0.0018282937194812317 0.014996880385570708 -1.570944343935043e-05 -0.0056744535906970775
leaf_weight=253 720 116 90 141 418 126 92 1425 287
leaf_count=253 720 116 90 141 418 126 92 1425 287
internal_value=-0.000918471 -0.00277667 0.00039794 -0.00199172 -0.000810798 -0.00702463 -4.21713e-05 0.000894892 -0.00267458
internal_weight=3668 1521 2147 1405 1138 267 2057 1517 540
internal_count=3668 1521 2147 1405 1138 267 2057 1517 540
is_linear=0
shrinkage=0.132659


Tree=202
num_leaves=11
num_cat=0
split_feature=2 3 4 5 6 6 4 5 6 5
split_gain=0.444748 1.26697 0.677135 0.622441 0.565054 1.00745 0.782825 0.975832 0.509842 0.26191
threshold=96.500000000000014 7873.1000000000013 0.15742580598991657 0.24852237066978516 0.0027130064508439581 0.005881930576322832 -0.0015250298837148262 0.17084258181658868 0.0081825484180307415 0.25155574081229581
decision_type=2 2 2 2 2 2 2 2 2 2
left_child=4 2 9 -3 6 -6 7 -1 -7 -2
right_child=1 3 -4 -5 5 8 -8 -9 -10 -11
leaf_value=0.0079277140883565814 0.0018978749534976898 -0.020200620851523313 -0.010661810294793897 -0.0061173226977097091 0.015268161096885807 -0.0098292165117839329 -0.012774181617089113 -0.0024317855617222144 0.0017681527656754497 -0.0046686840168446032
leaf_weight=189 601 93 105 136 95 71 105 1043 1100 130
leaf_count=189 601 93 105 136 95 71 105 1043 1100 130
internal_value=-0.000812099 -0.00309578 -0.000700958 -0.0118378 0.000122266 0.00213085 -0.00177965 -0.000842459 0.00106485 0.000730006
internal_weight=3668 1065 836 229 2603 1266 1337 1232 1171 731
internal_count=3668 1065 836 229 2603 1266 1337 1232 1171 731
is_linear=0
shrinkage=0.132659


Tree=203
num_leaves=11
num_cat=0
split_feature=10 4 4 1 6 4 10 10 5 7
split_gain=0.344396 0.384671 0.733169 0.346286 0.343779 0.668567 0.458047 1.03659 0.396264 0.24318
threshold=0.11226623095589917 -0.14640225921376102 -0.11295924308692075 9050.0000000000018 -0.041396350476196352 -0.14389015589810564 0.075766567301243939 0.072410622296947877 0.28298337081907721 0.71289428037559055
decision_type=2 2 2 2 2 2 2 2 2 2
left_child=4 3 -3 -2 5 -1 7 -6 -8 -4
right_child=1 2 9 -5 6 -7 8 -9 -10 -11
leaf_value=0.0044701431089063833 -0.0029273489219966056 0.0093010281719351461 -0.004003679790830432 -0.014785669512244748 0.00032484948952143895 -0.011807169938195654 0.0051220507972459493 -0.012830182873832825 -0.0020557455425345354 0.00068316995335777658
leaf_weight=74 96 99 693 79 1397 111 555 114 179 271
leaf_count=74 96 99 693 79 1397 111 555 114 179 271
internal_value=-0.000717563 -0.00251846 -0.0015696 -0.00828142 0.000199939 -0.0052964 0.000652903 -0.000667779 0.0033716 -0.00268612
internal_weight=3668 1238 1063 175 2430 185 2245 1511 734 964
internal_count=3668 1238 1063 175 2430 185 2245 1511 734 964
is_linear=0
shrinkage=0.132659


Tree=204
num_leaves=11
num_cat=0
split_feature=9 4 2 9 3 3 3 9 9 4
split_gain=0.306481 0.912338 0.606782 0.340689 0.608509 1.05714 0.751254 0.34231 0.479391 0.216734
threshold=0.014938379816712236 0.0064141298527253211 40.500000000000007 0.073284881592977677 8010.9285000000009 8119.3000000000011 7504.5000000000009 0.096492020024380398 0.10307357267915432 0.085281934728792433
decision_type=2 2 2 2 2 2 2 2 2 2
left_child=1 2 -1 4 6 -6 -2 9 -9 -5
right_child=3 -3 -4 7 5 -7 -8 8 -10 -11
leaf_value=-0.0070195525172271423 -0.0022177167757962196 0.01552816678070113 0.0069333443705564346 0.0019994742861434251 0.016410854128947782 -0.0022239155762166108 -0.01232048039015847 -0.0090117942794585692 0.0001686164951369464 0.0086111255528770678
leaf_weight=120 788 85 101 352 77 176 155 107 1549 116
leaf_count=120 788 85 101 352 77 176 155 107 1549 116
internal_value=-0.00016748 0.00384968 -0.000642834 -0.000537754 -0.00232858 0.00344821 -0.00387848 0.000470647 -0.000424642 0.00363851
internal_weight=3626 306 221 3320 1196 253 943 2124 1656 468
internal_count=3626 306 221 3320 1196 253 943 2124 1656 468
is_linear=0
shrinkage=0.132659


Tree=205
num_leaves=8
num_cat=0
split_feature=5 9 1 7 9 1 1
split_gain=0.436577 0.691567 0.690714 0.840857 0.313947 0.392699 0.356783
threshold=0.15196997945725405 0.020963001506648777 4525.0000000000009 0.31622034796673754 0.073284881592977677 8750.0000000000018 8050.0000000000009
decision_type=2 2 2 2 2 2 2
left_child=-1 2 -2 -4 6 -6 -3
right_child=1 4 3 -5 5 -7 -8
leaf_value=-0.0075073112951137234 -0.0021857670417570639 -0.0035000389278755377 0.0015822191817737188 0.018161445298415263 0.0012461800913187166 -0.0036293724798421609 0.0029959012612312832
leaf_weight=137 121 858 102 114 1766 348 180
leaf_count=137 121 858 102 114 1766 348 180
internal_value=-0.000161916 0.000126543 0.00583829 0.0103331 -0.000484161 0.000443559 -0.00237354
internal_weight=3626 3489 337 216 3152 2114 1038
internal_count=3626 3489 337 216 3152 2114 1038
is_linear=0
shrinkage=0.132659


Tree=206
num_leaves=8
num_cat=0
split_feature=1 9 1 1 2 2 2
split_gain=0.234414 0.620436 0.448634 0.525021 0.289769 1.03952 0.281569
threshold=8750.0000000000018 0.11671053423313392 8250.0000000000018 8450.0000000000018 187.50000000000003 184.50000000000003 75.000000000000014
decision_type=2 2 2 2 2 2 2
left_child=2 -2 4 -4 5 -1 -3
right_child=1 6 3 -5 -6 -7 -8
leaf_value=-9.70606082685439e-05 -0.01077580916537787 0.0050532538069587929 0.014116554705609198 0.00051284766070955443 0.004036842431713557 -0.014004890217918484 -0.0040592393259721608
leaf_weight=2695 128 124 86 119 261 98 115
leaf_count=2695 128 124 86 119 261 98 115
internal_value=-0.000144782 -0.00332321 0.000213158 0.00622045 -0.000190112 -0.000585134 0.00066859
internal_weight=3626 367 3259 205 3054 2793 239
internal_count=3626 367 3259 205 3054 2793 239
is_linear=0
shrinkage=0.132659


Tree=207
num_leaves=12
num_cat=0
split_feature=5 5 9 5 9 10 9 5 10 10 5
split_gain=0.520497 0.517656 0.672533 0.809762 0.595243 0.493828 0.378219 0.5106 0.378157 0.368409 0.235664
threshold=0.16860284121014601 0.19091808784291206 0.052238618601646268 0.17728539750959382 0.040208395127834695 0.043166493321611592 0.054557102492660589 0.15304911999308862 0.053790858503688387 0.033095708506070291 0.18489236617401403
decision_type=2 2 2 2 2 2 2 2 2 2 2
left_child=5 2 3 -2 8 -1 7 -7 -3 -6 -4
right_child=1 4 10 -5 9 6 -8 -9 -10 -11 -12
leaf_value=-0.004931151532532636 -0.0018708972712481531 0.011563679752924739 0.0032177307320273652 -0.016480864224840911 -0.010383964657692852 0.00064431434674640123 -0.0014323254726894001 0.013954806235667432 0.0020021416762020417 -0.0009365841669105782 -0.0054392192154340477
leaf_weight=85 126 96 152 142 75 78 78 145 301 2294 87
leaf_count=85 126 96 152 142 75 78 78 145 301 2294 87
internal_value=-0.000610008 -0.00115337 -0.00505007 -0.00961254 -0.000439088 0.00399715 0.00651857 0.00929952 0.00431464 -0.00123575 6.62883e-05
internal_weight=3659 3273 507 268 2766 386 301 223 397 2369 239
internal_count=3659 3273 507 268 2766 386 301 223 397 2369 239
is_linear=0
shrinkage=0.132659


Tree=208
num_leaves=11
num_cat=0
split_feature=5 0 0 9 9 5 10 9 9 5
split_gain=0.397905 0.434876 1.20385 0.567431 0.385846 0.382298 0.381355 0.291009 0.401747 0.252447
threshold=0.16860284121014601 267.50000000000006 242.15000000000003 0.035841165418163082 0.064182839016998741 0.2674851774549894 0.043166493321611592 0.049578631352928344 0.020284627006317477 0.24333582360554087
decision_type=2 2 2 2 2 2 2 2 2 2
left_child=6 2 5 9 -5 -2 -1 8 -8 -3
right_child=1 3 -4 4 -6 -7 7 -9 -10 -11
leaf_value=-0.0043540615742214779 -0.00033058037243260935 0.013908638775702038 -0.018359968313211628 -0.0059095119745855252 0.00074905722097409614 -0.0045211238496421736 0.0024640837542183273 -0.00046102834532791171 0.014129337654783799 0.0034097809031211263
leaf_weight=85 1237 73 79 179 1060 555 101 93 107 90
leaf_count=85 1237 73 79 179 1060 555 101 93 107 90
internal_value=-0.000536327 -0.00101141 -0.00233508 0.000755061 -0.000212977 -0.00162846 0.00349189 0.00570765 0.0084656 0.00811265
internal_weight=3659 3273 1871 1402 1239 1792 386 301 208 163
internal_count=3659 3273 1871 1402 1239 1792 386 301 208 163
is_linear=0
shrinkage=0.132659


Tree=209
num_leaves=8
num_cat=0
split_feature=5 5 5 5 10 10 2
split_gain=0.303768 0.430224 0.694316 0.665518 0.293878 0.288185 0.258812
threshold=0.16860284121014601 0.19680248612739804 0.22160436399350569 0.21471263827373424 0.043166493321611592 0.19029034153685673 185.50000000000003
decision_type=2 2 2 2 2 2 2
left_child=4 6 3 -3 -1 -4 -2
right_child=1 2 5 -5 -6 -7 -8
leaf_value=-0.0038445081272272278 -0.0050674885809268841 0.001386321981654396 -0.0014944940908247005 0.012559359909871771 0.0049881316421242147 0.005504482840079844 0.0025716463606434048
leaf_weight=85 548 337 2058 130 301 109 91
leaf_count=85 548 337 2058 130 301 109 91
internal_value=-0.00047658 -0.000891678 -0.000142548 0.00449692 0.00304303 -0.00114241 -0.00397956
internal_weight=3659 3273 2634 467 386 2167 639
internal_count=3659 3273 2634 467 386 2167 639
is_linear=0
shrinkage=0.132659


Tree=210
num_leaves=9
num_cat=1
split_feature=9 12 5 5 9 5 5 4
split_gain=0.614226 0.369986 0.63684 0.868268 0.280689 0.262295 0.767312 0.366868
threshold=0.011943397008025939 0 0.15939864562133901 0.17017009818638301 0.006413881053136364 0.19550093912284108 0.22105820692699873 -0.021724345931108554
decision_type=2 1 2 2 2 2 2 2
left_child=4 2 -2 -4 -1 7 -7 -3
right_child=1 5 3 -5 -6 6 -8 -9
leaf_value=0.0028681025546565498 0.0082770153107187706 0.0028374547018832838 -0.016719014162076613 -0.0019955134508426635 0.01211466975296302 0.0087611059076457172 0.00047177065720031006 -0.0055803289540830702
leaf_weight=135 95 148 76 969 101 223 1654 237
leaf_count=135 95 148 76 969 101 223 1654 237
internal_value=0.000281587 -0.000172426 -0.00212115 -0.00306656 0.00682589 0.000809697 0.00145667 -0.00234441
internal_weight=3638 3402 1140 1045 236 2262 1877 385
internal_count=3638 3402 1140 1045 236 2262 1877 385
cat_boundaries=0 1
cat_threshold=2
is_linear=0
shrinkage=0.132659


Tree=211
num_leaves=12
num_cat=1
split_feature=12 2 3 3 3 3 3 4 3 4 4
split_gain=0.324273 0.570505 0.532193 0.458893 0.420057 0.40459 0.399159 0.350375 0.260552 0.245233 0.663197
threshold=0 190.50000000000003 8119.3000000000011 8145.4000000000005 4635.1195000000016 4583.125500000001 8032.1000000000013 -0.019393347091205462 4535.0000000000009 0.023721979510666499 -0.029070815926179643
decision_type=1 2 2 2 2 2 2 2 2 2 2
left_child=4 2 6 -4 5 8 -2 -7 -1 10 -6
right_child=1 -3 3 -5 9 7 -8 -9 -10 -11 -12
leaf_value=-0.0042562151083835806 0.0021962182731539021 -0.0067226465622380986 -0.0113506286479213 -0.00034127580760031533 -0.00098049675889820987 -0.013682723957688653 0.0091416800236836272 -0.0039769733364777423 0.0020933342662223203 -0.0013542411996221571 0.013466599261634011
leaf_weight=224 1523 152 77 494 145 101 161 186 231 253 91
leaf_count=224 1523 152 77 494 145 101 161 186 231 253 91
internal_value=0.000247693 0.00114337 0.00167363 -0.00182618 -0.00150362 -0.00349295 0.00286033 -0.00739317 -0.00103263 0.00151496 0.00459073
internal_weight=3638 2407 2255 571 1231 742 1684 287 455 489 236
internal_count=3638 2407 2255 571 1231 742 1684 287 455 489 236
cat_boundaries=0 1
cat_threshold=2
is_linear=0
shrinkage=0.132659


Tree=212
num_leaves=8
num_cat=1
split_feature=1 1 0 0 0 13 1
split_gain=0.187759 0.611548 0.447711 0.383117 0.681428 0.28156 0.23437
threshold=8750.0000000000018 7650.0000000000009 15.15 184.95000000000002 1049.7 0 7450.0000000000009
decision_type=2 2 2 2 2 1 2
left_child=1 6 -2 -4 -5 -3 -1
right_child=2 5 3 4 -6 -7 -8
leaf_value=-4.6162810615350927e-06 -0.011606139947729209 0.0081617190183657009 0.0056342354135998441 -0.013920342715246253 0.0024259501021214585 0.0016524713404148499 -0.0075706512184275212
leaf_weight=2713 77 239 118 74 114 229 74
leaf_count=2713 77 239 118 74 114 229 74
internal_value=0.000212667 0.000539582 -0.00256558 -0.000290165 -0.00400885 0.00497681 -0.000205552
internal_weight=3638 3255 383 306 188 468 2787
internal_count=3638 3255 383 306 188 468 2787
cat_boundaries=0 1
cat_threshold=2
is_linear=0
shrinkage=0.132659


Tree=213
num_leaves=8
num_cat=0
split_feature=9 10 0 9 10 10 10
split_gain=0.379177 0.699757 1.10302 0.507225 0.45885 0.320266 0.282402
threshold=0.019450372663999484 0.082223730803916442 86.15000000000002 0.023961275692164222 0.12148179861459601 0.03261410609030934 0.17408817119564141
decision_type=2 2 2 2 2 2 2
left_child=1 2 -1 -2 -3 -5 -7
right_child=3 4 -4 5 -6 6 -8
leaf_value=0.00012094795310471624 0.0093358671358291772 0.010798034276957219 -0.017641095651522339 -0.0068022122838200276 -0.0041258876230525487 0.00079432760157100379 -0.0036559993030674488
leaf_weight=131 109 73 116 113 72 2761 276
leaf_count=131 109 73 116 113 72 2761 276
internal_value=-2.91603e-05 -0.00392714 -0.00822133 0.000439714 0.00338788 0.000131831 0.000389867
internal_weight=3651 392 247 3259 145 3150 3037
internal_count=3651 392 247 3259 145 3150 3037
is_linear=0
shrinkage=0.132659


Tree=214
num_leaves=8
num_cat=0
split_feature=9 5 5 3 9 9 9
split_gain=0.311244 0.706139 1.32343 0.515453 0.391601 0.317709 0.48036
threshold=0.019450372663999484 0.16515573037047737 0.18375357201811962 7895.9000000000005 0.023961275692164222 0.028351071419590101 0.034191573937677279
decision_type=2 2 2 2 2 2 2
left_child=1 -1 -3 -4 -2 -6 -7
right_child=4 2 3 -5 5 6 -8
leaf_value=-0.012364872079986032 0.0081998126214416923 0.012148126616746654 -0.014413083947951435 -7.7515026195323572e-05 -0.0084172141760359177 0.0084086525968482175 -1.9230581329183912e-05
leaf_weight=114 109 101 84 93 75 124 2951
leaf_count=114 109 101 84 93 75 124 2951
internal_value=-4.16977e-05 -0.00357328 3.24031e-05 -0.00688155 0.000383103 0.000112579 0.000320667
internal_weight=3651 392 278 177 3259 3150 3075
internal_count=3651 392 278 177 3259 3150 3075
is_linear=0
shrinkage=0.132659


Tree=215
num_leaves=10
num_cat=0
split_feature=9 10 0 10 9 10 10 10 0
split_gain=0.244871 0.54107 0.935084 0.304031 0.302238 0.281366 0.509563 0.259289 0.222637
threshold=0.019450372663999484 0.082223730803916442 67.350000000000009 0.12148179861459601 0.023961275692164222 0.056558101610975971 0.060114537378142006 0.053790858503688387 112.25000000000001
decision_type=2 2 2 2 2 2 2 2 2
left_child=1 2 -1 -3 -2 7 -7 -6 -4
right_child=4 3 8 -5 5 6 -8 -9 -10
leaf_value=0.0035526054735461111 0.0072020013715667752 0.0092897206594842185 -0.0078365336376286128 -0.0028583699501999087 -0.0013854275593485085 0.0096704193712052917 0.00035203620705012234 -0.0097454737435137793 -0.017957977275955547
leaf_weight=93 109 73 71 72 617 108 2352 73 83
leaf_count=93 109 73 71 72 617 108 2352 73 83
internal_value=-4.19433e-05 -0.00317441 -0.00695045 0.0032579 0.00033485 9.71884e-05 0.000761198 -0.00227011 -0.0132929
internal_weight=3651 392 247 145 3259 3150 2460 690 154
internal_count=3651 392 247 145 3259 3150 2460 690 154
is_linear=0
shrinkage=0.132659


Tree=216
num_leaves=10
num_cat=0
split_feature=0 6 4 10 10 10 0 1 5
split_gain=0.642435 0.549616 0.42922 0.378624 1.46465 1.12119 0.378351 0.330695 0.195426
threshold=513.60000000000002 -0.045496197405151546 -0.11295924308692075 0.12997467065308524 0.12193662994015357 0.13737990529728525 604.10000000000014 5250.0000000000009 0.31517919906469272
decision_type=2 2 2 2 2 2 2 2 2
left_child=1 2 7 4 -3 -5 -2 -1 -8
right_child=6 3 -4 5 -6 -7 8 -9 -10
leaf_value=0.0012646189927600407 0.0090376955013060766 -0.00074142297910655608 -0.014932144717333428 0.017694221685414197 -0.017103611858988073 -0.00070652912937131077 0.0025505262279043122 -0.0084388234462187579 -0.0030788107472541149
leaf_weight=117 138 2052 82 74 101 274 537 131 136
leaf_count=117 138 2052 82 74 101 274 537 131 136
internal_value=-0.000581316 -0.00152434 -0.00661276 -0.000852893 -0.00150912 0.0032069 0.00271049 -0.00386119 0.0014129
internal_weight=3642 2831 330 2501 2153 348 811 248 673
internal_count=3642 2831 330 2501 2153 348 811 248 673
is_linear=0
shrinkage=0.132659


Tree=217
num_leaves=10
num_cat=0
split_feature=3 3 3 7 10 10 10 4 10
split_gain=0.791463 0.556546 0.459554 0.536035 0.423692 1.3243 0.633979 0.412393 0.329762
threshold=7895.9000000000005 7951.1000000000013 7841.9000000000005 0.72053950522274435 0.087090005998752787 0.12538855832818246 0.070883251556469004 0.028569580773672446 0.047201807496679939
decision_type=2 2 2 2 2 2 2 2 2
left_child=2 -2 3 8 6 -6 -3 -5 -1
right_child=1 4 -4 7 5 -7 -8 -9 -10
leaf_value=0.0013879585429941556 0.012547239868752721 0.00040564315020454847 -0.010936030311018011 0.0007440785127422856 -0.010698683086835446 0.0051120660387674799 0.0098211380755370333 0.012957318148744758 -0.0027165847504240265
leaf_weight=420 91 321 92 142 164 216 207 74 1915
leaf_count=420 91 321 92 142 164 216 207 74 1915
internal_value=-0.000523338 0.00265751 -0.00172564 -0.00139341 0.00166615 -0.00171168 0.00409714 0.00492891 -0.00197829
internal_weight=3642 999 2643 2551 908 380 528 216 2335
internal_count=3642 999 2643 2551 908 380 528 216 2335
is_linear=0
shrinkage=0.132659


Tree=218
num_leaves=10
num_cat=0
split_feature=0 0 9 10 5 1 6 1 5
split_gain=0.489206 1.08993 0.784888 1.47874 0.516787 1.11234 0.560229 0.211584 0.265775
threshold=264.45000000000005 228.65000000000001 0.03640402886066027 0.12304202070352986 0.17574666402841235 4725.0000000000009 -0.051051152254459338 3650.0000000000005 0.33123530434739767
decision_type=2 2 2 2 2 2 2 2 2
left_child=1 4 3 -2 5 -1 -6 -4 -9
right_child=2 -3 7 -5 6 -7 -8 8 -10
leaf_value=-0.0089169538554168259 0.0237419389441311 -0.014974872406698217 -0.002632061508252142 -0.0019566524225201991 -0.0064915256999346759 0.0068214214411743404 0.00093622224328378516 0.0020562411555852191 -0.0050044085216436806
leaf_weight=329 75 104 318 83 204 104 1440 880 105
leaf_count=329 75 104 318 83 204 104 1440 880 105
internal_value=-0.000464736 -0.0017231 0.00141376 0.0102432 -0.00105944 -0.00513672 1.44743e-05 0.000343002 0.00130351
internal_weight=3642 2181 1461 158 2077 433 1644 1303 985
internal_count=3642 2181 1461 158 2077 433 1644 1303 985
is_linear=0
shrinkage=0.132659


Tree=219
num_leaves=11
num_cat=0
split_feature=9 9 0 3 0 3 9 9 0 9
split_gain=0.492644 1.08821 1.00682 0.435839 0.77762 0.694092 0.330052 0.203885 0.438952 0.28939
threshold=0.080227505838060209 0.09022698577035991 165.70000000000002 2955.6000000000004 60.350000000000009 2982.4000000000005 0.020963001506648777 0.18746546774687597 236.90000000000001 0.20331823027015369
decision_type=2 2 2 2 2 2 2 2 2 2
left_child=3 2 -2 4 -1 -5 -7 8 -3 -9
right_child=1 7 -4 5 -6 6 -8 9 -10 -11
leaf_value=-0.017581541443699052 0.02180287631904591 0.0037890328502657245 0.0025028984669444991 0.0079704370085720185 -0.0013572642287757977 0.0019257157735811891 -0.0029272075686281184 -0.0091188449109907074 -0.0011569444586684546 -0.00036447469144020034
leaf_weight=79 85 649 108 146 152 332 959 80 615 392
leaf_count=79 85 649 108 146 152 332 959 80 615 392
internal_value=0.000111037 0.00155469 0.011004 -0.0015585 -0.00690668 -0.000698706 -0.00167919 0.000504062 0.00138258 -0.00184853
internal_weight=3597 1929 193 1668 231 1437 1291 1736 1264 472
internal_count=3597 1929 193 1668 231 1437 1291 1736 1264 472
is_linear=0
shrinkage=0.132659


Tree=220
num_leaves=9
num_cat=0
split_feature=9 9 9 3 3 9 3 5
split_gain=0.38035 0.826009 0.341836 0.477815 0.449148 0.437125 0.392137 0.376866
threshold=0.080227505838060209 0.09022698577035991 0.011401544824069793 4581.6000000000013 2955.6000000000004 0.051480513622041833 2982.4000000000005 0.22550022638794442
decision_type=2 2 2 2 2 2 2 2
left_child=2 -2 3 -1 5 -4 -6 -5
right_child=1 -3 4 7 6 -7 -8 -9
leaf_value=0.011649838416838965 0.0095911855477485933 0.00044322677140001989 -0.012593317782679787 -0.0074322033650977932 0.0058054282651180782 -1.3553026788590642e-05 -0.001978017944820869 0.0058758414317476911
leaf_weight=80 193 1736 129 78 127 78 1104 72
leaf_count=80 193 1736 129 78 127 78 1104 72
internal_value=9.00806e-05 0.00135857 -0.00137689 0.0033715 -0.0021364 -0.0078535 -0.00117495 -0.00104438
internal_weight=3597 1929 1668 230 1438 207 1231 150
internal_count=3597 1929 1668 230 1438 207 1231 150
is_linear=0
shrinkage=0.132659


Tree=221
num_leaves=12
num_cat=0
split_feature=5 5 5 10 3 5 10 3 1 5 10
split_gain=0.303023 0.914419 0.860303 0.522274 0.510721 0.509345 0.360569 0.64927 0.521782 0.279562 0.263434
threshold=0.25155574081229581 0.24607788092540359 0.26284324056066943 0.13737990529728525 8099.5975000000008 0.26937711408609522 0.068499944659629622 7986.4000000000005 7150.0000000000009 0.40604306053594852 0.085945858289262517
decision_type=2 2 2 2 2 2 2 2 2 2 2
left_child=1 6 3 10 5 -4 8 -8 -1 -6 -2
right_child=2 -3 4 -5 9 -7 7 -9 -10 -11 -12
leaf_value=-0.0010338456697137641 0.0080712963528657648 -0.012320654573950192 -0.010501268184998747 0.00027741438078042593 0.0073161575667938282 -0.00046499036050294621 6.6319793605696363e-05 0.0089907240732522934 -0.010664012455353053 -0.00051131746245988035 0.019048035568126797
leaf_weight=853 78 116 104 80 210 616 1056 166 112 130 76
leaf_count=853 78 116 104 80 210 616 1056 166 112 130 76
internal_value=6.89319e-05 -0.000843756 0.00169328 0.00897311 8.6111e-05 -0.00191488 -0.000234925 0.00127874 -0.00215171 0.00432341 0.0134898
internal_weight=3597 2303 1294 234 1060 720 2187 1222 965 340 154
internal_count=3597 2303 1294 234 1060 720 2187 1222 965 340 154
is_linear=0
shrinkage=0.132659


Tree=222
num_leaves=6
num_cat=0
split_feature=9 10 3 3 3
split_gain=0.382497 0.273902 0.289072 0.758669 0.552369
threshold=0.0071504807080980358 0.19029034153685673 7504.5000000000009 7986.4000000000005 4666.0000000000009
decision_type=2 2 2 2 2
left_child=-1 2 4 -4 -2
right_child=1 -3 3 -5 -6
leaf_value=0.0065087443869569139 -0.00028907885019784682 0.0058623689487442131 -0.0066461765171655371 0.00014321154707115104 0.010884031680094559
leaf_weight=139 2003 112 465 768 81
leaf_count=139 2003 112 465 768 81
internal_value=-0.000312871 -0.000589426 -0.000807302 -0.00241731 0.000145272
internal_weight=3568 3429 3317 1233 2084
internal_count=3568 3429 3317 1233 2084
is_linear=0
shrinkage=0.132659


Tree=223
num_leaves=9
num_cat=0
split_feature=5 5 5 9 4 5 9 9
split_gain=0.438393 0.873525 0.650196 0.509429 0.34537 0.448257 0.30726 0.755163
threshold=0.16574667713673585 0.22160436399350569 0.21713394841359718 0.028876289640716507 -0.0066395942814828799 0.15304911999308862 0.020963001506648777 0.031660044731833321
decision_type=2 2 2 2 2 2 2 2
left_child=4 2 3 -2 5 -1 -3 -8
right_child=1 6 -4 -5 -6 -7 7 -9
leaf_value=-0.0023373744670171842 0.0075713864030258482 0.0053581226611255171 0.014541679160365573 0.00066092370962256611 -0.00092709423735617958 -0.016841075019488245 -0.015119232984695899 -0.0012834106773580939
leaf_weight=75 245 112 82 803 176 75 72 1928
leaf_count=75 245 112 82 803 176 75 72 1928
internal_value=-0.00027647 0.00018983 0.00316677 0.00227654 -0.00491351 -0.00959028 -0.00140296 -0.00178162
internal_weight=3568 3242 1130 1048 326 150 2112 2000
internal_count=3568 3242 1130 1048 326 150 2112 2000
is_linear=0
shrinkage=0.132659


Tree=224
num_leaves=9
num_cat=0
split_feature=5 5 5 9 10 9 10 9
split_gain=0.34126 0.670906 0.495713 0.393133 0.28435 0.27231 0.457108 0.25715
threshold=0.16574667713673585 0.22160436399350569 0.21713394841359718 0.028876289640716507 0.19029034153685673 0.019450372663999484 0.06192841123984303 0.020963001506648777
decision_type=2 2 2 2 2 2 2 2
left_child=5 2 3 -2 7 -1 -7 -3
right_child=1 4 -4 -5 -6 6 -8 -9
leaf_value=-0.0094264956197002391 0.00664903079285078 0.0046107989368379789 0.01270706329437272 0.00057838004724035711 0.0052742670844752974 0.003172881282265973 -0.0098159104822362307 -0.0019587776564093978
leaf_weight=118 245 111 82 803 112 134 74 1889
leaf_count=118 245 111 82 803 112 134 74 1889
internal_value=-0.00024538 0.000166031 0.00277497 0.00199765 -0.00122986 -0.00433659 -0.00144852 -0.00159413
internal_weight=3568 3242 1130 1048 2112 326 208 2000
internal_count=3568 3242 1130 1048 2112 326 208 2000
is_linear=0
shrinkage=0.132659


Tree=225
num_leaves=10
num_cat=0
split_feature=9 2 2 9 5 10 5 9 5
split_gain=0.43647 0.750075 1.42306 0.651367 0.452454 0.433116 0.57424 0.374405 0.252376
threshold=0.026218604416695133 28.500000000000004 38.500000000000007 0.075546341043676898 0.17194292423717383 0.033059660905357578 0.25540903367878304 0.079322828000928117 0.22475697069338821
decision_type=2 2 2 2 2 2 2 2 2
left_child=1 -1 -3 5 -4 -2 -7 -5 -9
right_child=3 2 4 7 -6 6 -8 8 -10
leaf_value=-0.012338018742579988 0.011826459717456807 0.010756129560323596 0.002384193120990244 -0.0095900495290524614 -0.0092586265384608096 0.0039698581780728713 -0.0045970366288917517 -0.0032645297181944106 0.00037381655732951355
leaf_weight=129 95 130 82 82 207 763 168 432 1502
leaf_count=129 95 130 82 82 207 763 168 432 1502
internal_value=-4.72054e-05 -0.00349346 -0.000770056 0.000573633 -0.00595517 0.00329468 0.0024239 -0.000811199 -0.000438904
internal_weight=3590 548 419 3042 289 1026 931 2016 1934
internal_count=3590 548 419 3042 289 1026 931 2016 1934
is_linear=0
shrinkage=0.132659


Tree=226
num_leaves=10
num_cat=0
split_feature=5 2 5 5 2 5 5 5 5
split_gain=0.299678 0.435562 0.483457 0.601057 0.420097 0.218089 0.213712 0.212949 0.19632
threshold=0.26995252527862551 190.50000000000003 0.22475697069338821 0.21034968884562677 100.50000000000001 0.2771058415888592 0.19436387035711397 0.22942331923836598 0.34464492226047555
decision_type=2 2 2 2 2 2 2 2 2
left_child=1 2 3 -1 5 -2 -3 -4 -7
right_child=4 6 7 -5 -6 8 -8 -9 -10
leaf_value=0.00076109757974632795 -0.007965433892827764 -0.00023650835867612184 0.0098354952506389572 -0.0065556989210069569 -0.010487373324136587 0.0017636089273496693 -0.0087727799078847566 0.0027242494891588438 -0.002605673685104858
leaf_weight=1163 75 90 80 238 95 357 121 1004 367
leaf_count=1163 75 90 80 238 95 357 121 1004 367
internal_value=-4.36315e-05 0.000654319 0.00114567 -0.000481929 -0.00214839 -0.0011567 -0.00513203 0.00324921 -0.000451211
internal_weight=3590 2696 2485 1401 894 799 211 1084 724
internal_count=3590 2696 2485 1401 894 799 211 1084 724
is_linear=0
shrinkage=0.132659


Tree=227
num_leaves=5
num_cat=0
split_feature=10 2 2 2
split_gain=0.306917 0.287238 0.309781 0.279909
threshold=0.18458645386912662 190.50000000000003 182.50000000000003 184.50000000000003
decision_type=2 2 2 2
left_child=1 2 -1 -4
right_child=-2 -3 3 -5
leaf_value=0.00015082142118634826 -0.0053016384282685378 -0.0049260042949449941 0.010965910293748564 0.0017646644060820731
leaf_weight=2969 185 179 89 168
leaf_count=2969 185 179 89 168
internal_value=-3.9635e-05 0.000246282 0.000533299 0.00495159
internal_weight=3590 3405 3226 257
internal_count=3590 3405 3226 257
is_linear=0
shrinkage=0.132659


Tree=228
num_leaves=15
num_cat=1
split_feature=13 9 5 10 3 5 5 0 0 0 0 5 2 2
split_gain=0.569517 1.11608 1.19465 1.68229 0.939913 0.956233 0.716524 0.666022 0.292429 0.269468 1.05986 0.515079 0.242428 0.242235
threshold=0 0.060302334235291723 0.17728539750959382 0.038465827812982321 2969.7000000000003 0.18429677446561166 0.25102834214522002 49.45000000000001 98.950000000000017 52.95000000000001 242.15000000000003 0.19302463285189569 35.500000000000007 92.500000000000014
decision_type=1 2 2 2 2 2 2 2 2 2 2 2 2 2
left_child=4 2 7 -4 12 8 -7 -2 -6 11 -11 -3 -1 -14
right_child=1 9 3 -5 5 6 -8 -9 -10 10 -12 -13 13 -15
leaf_value=0.00034833192326977645 -0.0090231655255543792 0.0087208542610155773 0.0063677603900302452 -0.016542223786799846 0.019506752057549741 -0.0016020307315071478 0.0048829836764401864 0.0041618643575681022 0.0077481502984054849 0.01212309219979223 0.00018006475415898915 -0.0037168928653204952 -0.012263261062490744 -0.0031636878717895165
leaf_weight=143 97 71 73 248 76 471 825 221 73 165 630 335 84 133
leaf_count=143 97 71 73 248 76 471 825 221 73 165 630 335 84 133
internal_value=0.000498194 -0.00114416 -0.00562324 -0.0113321 0.0021724 0.00368337 0.00252617 0.000139752 0.0137473 0.001239 0.00265901 -0.00154155 -0.00389237 -0.00668677
internal_weight=3645 1840 639 321 1805 1445 1296 318 149 1201 795 406 360 217
internal_count=3645 1840 639 321 1805 1445 1296 318 149 1201 795 406 360 217
cat_boundaries=0 1
cat_threshold=2
is_linear=0
shrinkage=0.132659


Tree=229
num_leaves=12
num_cat=1
split_feature=13 5 5 10 6 5 5 6 5 1 5
split_gain=0.449662 0.744612 0.599062 0.505092 0.48472 0.335252 1.31528 0.5231 0.45435 0.658806 0.262354
threshold=0 0.1632621600528156 0.25102834214522002 0.085945858289262517 0.037185674193541345 0.23382252504562159 0.22692411084545516 -0.011566213605279317 0.26232450827581816 7650.0000000000009 0.25342020171214458
decision_type=1 2 2 2 2 2 2 2 2 2 2
left_child=1 -1 3 -3 -4 6 7 -2 10 -10 -7
right_child=5 2 4 -5 -6 8 -8 -9 9 -11 -12
leaf_value=0.015216823848818782 0.0026220392257818182 -0.004374489368153719 0.0017811488222515743 0.0020892007904473628 0.0086156392516253226 0.0021377749935546377 -0.019837774167488338 -0.0038703642847340717 0.0011362952733295489 -0.011507424522197905 0.010718790694854064
leaf_weight=71 358 427 625 424 258 444 73 560 225 107 73
leaf_count=71 358 427 625 424 258 444 73 560 225 107 73
internal_value=0.00041525 0.00190289 0.0013576 -0.00115405 0.00377821 -0.00104409 -0.00270148 -0.00133846 0.000890512 -0.00293899 0.00334971
internal_weight=3645 1805 1734 851 883 1840 991 918 849 332 517
internal_count=3645 1805 1734 851 883 1840 991 918 849 332 517
cat_boundaries=0 1
cat_threshold=2
is_linear=0
shrinkage=0.132659


Tree=230
num_leaves=11
num_cat=1
split_feature=3 13 4 10 10 10 3 3 3 3
split_gain=0.452672 0.473878 0.413681 0.375706 0.503106 0.479118 0.33777 1.48915 0.639971 0.231586
threshold=2941.6000000000004 0 -0.024627277855043511 0.085945858289262517 0.060114537378142006 0.096102522065762683 8099.5975000000008 8145.4000000000005 7986.4000000000005 2906.3000000000006
decision_type=2 1 2 2 2 2 2 2 2 2
left_child=2 3 9 4 -2 -5 8 -8 -3 -1
right_child=1 6 -4 5 -6 -7 7 -9 -10 -11
leaf_value=-0.0046021341495566751 0.0034064403470648293 -0.00057722301161554281 -0.010040250666316287 0.011856146573614527 -0.0034138024967221539 0.0029962442855144106 -0.020730835565815939 0.00021653352309859095 0.011246840462300381 0.0055808317346543006
leaf_weight=88 409 1269 135 125 356 763 77 266 86 71
leaf_count=88 409 1269 135 125 356 763 77 266 86 71
internal_value=0.000350583 0.000788481 -0.00464032 0.00238734 0.000232566 0.00424361 -0.000768014 -0.00448668 0.000173357 -5.48984e-05
internal_weight=3645 3351 294 1653 765 888 1698 343 1355 159
internal_count=3645 3351 294 1653 765 888 1698 343 1355 159
cat_boundaries=0 1
cat_threshold=2
is_linear=0
shrinkage=0.132659


Tree=231
num_leaves=9
num_cat=0
split_feature=2 2 0 2 4 5 0 0
split_gain=0.298995 0.41002 0.355481 0.61023 0.465774 0.309707 0.389748 0.275591
threshold=182.50000000000003 101.50000000000001 766.45000000000016 184.50000000000003 0.0021186552300029552 0.1506291009516435 101.55000000000001 307.40000000000003
decision_type=2 2 2 2 2 2 2 2
left_child=1 5 3 -2 -5 -1 -7 -3
right_child=2 7 -4 4 -6 6 -8 -9
leaf_value=0.0071462858103665565 0.014133325429971913 -0.010438761826721498 -0.004431665689919189 0.0064357300665586776 -0.0031416004025361711 -0.001720874721460746 0.0014389457773029174 -0.00039460652178318083
leaf_weight=111 96 109 89 204 159 1261 1509 86
leaf_count=111 96 109 89 204 159 1261 1509 86
internal_value=0.000385958 -0.00012264 0.00324071 0.00472849 0.00224074 0.000275838 4.83157e-07 -0.00600945
internal_weight=3624 3076 548 459 363 2881 2770 195
internal_count=3624 3076 548 459 363 2881 2770 195
is_linear=0
shrinkage=0.132659


Tree=232
num_leaves=5
num_cat=0
split_feature=9 9 5 0
split_gain=0.281132 0.357731 0.523075 0.421923
threshold=0.003049088441340581 0.0077969893808054443 0.14931482818692607 120.7
decision_type=2 2 2 2
left_child=-1 -2 -3 -4
right_child=1 2 3 -5
leaf_value=0.0078705926262733015 -0.0082495481833934278 0.010701919038878158 -0.0016059370947966434 0.0013934869191260877
leaf_weight=85 87 84 1447 1921
leaf_count=85 87 84 1447 1921
internal_value=0.000332093 0.000150997 0.000362753 0.000104836
internal_weight=3624 3539 3452 3368
internal_count=3624 3539 3452 3368
is_linear=0
shrinkage=0.132659


Tree=233
num_leaves=10
num_cat=0
split_feature=2 4 10 10 4 2 10 4 10
split_gain=0.257689 0.632412 0.768314 0.562012 0.489158 0.264279 0.30477 0.248599 0.226826
threshold=9.5000000000000018 0.022417316897014084 0.037101021217959211 0.035376488043195008 -0.060508568640408433 182.50000000000003 0.041469322411763786 -0.14640225921376102 0.085945858289262517
decision_type=2 2 2 2 2 2 2 2 2
left_child=1 4 -3 -2 -1 6 -5 -7 -4
right_child=3 2 8 5 -6 7 -8 -9 -10
leaf_value=0.0025212829865866237 -0.011756665090370946 -0.012961499524325506 -0.00049947281752518865 0.0080200697587039151 0.014786564524707566 -0.0039502874440608621 -0.00073841410854016021 0.0039306453891764905 0.0080791521676654952
leaf_weight=123 72 72 144 72 107 83 2399 465 87
leaf_count=123 72 72 144 72 107 83 2399 465 87
internal_value=0.0002896 0.00298341 -0.00099781 -0.000174922 0.00822796 0.000101351 -0.000483157 0.00273691 0.00273176
internal_weight=3624 533 303 3091 230 3019 2471 548 231
internal_count=3624 533 303 3091 230 3019 2471 548 231
is_linear=0
shrinkage=0.132659


Tree=234
num_leaves=5
num_cat=0
split_feature=9 8 10 6
split_gain=1.21993 0.557519 1.12495 0.317776
threshold=0.006413881053136364 71.690906302149159 0.029911348884858028 0.017604056893902178
decision_type=2 2 2 2
left_child=-1 2 -2 -4
right_child=1 -3 3 -5
leaf_value=-0.012155443527835177 -0.015141356902372586 0.0095226807502489259 -1.3111865369704076e-05 0.002661312200630529
leaf_weight=130 78 128 2122 1238
leaf_count=130 78 128 2122 1238
internal_value=0.00046653 0.000926722 0.000606643 0.000972293
internal_weight=3696 3566 3438 3360
internal_count=3696 3566 3438 3360
is_linear=0
shrinkage=0.132659


Tree=235
num_leaves=5
num_cat=0
split_feature=9 2 10 4
split_gain=0.977116 0.426359 0.712999 0.307863
threshold=0.0045951299543958062 5.5000000000000009 0.03089695816177809 0.042464450030715993
decision_type=2 2 2 2
left_child=-1 -2 -3 -4
right_child=1 2 3 -5
leaf_value=-0.012468048516767125 0.0082793110165035703 -0.010788763700777649 -0.00024577103338642854 0.0023347525684982479
leaf_weight=101 128 96 1999 1372
leaf_count=101 128 96 1999 1372
internal_value=0.000399492 0.000761055 0.000483446 0.00080451
internal_weight=3696 3595 3467 3371
internal_count=3696 3595 3467 3371
is_linear=0
shrinkage=0.132659


Tree=236
num_leaves=8
num_cat=0
split_feature=9 3 5 2 4 3 10
split_gain=0.785497 1.19116 1.03174 0.356023 0.262333 0.435228 0.357937
threshold=0.014452755897025932 2989.0000000000005 0.23227825479657727 191.50000000000003 -0.037831686735565147 7562.1000000000013 0.15192926942680532
decision_type=2 2 2 2 2 2 2
left_child=1 -1 -3 4 5 -2 -6
right_child=3 2 -4 -5 6 -7 -8
leaf_value=0.00759417605802481 -0.0026573612516280955 -0.017954155133841614 0.001451035760241534 0.0072525095922069006 0.0010097714955851502 0.0022528066353911672 0.0070088145752307107
leaf_weight=80 837 142 73 149 1708 512 195
leaf_count=80 837 142 73 149 1708 512 195
internal_value=0.000342351 -0.00622396 -0.0113658 0.000911935 0.000621387 -0.000793747 0.00162455
internal_weight=3696 295 215 3401 3252 1349 1903
internal_count=3696 295 215 3401 3252 1349 1903
is_linear=0
shrinkage=0.132659


Tree=237
num_leaves=9
num_cat=0
split_feature=4 3 0 3 5 5 3 0
split_gain=0.63331 0.627228 0.844405 0.981371 0.668565 0.938372 0.622533 0.31206
threshold=0.37314113398350063 4563.0090000000009 417.55000000000007 4583.125500000001 0.19680248612739804 0.25029595292341938 2917.4175000000005 508.05000000000007
decision_type=2 2 2 2 2 2 2 2
left_child=1 4 3 -3 6 -6 -1 -4
right_child=-2 2 7 -5 5 -7 -8 -9
leaf_value=0.0048675514908368463 -0.010898185308005324 0.018398020885335584 -0.0075717159347707189 0.0035523072311538085 0.0049043988199890297 -0.0058828026378026782 -0.0063240357989636431 8.3237614001556442e-05
leaf_weight=106 78 83 108 1398 477 202 500 708
leaf_count=106 78 83 108 1398 477 202 500 708
internal_value=0.00092604 0.00118357 0.00249654 0.0043845 -0.00116343 0.00169518 -0.00436635 -0.000930043
internal_weight=3660 3582 2297 1481 1285 679 606 816
internal_count=3660 3582 2297 1481 1285 679 606 816
is_linear=0
shrinkage=0.132659


Tree=238
num_leaves=11
num_cat=0
split_feature=9 3 10 10 10 9 5 0 0 0
split_gain=0.48549 1.42599 0.867526 0.876235 0.742162 0.403768 0.392444 0.442094 0.360221 1.01071
threshold=0.047225591817281816 4558.4000000000005 0.090564316943337747 0.12818260189775607 0.0753235845006507 0.37314113398350063 0.17834584407153736 70.800000000000026 83.950000000000017 165.70000000000002
decision_type=2 2 2 2 2 2 2 2 2 2
left_child=1 8 4 -4 -3 6 -2 -8 -1 -10
right_child=5 2 3 -5 -6 -7 7 -9 9 -11
leaf_value=0.0017681973026617416 -0.0056125525379743576 0.0067802356512968905 -0.011753751526832246 0.0083885042266929905 0.018752595638227246 -0.0095083406939854825 0.0028354908957744099 -0.00082486889716892051 -0.015591011466420701 0.0032299404770805727
leaf_weight=131 191 360 76 76 122 78 965 1458 112 91
leaf_count=131 191 360 76 76 122 78 965 1458 112 91
internal_value=0.00081208 0.00335997 0.0070555 -0.00168278 0.00981112 -0.000104113 0.000176559 0.000632938 -0.00365491 -0.00715443
internal_weight=3660 968 634 152 482 2692 2614 2423 334 203
internal_count=3660 968 634 152 482 2692 2614 2423 334 203
is_linear=0
shrinkage=0.132659


Tree=239
num_leaves=11
num_cat=0
split_feature=9 3 4 0 5 3 9 9 4 4
split_gain=0.37441 1.11522 0.846718 1.26917 1.17132 0.387687 0.457099 0.329352 0.328146 0.359939
threshold=0.047225591817281816 4558.4000000000005 0.0064141298527253211 170.35000000000002 0.24333582360554087 2936.8000000000006 0.030823870474704879 0.051480513622041833 0.37314113398350063 0.29329200232916897
decision_type=2 2 2 2 2 2 2 2 2 2
left_child=1 5 4 -4 -3 -1 -7 -2 9 -9
right_child=7 2 3 -5 -6 6 -8 8 -10 -11
leaf_value=0.0054460521752983443 -0.0081186261427413937 0.0062940802012544624 0.0026547097054741915 0.021016979362486594 -0.011243051239253878 -0.0092892142209622247 0.0026896762992952 0.00016076391507448585 -0.0082957424589295801 0.0094296822379307081
leaf_weight=71 87 281 131 134 88 182 81 2451 78 76
leaf_count=71 87 281 131 134 88 182 81 2451 78 76
internal_value=0.000714387 0.00295189 0.00622002 0.0119405 0.00211147 -0.00325169 -0.00559995 -9.01952e-05 0.00017798 0.000439588
internal_weight=3660 968 634 265 369 334 263 2692 2605 2527
internal_count=3660 968 634 265 369 334 263 2692 2605 2527
is_linear=0
shrinkage=0.132659


Tree=240
num_leaves=10
num_cat=0
split_feature=5 5 3 10 5 4 0 5 4
split_gain=0.68432 0.457356 0.547633 0.548363 0.519082 0.458889 0.526033 0.326491 0.195058
threshold=0.35401594519462715 0.29298293600067171 8125.6000000000013 0.046658240793022582 0.23084533161482906 -0.011336898155983917 67.350000000000009 0.63348813177680252 -0.10382018957450205
decision_type=2 2 2 2 2 2 2 2 2
left_child=1 2 3 -1 -4 -3 -7 8 -2
right_child=7 5 4 -5 -6 6 -8 -9 -10
leaf_value=0.0062214178929796346 -0.0015955917750343264 -0.0006295892007917778 0.0039704764420321805 0.0006432360498718942 -0.0076349768232730469 0.017629887620861529 0.0027455108561581722 0.0016580513616390549 -0.0095109316240676988
leaf_weight=359 77 100 95 2278 237 90 78 100 190
leaf_count=359 77 100 95 2278 237 90 78 100 190
internal_value=0.000621655 0.00123717 0.000763398 0.00140268 -0.0043141 0.00648543 0.0107202 -0.0048071 -0.00722848
internal_weight=3604 3237 2969 2637 332 268 168 367 267
internal_count=3604 3237 2969 2637 332 268 168 367 267
is_linear=0
shrinkage=0.132659


Tree=241
num_leaves=9
num_cat=0
split_feature=5 5 3 10 5 0 10 9
split_gain=0.518931 0.357942 0.402692 0.456446 0.41885 0.388316 0.531075 0.285286
threshold=0.35401594519462715 0.28602489602586156 8125.6000000000013 0.046658240793022582 0.23084533161482906 67.350000000000009 0.084389250185516337 0.1343134886176757
decision_type=2 2 2 2 2 2 2 2
left_child=1 2 3 -1 -4 6 -3 -2
right_child=7 5 4 -5 -6 -7 -8 -9
leaf_value=0.0055772249179044664 -0.011128961353866103 0.0023953059740787785 0.0035325434624934688 0.0004560169693331539 -0.0069856136601687815 0.0012727798069313296 0.018564147275598648 -0.00221111385180465
leaf_weight=355 81 72 95 2231 223 190 71 286
leaf_count=355 81 72 95 2231 223 190 71 286
internal_value=0.000547667 0.00108367 0.000611268 0.00115908 -0.00384337 0.00520308 0.0104244 -0.00417977
internal_weight=3604 3237 2904 2586 318 333 143 367
internal_count=3604 3237 2904 2586 318 333 143 367
is_linear=0
shrinkage=0.132659


Tree=242
num_leaves=7
num_cat=0
split_feature=5 5 10 10 5 10
split_gain=0.393028 0.275071 0.311225 0.50011 0.224615 0.177303
threshold=0.35401594519462715 0.28602489602586156 0.18931463921927796 0.17825460342417884 0.63348813177680252 0.065634090841674597
decision_type=2 2 2 2 2 2
left_child=1 2 3 -1 -2 -3
right_child=4 5 -4 -5 -6 -7
leaf_value=0.00062970513854433881 -0.0056393699329296155 -4.5718159807439632e-05 0.0085411279182946252 -0.0091608925830245769 0.0017314078153457834 0.0065947973021962206
leaf_weight=2726 267 102 83 95 100 231
leaf_count=2726 267 102 83 95 100 231
internal_value=0.000483186 0.000949654 0.000535536 0.000299945 -0.00363099 0.00456085
internal_weight=3604 3237 2904 2821 367 333
internal_count=3604 3237 2904 2821 367 333
is_linear=0
shrinkage=0.132659


Tree=243
num_leaves=8
num_cat=0
split_feature=9 5 0 9 0 4 9
split_gain=0.418874 0.723463 0.633995 0.630229 0.588759 0.546259 0.201773
threshold=0.12219604797171506 0.27289060522270453 11.15 0.03248906395860502 22.350000000000005 0.053909511502679634 0.063364195531807929
decision_type=2 2 2 2 2 2 2
left_child=1 2 6 -4 -3 -6 -1
right_child=-2 4 3 -5 5 -7 -8
leaf_value=-0.0025881354155088379 0.0013918991267713205 0.0016211747930162512 -0.0033768840168950328 0.0016802213007117951 -0.0051699743964273778 -0.01805744522500425 -0.011439290916506417
leaf_weight=74 1235 91 650 1303 129 105 117
leaf_count=74 1235 91 650 1303 129 105 117
internal_value=-0.000602747 -0.00160048 -0.000716329 -2.90337e-06 -0.0074328 -0.0109537 -0.00801057
internal_weight=3704 2469 2144 1953 325 234 191
internal_count=3704 2469 2144 1953 325 234 191
is_linear=0
shrinkage=0.132659


Tree=244
num_leaves=12
num_cat=0
split_feature=1 10 10 10 10 1 1 4 10 6 4
split_gain=0.462016 0.478774 0.743349 1.16412 0.384916 0.594107 0.731853 0.603476 0.366382 0.270328 0.373164
threshold=8350.0000000000018 0.13661514734711103 0.09328347571523278 0.078571308111370128 0.15192926942680532 4625.0000000000009 4425.0000000000009 0.13379355330501849 0.17825460342417884 0.12465375923054219 0.11786238986074167
decision_type=2 2 2 2 2 2 2 2 2 2 2
left_child=4 2 3 -2 5 6 -1 -7 -3 10 -6
right_child=1 8 -4 -5 9 7 -8 -9 -10 -11 -12
leaf_value=-0.0010335031424200986 0.0065313756577440102 -0.0092539109344454713 0.014844029414657527 -0.012879329843167791 0.0019650649619622823 -0.0053552913795436204 0.0079075049109876526 0.0026389324747688458 0.0034569994961191706 -0.0037434904344608357 0.013227351230623186
leaf_weight=1465 232 84 107 71 178 959 181 201 76 77 73
leaf_count=1465 232 84 107 71 178 959 181 201 76 77 73
internal_value=-0.000536209 0.00293782 0.00533953 0.00198254 -0.00116807 -0.00167071 -5.02484e-05 -0.00397007 -0.00321647 0.0031319 0.0052412
internal_weight=3704 570 410 303 3134 2806 1646 1160 160 328 251
internal_count=3704 570 410 303 3134 2806 1646 1160 160 328 251
is_linear=0
shrinkage=0.132659


Tree=245
num_leaves=10
num_cat=0
split_feature=1 1 9 1 4 0 10 1 10
split_gain=0.354953 0.411923 0.405248 0.633314 0.934578 0.375334 0.512545 0.301178 0.199171
threshold=8350.0000000000018 8750.0000000000018 0.13176824327276407 2875.0000000000005 0.11284387824843931 50.650000000000013 0.13737990529728525 6550.0000000000009 0.078571308111370128
decision_type=2 2 2 2 2 2 2 2 2
left_child=2 8 3 -1 -5 -3 -7 -4 -2
right_child=1 5 7 4 -6 6 -8 -9 -10
leaf_value=0.0042360305662616478 0.011818409007188642 -0.0058388108268055431 0.00038265261649150979 -0.0020661339017797637 -0.014588211969225903 0.0081869524354875739 -0.0036825924798369243 0.0073762790131013138 0.0030702050117971773
leaf_weight=257 98 126 738 1901 111 146 114 127 86
leaf_count=257 98 126 738 1901 111 146 114 127 86
internal_value=-0.000479745 0.00256528 -0.00103357 -0.00196497 -0.00275708 0.000103004 0.0029827 0.00140958 0.00773022
internal_weight=3704 570 3134 2269 2012 386 260 865 184
internal_count=3704 570 3134 2269 2012 386 260 865 184
is_linear=0
shrinkage=0.132659


Tree=246
num_leaves=7
num_cat=0
split_feature=9 6 10 10 9 1
split_gain=0.872807 0.437034 0.428047 0.668216 0.613734 0.275954
threshold=0.0054437172214267665 -0.084620487921681295 0.13497090074847015 0.12538855832818246 0.054152755201650575 8350.0000000000018
decision_type=2 2 2 2 2 2
left_child=-1 5 3 -3 -4 -2
right_child=1 2 4 -5 -6 -7
leaf_value=0.011450022046345001 0.0011999565547043596 -0.00037540837189541641 0.0054836148311224499 0.00752074179506861 -0.0059703358296075773 0.011424517970791633
leaf_weight=119 96 2497 101 204 445 90
leaf_count=119 96 2497 101 204 445 90
internal_value=0.000281626 -0.000105562 -0.000463813 0.000221009 -0.00385146 0.0061479
internal_weight=3552 3433 3247 2701 546 186
internal_count=3552 3433 3247 2701 546 186
is_linear=0
shrinkage=0.132659


Tree=247
num_leaves=5
num_cat=0
split_feature=9 9 4 0
split_gain=0.675381 0.363446 0.31716 0.307953
threshold=0.0054437172214267665 0.0099469006180210404 -0.17407313090595591 866.85000000000014
decision_type=2 2 2 2
left_child=-1 -2 -3 -4
right_child=1 2 3 -5
leaf_value=0.010070479635629641 -0.0088742906516842031 0.0076726329400821384 0.00038338479396882494 -0.0035257100251040742
leaf_weight=119 81 95 2852 405
leaf_count=119 81 95 2852 405
internal_value=0.000246075 -9.45184e-05 0.000117683 -0.000102716
internal_weight=3552 3433 3352 3257
internal_count=3552 3433 3352 3257
is_linear=0
shrinkage=0.132659


Tree=248
num_leaves=7
num_cat=0
split_feature=9 9 1 0 5 0
split_gain=0.534471 0.348261 0.291182 0.666187 0.389964 0.18727
threshold=0.0071504807080980358 0.011401544824069793 8850.0000000000018 184.95000000000002 0.19336562468989704 125.55000000000001
decision_type=2 2 2 2 2 2
left_child=5 -2 4 -4 -3 -1
right_child=1 2 3 -5 -6 -7
leaf_value=0.0033572359475653557 -0.0086666487078310706 0.002220881541696181 0.010118741874724167 -0.0023443710788394641 -0.0012082229868937899 0.012703119207122561
leaf_weight=77 82 791 154 148 2226 74
leaf_count=77 82 791 154 148 2226 74
internal_value=0.00021584 -0.000127059 8.39618e-05 0.00401118 -0.000309169 0.00793823
internal_weight=3552 3401 3319 302 3017 151
internal_count=3552 3401 3319 302 3017 151
is_linear=0
shrinkage=0.132659


Tree=249
num_leaves=13
num_cat=0
split_feature=0 0 4 2 5 2 0 9 10 9 0 9
split_gain=0.530767 0.744144 0.777491 1.1563 0.767917 0.745992 0.607099 0.708674 0.515595 0.541518 0.452554 0.278961
threshold=260.20000000000005 16.050000000000004 -0.023045142883892065 91.500000000000014 0.50954254159582191 36.500000000000007 341.9500000000001 0.084496598366808617 0.17995816120692557 0.047225591817281816 11.15 0.054152755201650575
decision_type=2 2 2 2 2 2 2 2 2 2 2 2
left_child=1 4 3 -3 10 -4 7 11 9 -8 -1 -2
right_child=6 2 5 -5 -6 -7 8 -9 -10 -11 -12 -13
leaf_value=0.0019946478473143064 0.0071876745063555016 -0.013465068462285134 0.0036926272942049061 -0.0012542449333923984 -0.0077297483392275842 -0.0042541510915598893 0.0093527271652163926 -0.0038891463836603804 -0.0086645367308176117 -0.00018960615209814778 0.012138432287950264 0.017933144146551911
leaf_weight=438 100 291 324 257 126 580 117 72 111 991 94 74
leaf_count=438 100 291 324 257 126 580 117 72 111 991 94 74
internal_value=-0.000772119 -0.00211899 -0.00379605 -0.00773867 0.00158176 -0.00140595 0.00116774 0.00717898 -4.54351e-05 0.000818141 0.00378729 0.0117588
internal_weight=3575 2110 1452 548 658 904 1465 246 1219 1108 532 174
internal_count=3575 2110 1452 548 658 904 1465 246 1219 1108 532 174
is_linear=0
shrinkage=0.132659


Tree=250
num_leaves=14
num_cat=0
split_feature=0 2 9 0 9 9 2 2 9 10 6 10 0
split_gain=0.410934 0.587508 1.59261 0.574987 0.622915 0.588249 1.26476 0.557462 0.472766 0.401319 0.373617 0.349508 0.174483
threshold=260.20000000000005 33.500000000000007 0.06801798554354567 16.050000000000004 0.13070427317950367 0.011401544824069793 35.500000000000007 49.000000000000007 0.083753607918403764 0.090199996705231614 0.0031996747914049381 0.12686527067927675 1049.7
decision_type=2 2 2 2 2 2 2 2 2 2 2 2 2
left_child=3 2 -2 4 8 6 -5 -3 -1 -6 -7 -9 -4
right_child=1 7 12 5 9 10 -8 11 -10 -11 -12 -13 -14
leaf_value=-9.4598499964580496e-05 0.021209439333697476 -0.0073029460532586001 -0.00073576600392757235 0.014450729478868184 -0.0085862375620598935 -0.0065709900464099658 -0.0073674995287540965 0.0038191575899102618 0.0095763570846633551 0.0011960726029234356 -0.0020083741724858913 -0.0017311156731845956 0.0053356451347181142
leaf_weight=165 86 188 258 94 131 655 93 357 193 169 610 453 123
leaf_count=165 86 188 258 94 131 655 93 357 193 169 610 453 123
internal_value=-0.00068499 0.00102189 0.00490536 -0.0018701 0.00138294 -0.00334428 0.00360024 -0.000795372 0.00511926 -0.00307576 -0.00437089 0.000715139 0.00122443
internal_weight=3575 1465 467 2110 658 1452 187 998 358 300 1265 810 381
internal_count=3575 1465 467 2110 658 1452 187 998 358 300 1265 810 381
is_linear=0
shrinkage=0.132659


Tree=251
num_leaves=12
num_cat=0
split_feature=0 2 0 10 0 0 10 10 2 10 0
split_gain=0.318365 0.453342 1.17722 0.471092 0.440555 0.507736 0.310294 0.297747 0.260233 0.484608 0.185387
threshold=260.20000000000005 33.500000000000007 412.40000000000009 0.082223730803916442 16.050000000000004 11.15 0.074483252726582377 0.1108520811384031 190.50000000000003 0.16598342708837949 2.9500000000000006
decision_type=2 2 2 2 2 2 2 2 2 2 2
left_child=4 2 -2 -3 5 10 -4 -5 9 -6 -1
right_child=1 3 6 7 8 -7 -8 -9 -10 -11 -12
leaf_value=-0.0025295305018925478 0.016378196337169904 -0.007394761780257283 -0.0018321444171581437 0.0048147190243990794 -0.0031430013791695537 0.010224738257133938 0.0068198311647017533 -0.00091475083711441759 -0.0096884071947197937 0.006878606001439194 0.002295253380686021
leaf_weight=304 109 156 256 214 1267 94 102 628 94 91 260
leaf_count=304 109 156 256 214 1267 94 102 628 94 91 260
internal_value=-0.000605186 0.000897195 0.00430855 -0.00069914 -0.00164831 0.00119917 0.00063313 0.000541493 -0.0029387 -0.00247137 -0.000305332
internal_weight=3575 1465 467 998 2110 658 358 842 1452 1358 564
internal_count=3575 1465 467 998 2110 658 358 842 1452 1358 564
is_linear=0
shrinkage=0.132659


Tree=252
num_leaves=11
num_cat=0
split_feature=9 9 8 6 5 9 6 6 6 6
split_gain=0.492236 0.936719 0.60141 1.09534 0.391082 0.33959 0.362855 0.309398 0.298119 0.213212
threshold=0.028351071419590101 0.0089646697588042761 6.460641213970054 -0.0022263621696935122 0.18693461784482063 0.18746546774687597 0.027178578393363666 -0.069448493376610895 0.00030799389255789565 0.14144934434268686
decision_type=2 2 2 2 2 2 2 2 2 2
left_child=1 8 4 -4 -3 7 -7 -2 -1 -8
right_child=5 2 3 -5 -6 6 9 -9 -10 -11
leaf_value=-0.00016166824351362619 0.0065888768169910274 0.0053780924747632349 -0.021901880884944908 -0.0032188642483304982 -0.0068282807006645888 -0.010804472625134098 0.00095676652964279019 0.0013151521228386609 0.0105147342617227 -0.0063062347255092542
leaf_weight=99 214 89 96 130 96 71 339 2297 86 90
leaf_count=99 214 89 96 130 96 71 339 2297 86 90
internal_value=0.000446506 -0.00303666 -0.00656502 -0.011156 -0.000956051 0.00113598 -0.00202112 0.00176465 0.00480188 -0.000567112
internal_weight=3607 596 411 226 185 3011 500 2511 185 429
internal_count=3607 596 411 226 185 3011 500 2511 185 429
is_linear=0
shrinkage=0.132659


Tree=253
num_leaves=8
num_cat=0
split_feature=11 2 6 6 6 10 10
split_gain=0.309356 0.421239 0.628137 0.523808 0.210646 0.388127 0.237385
threshold=1.0000000180025095e-35 28.500000000000004 0.0046228002170328603 0.00030799389255789565 0.14144934434268686 0.18577758274037456 0.095274738219744595
decision_type=2 2 2 2 2 2 2
left_child=4 -2 3 -3 5 6 -1
right_child=1 2 -4 -5 -6 -7 -8
leaf_value=0.0017023114317443076 -0.010949319361475612 -0.0022515688004377684 -0.011696397607669504 0.010324220837022759 -0.0055069829915496884 0.0088910960395390658 -0.00070110638209507688
leaf_weight=1776 92 159 72 92 90 106 1220
leaf_count=1776 92 159 72 92 90 106 1220
internal_value=0.0003762 -0.00303094 -0.000775101 0.00235824 0.000819185 0.00100276 0.000723617
internal_weight=3607 415 323 251 3192 3102 2996
internal_count=3607 415 323 251 3192 3102 2996
is_linear=0
shrinkage=0.132659


Tree=254
num_leaves=10
num_cat=0
split_feature=9 9 2 10 10 9 2 2 2
split_gain=0.330496 0.651651 0.487927 1.24806 0.690561 0.23802 0.220997 0.213024 0.209538
threshold=0.028351071419590101 0.0089646697588042761 56.500000000000007 0.043732378324900949 0.09560457220593363 0.19491754062568215 191.50000000000003 184.50000000000003 100.50000000000001
decision_type=2 2 2 2 2 2 2 2 2
left_child=1 -1 3 -3 -4 6 7 -2 -7
right_child=5 2 4 -5 -6 8 -8 -9 -10
leaf_value=0.0040059182567718224 0.0014848213367978967 0.0023970141715179993 0.0092824452139976428 -0.017703151638213795 -0.0071901366294772444 -0.00043611419867047138 0.0067789809833485558 -0.0029355624861125773 -0.0074130121553435723
leaf_weight=185 2219 91 76 135 109 359 127 210 96
leaf_count=185 2219 91 76 135 109 359 127 210 96
internal_value=0.000322126 -0.00253198 -0.00547488 -0.00961011 -0.000422785 0.000887083 0.00138472 0.00110264 -0.00190838
internal_weight=3607 596 411 226 185 3011 2556 2429 455
internal_count=3607 596 411 226 185 3011 2556 2429 455
is_linear=0
shrinkage=0.132659


Tree=255
num_leaves=9
num_cat=0
split_feature=10 6 5 5 10 5 9 10
split_gain=0.737288 0.648275 0.605486 0.98957 0.518855 0.737302 0.429147 0.290351
threshold=0.029911348884858028 -0.045496197405151546 0.24797438954580628 0.2346582483243782 0.083190258705304623 0.16860284121014601 0.094201137634575244 0.13856193131707034
decision_type=2 2 2 2 2 2 2 2
left_child=-1 2 3 -2 5 -3 -6 -4
right_child=1 4 7 -5 6 -7 -8 -9
leaf_value=-0.0090882617836404028 -0.0032501018955742008 0.0061292197611552664 -0.0043646415877034639 -0.020626247384390478 0.0049689095058437728 -0.0019388026357983843 0.00029100180867541021 0.0046637336435866187
leaf_weight=161 189 233 117 83 721 1379 662 135
leaf_count=161 189 233 117 83 721 1379 662 135
internal_value=-0.000310098 9.15565e-05 -0.00421302 -0.0085533 0.000844697 -0.000772591 0.00272977 0.000471964
internal_weight=3680 3519 524 272 2995 1612 1383 252
internal_count=3680 3519 524 272 2995 1612 1383 252
is_linear=0
shrinkage=0.132659


Tree=256
num_leaves=6
num_cat=0
split_feature=10 10 6 10 2
split_gain=0.572134 0.564579 0.437409 0.563926 0.272401
threshold=0.029911348884858028 0.034135111993103359 -0.045496197405151546 0.083190258705304623 190.50000000000003
decision_type=2 2 2 2 2
left_child=-1 -2 4 -4 -3
right_child=1 2 3 -5 -6
leaf_value=-0.0080100372791986774 0.010755676326775538 -0.0024796372986561279 -0.0013099918304359879 0.0023879454902019583 -0.011115813894836951
leaf_weight=161 85 449 1527 1383 75
leaf_count=161 85 449 1527 1383 75
internal_value=-0.000277286 7.65343e-05 -0.000187849 0.000447484 -0.00371604
internal_weight=3680 3519 3434 2910 524
internal_count=3680 3519 3434 2910 524
is_linear=0
shrinkage=0.132659


Tree=257
num_leaves=9
num_cat=0
split_feature=10 5 10 10 3 3 3 3
split_gain=0.443597 0.50357 0.408773 0.518282 0.350527 0.446756 0.392107 0.337493
threshold=0.029911348884858028 0.20916467924786325 0.039392813908053756 0.083190258705304623 4626.0000000000009 4642.6000000000013 2927.0000000000005 8173.8000000000011
decision_type=2 2 2 2 2 2 2 2
left_child=-1 4 7 -4 6 -6 -2 -3
right_child=1 2 3 -5 5 -7 -8 -9
leaf_value=-0.0070567712913810077 0.0075109609612978769 -0.00032367215437692682 -0.0040278365956087046 0.00012560441537704024 0.014215698310130103 0.0025459430243633899 -9.0973366109370181e-05 0.012112741251072725
leaf_weight=161 142 81 867 1355 90 161 750 73
leaf_count=161 142 81 867 1355 90 161 750 73
internal_value=-0.000247831 6.3719e-05 -0.00103694 -0.00149504 0.0023517 0.00673097 0.00111931 0.00557214
internal_weight=3680 3519 2376 2222 1143 251 892 154
internal_count=3680 3519 2376 2222 1143 251 892 154
is_linear=0
shrinkage=0.132659


Tree=258
num_leaves=13
num_cat=0
split_feature=4 9 0 9 5 3 3 3 3 4 4 3
split_gain=0.484768 0.693304 0.847539 0.691232 0.663304 0.567888 0.403806 0.508063 0.489234 0.375637 0.349603 0.275262
threshold=0.012912500686936342 0.32653874459779608 138.10000000000002 0.041261766615753405 0.19843064124041379 7841.9000000000005 4626.0000000000009 2944.0000000000005 4646.2000000000007 -0.030268331360993259 -0.0079220773898065529 8201.2000000000025
decision_type=2 2 2 2 2 2 2 2 2 2 2 2
left_child=4 2 3 -2 6 -4 7 -1 -8 11 -11 -6
right_child=1 -3 5 -5 9 -7 8 -9 -10 10 -12 -13
leaf_value=0.011760336128729941 -0.014680883634808897 0.0083850625822143882 -0.0022002819745717806 -0.0040695727288844689 -0.00033887410363555372 0.0049492358231795286 0.017741078705147097 0.00048875079165032421 0.0032030590239509791 -0.011229215424004754 0.00047651049094578319 0.0070221708886423718
leaf_weight=87 131 107 600 616 1017 290 80 368 83 104 79 98
leaf_count=87 131 107 600 616 1017 290 80 368 83 104 79 98
internal_value=-0.000359531 -0.00195977 -0.00263602 -0.00593074 0.00109705 0.00012938 0.00467414 0.00264432 0.0103394 -0.000606093 -0.00617631 0.000308195
internal_weight=3660 1744 1637 747 1916 890 618 455 163 1298 183 1115
internal_count=3660 1744 1637 747 1916 890 618 455 163 1298 183 1115
is_linear=0
shrinkage=0.132659


Tree=259
num_leaves=10
num_cat=0
split_feature=6 6 9 0 2 0 0 2 0
split_gain=0.470021 0.652201 0.49103 0.610416 0.377655 0.731337 0.448251 0.419489 0.30434
threshold=0.0085197898857441914 0.01085378238679297 0.32653874459779608 32.150000000000013 182.50000000000003 251.85000000000005 125.55000000000001 5.5000000000000009 62.000000000000007
decision_type=2 2 2 2 2 2 2 2 2
left_child=4 -2 3 -3 7 6 -6 -1 -9
right_child=1 2 -4 -5 5 -7 -8 8 -10
leaf_value=0.010182411296079301 -0.012643800393484171 -0.0065032748667255115 0.0072936685407369879 -0.0002924148119228303 0.0047567927380945292 -0.00099827239194583638 0.018560413323659604 0.0021777123245149909 -0.0015635778416615619
leaf_weight=71 96 387 107 993 87 173 79 595 1072
leaf_count=71 96 387 107 993 87 173 79 595 1072
internal_value=-0.000325198 -0.00204718 -0.00136293 -0.00203421 0.000987226 0.00503744 0.0113272 0.000197184 -0.000228194
internal_weight=3660 1583 1487 1380 2077 339 166 1738 1667
internal_count=3660 1583 1487 1380 2077 339 166 1738 1667
is_linear=0
shrinkage=0.132659


Tree=260
num_leaves=8
num_cat=0
split_feature=9 9 0 0 0 0 0
split_gain=0.275704 0.457555 0.270447 0.755165 0.356333 0.214245 0.669008
threshold=0.32653874459779608 0.20091320325171735 32.150000000000013 18.750000000000004 63.550000000000004 9.5500000000000025 123.35000000000001
decision_type=2 2 2 2 2 2 2
left_child=1 2 3 -1 -4 -3 -7
right_child=-2 5 4 -5 -6 6 -8
leaf_value=9.0024710754932479e-05 0.0063443296662181225 0.00016364658042815206 0.0049113323336006827 -0.0098481751830764176 6.1813649688358666e-05 -0.017803397750372863 -0.0025041833342338746
leaf_weight=582 107 92 304 175 2169 74 157
leaf_count=582 107 92 304 175 2169 74 157
internal_value=-0.000289867 -0.000489687 -1.36175e-05 -0.0022076 0.000657983 -0.00525013 -0.00740614
internal_weight=3660 3553 3230 757 2473 323 231
internal_count=3660 3553 3230 757 2473 323 231
is_linear=0
shrinkage=0.132659


Tree=261
num_leaves=10
num_cat=0
split_feature=0 9 0 9 9 0 9 10 9
split_gain=0.370457 0.491952 0.485193 0.434142 0.751532 0.483332 0.307836 0.199904 0.50036
threshold=508.05000000000007 0.060302334235291723 6.4500000000000011 0.09382424375526624 0.083753607918403764 62.000000000000007 0.24071158186463568 0.050598919694126644 0.1497706053621756
decision_type=2 2 2 2 2 2 2 2 2
left_child=2 -2 7 4 -4 -5 -3 -1 -9
right_child=1 6 3 5 -6 -7 -8 8 -10
leaf_value=-0.002148671796013751 0.011137566793803576 0.0014463776991500666 -0.0023185650456994272 -0.008601789729099623 0.0076319722280867031 -0.0019108949152225681 -0.0059612340083917865 0.010441870182379095 -0.00049536061648848735
leaf_weight=131 81 604 1461 380 147 380 118 126 177
leaf_count=131 81 604 1461 380 147 380 118 126 177
internal_value=-0.00117651 0.00133551 -0.00189642 -0.00264375 -0.00140884 -0.00525646 0.000235605 0.00218112 0.0040531
internal_weight=3605 803 2802 2368 1608 760 722 434 303
internal_count=3605 803 2802 2368 1608 760 722 434 303
is_linear=0
shrinkage=0.132659


Tree=262
num_leaves=8
num_cat=0
split_feature=9 9 4 9 10 10 4
split_gain=0.341418 0.352518 0.681688 0.363909 0.63719 0.32782 0.224205
threshold=0.006413881053136364 0.023461790974109036 -0.017830839662369379 0.042984206559630721 0.072008007184007003 0.074955204288523966 -0.0079220773898065529
decision_type=2 2 2 2 2 2 2
left_child=-1 2 -2 4 -3 -5 -4
right_child=1 3 6 5 -6 -7 -8
leaf_value=-0.0075402444099006835 0.014606150547081651 -0.0099983766683676006 -0.0049842920975231462 0.0012558880807463574 0.00069434951589491091 -0.0017791043838332797 0.0029460640272441566
leaf_weight=137 73 210 96 976 184 1748 181
leaf_count=137 73 210 96 976 184 1748 181
internal_value=-0.00104524 -0.00078863 0.00320327 -0.00123674 -0.00500499 -0.000691675 0.000197496
internal_weight=3605 3468 350 3118 394 2724 277
internal_count=3605 3468 350 3118 394 2724 277
is_linear=0
shrinkage=0.132659


Tree=263
num_leaves=7
num_cat=0
split_feature=10 10 10 10 4 4
split_gain=0.212092 0.910831 0.26605 0.522469 0.18915 0.210329
threshold=0.056913190606518504 0.062490488559022957 0.066795906305657529 0.078571308111370128 -0.015262289799297219 0.0016653468789348178
decision_type=2 2 2 2 2 2
left_child=4 -2 -3 -4 -1 -6
right_child=1 2 3 -5 5 -7
leaf_value=-0.00035374348430512883 0.010554022281591529 -0.0072836601230739078 0.0037701989981245168 -0.0014560962700521814 -0.010095028112657209 -0.0030669173321887797
leaf_weight=382 129 109 404 2018 89 474
leaf_count=382 129 109 404 2018 89 474
internal_value=-0.000925137 -0.000318644 -0.000872867 -0.000584307 -0.00263226 -0.0041782
internal_weight=3605 2660 2531 2422 945 563
internal_count=3605 2660 2531 2422 945 563
is_linear=0
shrinkage=0.132659


Tree=264
num_leaves=6
num_cat=0
split_feature=6 6 9 9 9
split_gain=0.246362 0.546236 0.190188 0.456213 0.268166
threshold=0.11551234125810909 0.091010933190361187 0.034191573937677279 0.038670714771033968 0.026218604416695133
decision_type=2 2 2 2 2
left_child=1 2 4 -4 -1
right_child=-2 -3 3 -5 -6
leaf_value=0.00052567908255445289 0.0051827349836657231 -0.0097835230896274623 -0.0099708542989150484 -0.00026007973114239091 0.0068460107686888223
leaf_weight=556 147 105 88 2605 150
leaf_count=556 147 105 88 2605 150
internal_value=-0.000137301 -0.000360511 -6.93749e-05 -0.000577461 0.00186866
internal_weight=3651 3504 3399 2693 706
internal_count=3651 3504 3399 2693 706
is_linear=0
shrinkage=0.132659


Tree=265
num_leaves=10
num_cat=1
split_feature=12 6 6 6 6 6 6 6 6
split_gain=0.234301 0.322479 0.301097 0.265095 0.421276 0.347158 0.349271 0.274746 0.228393
threshold=0 0.11551234125810909 0.072331602876164566 1.0000000180025095e-35 0.033891914188017493 -0.011181407299202461 -0.023203352019986034 0.05070021766385556 0.052596348195591981
decision_type=1 2 2 2 2 2 2 2 2
left_child=3 2 8 5 -5 6 -1 -6 -2
right_child=1 -3 -4 4 7 -7 -8 -9 -10
leaf_value=-0.0046748266277550424 0.00041855244198349531 0.0077988090359722637 -0.0056232352885913096 0.0028728629879517511 -0.0093355717154405236 -0.0089054177249300228 0.0033600522708906785 -0.00069108343332755342 0.0072453540802359081
leaf_weight=252 2057 106 141 409 101 162 153 180 90
leaf_count=252 2057 106 141 409 101 162 153 180 90
internal_value=-0.000123858 0.000646196 0.000314771 -0.00159045 0.000155926 -0.00371561 -0.00163941 -0.00379855 0.000704779
internal_weight=3651 2394 2288 1257 690 567 405 281 2147
internal_count=3651 2394 2288 1257 690 567 405 281 2147
cat_boundaries=0 1
cat_threshold=2
is_linear=0
shrinkage=0.132659


Tree=266
num_leaves=9
num_cat=0
split_feature=1 1 0 0 0 0 0 0
split_gain=0.486267 0.587693 0.531698 1.10614 0.805684 0.412392 0.844285 0.346422
threshold=9350.0000000000018 8050.0000000000009 101.55000000000001 36.850000000000009 218.90000000000003 154.60000000000002 264.45000000000005 133.55000000000004
decision_type=2 2 2 2 2 2 2 2
left_child=1 5 3 -3 -4 7 -7 -1
right_child=-2 2 4 -5 -6 6 -8 -9
leaf_value=0.00045385977931534878 -0.0093803033246268822 0.0070153243155289865 0.017669730051403321 -0.014377003862797225 0.003457947013994816 -0.0082181535897875441 -0.00051286412678392811 0.0094227852678357982
leaf_weight=1434 97 100 91 74 307 320 1148 80
leaf_count=1434 97 100 91 74 307 320 1148 80
internal_value=-0.00011409 0.000138855 0.00403379 -0.00208303 0.00670797 -0.000608279 -0.00219257 0.000927877
internal_weight=3651 3554 572 174 398 2982 1468 1514
internal_count=3651 3554 572 174 398 2982 1468 1514
is_linear=0
shrinkage=0.132659


Tree=267
num_leaves=11
num_cat=0
split_feature=10 10 10 10 10 10 10 10 10 10
split_gain=0.198725 0.374944 0.402825 0.387178 0.1771 0.355103 0.330437 0.217834 0.213668 0.176763
threshold=0.056558101610975971 0.053790858503688387 0.051713116790835477 0.046799082457807367 0.12818260189775607 0.11990108926159428 0.13190609459135796 0.12236903694035876 0.078571308111370128 0.16598342708837949
decision_type=2 2 2 2 2 2 2 2 2 2
left_child=1 2 3 -1 5 8 -6 -7 -2 -8
right_child=4 -3 -4 -5 6 7 9 -9 -10 -11
leaf_value=-0.00017255910110671781 0.0021514574407192279 -0.0098318989316743665 0.0080813781469007799 -0.0069471471411744071 -0.00945246202256682 0.012024997335342513 -0.0021895074170319904 0.0031947433071327939 -0.00092065161246487881 0.001808953392964487
leaf_weight=576 697 94 78 200 78 72 435 155 930 352
leaf_count=576 697 94 78 200 78 72 435 155 930 352
internal_value=-0.000226708 -0.00188058 -0.0010052 -0.0019187 0.000349934 0.00108123 -0.00121747 0.0059962 0.000395433 -0.000401119
internal_weight=3667 948 854 776 2719 1854 865 227 1627 787
internal_count=3667 948 854 776 2719 1854 865 227 1627 787
is_linear=0
shrinkage=0.132659


Tree=268
num_leaves=4
num_cat=0
split_feature=3 3 3
split_gain=0.174464 0.177459 0.223467
threshold=7930.1170000000011 7771.0000000000009 7704.3000000000011
decision_type=2 2 2
left_child=1 2 -1
right_child=-2 -3 -4
leaf_value=0.00026947266556542605 -0.0017018877788969506 0.003743286333998415 -0.0062609695903784205
leaf_weight=2329 995 247 96
leaf_count=2329 995 247 96
internal_value=-0.000202426 0.00035595 1.09067e-05
internal_weight=3667 2672 2425
internal_count=3667 2672 2425
is_linear=0
shrinkage=0.132659


Tree=269
num_leaves=7
num_cat=0
split_feature=0 0 0 0 0 0
split_gain=0.322975 0.388548 0.217702 0.76656 0.425782 0.180949
threshold=1049.7 917.75000000000011 41.95000000000001 34.750000000000007 51.800000000000004 1813.95
decision_type=2 2 2 2 2 2
left_child=1 2 3 -1 -4 -2
right_child=5 -3 4 -5 -6 -7
leaf_value=0.00021505204336068343 0.0056315356668237698 -0.0096933738613343163 -0.009864551359488688 0.013804652784929169 -0.0006955242729275356 -0.0018640931952890593
leaf_weight=967 242 80 93 79 2132 74
leaf_count=967 242 80 93 79 2132 74
internal_value=-0.000177899 -0.000560221 -0.0003368 0.00124162 -0.00107884 0.00387621
internal_weight=3667 3351 3271 1046 2225 316
internal_count=3667 3351 3271 1046 2225 316
is_linear=0
shrinkage=0.132659


Tree=270
num_leaves=5
num_cat=0
split_feature=10 9 10 4
split_gain=0.63126 0.823612 0.307967 0.328232
threshold=0.026958662401292997 0.006413881053136364 0.19326925354164123 -0.11295924308692075
decision_type=2 2 2 2
left_child=-1 -2 3 -3
right_child=1 2 -4 -5
leaf_value=0.0099599136272634087 -0.011139539863556369 0.0033310120707931721 -0.0076121446327035939 -0.00024311091658005618
leaf_weight=110 118 540 88 2780
leaf_count=110 118 540 88 2780
internal_value=6.43715e-05 -0.000244381 0.000132907 0.000338235
internal_weight=3636 3526 3408 3320
internal_count=3636 3526 3408 3320
is_linear=0
shrinkage=0.132659


Tree=271
num_leaves=7
num_cat=0
split_feature=10 4 6 6 10 6
split_gain=0.48863 0.272694 0.630611 1.10917 0.525315 0.311176
threshold=0.026958662401292997 -0.11295924308692075 -0.051051152254459338 -0.040655869245125063 0.14789176435964338 -0.049886375910020972
decision_type=2 2 2 2 2 2
left_child=-1 4 -3 -4 5 -2
right_child=1 2 3 -5 -6 -7
leaf_value=0.0087589372317147703 0.008943365167168052 -0.011416334421703516 0.014829942064991322 -0.00082218149245956928 -0.0043076895901277574 0.0016063649748014198
leaf_weight=110 185 94 82 2791 148 226
leaf_count=110 185 94 82 2791 148 226
internal_value=5.28052e-05 -0.000218836 -0.000725223 -0.000375363 0.00246884 0.00490914
internal_weight=3636 3526 2967 2873 559 411
internal_count=3636 3526 2967 2873 559 411
is_linear=0
shrinkage=0.132659


Tree=272
num_leaves=8
num_cat=0
split_feature=9 9 10 9 6 10 10
split_gain=0.475964 0.457615 0.668685 0.317482 0.330283 0.323242 0.272656
threshold=0.006413881053136364 0.045557667653791926 0.027678859515199532 0.11073840674229991 -0.051051152254459338 0.17029306028406635 0.039570484052638653
decision_type=2 2 2 2 2 2 2
left_child=-1 2 -2 4 -3 -5 -4
right_child=1 3 6 5 -6 -7 -8
leaf_value=-0.0077783642187703884 0.015032649321663509 -0.0096709847947514908 -0.0056390007957384785 0.0017660552381348932 -0.0013901407791450753 -0.0039928424284749941 0.0027523351454372099
leaf_weight=132 75 91 76 1169 1234 201 658
leaf_count=132 75 91 76 1169 1234 201 658
internal_value=4.1113e-05 0.000335718 0.00310268 -0.000494896 -0.00195898 0.000921097 0.00188337
internal_weight=3636 3504 809 2695 1325 1370 734
internal_count=3636 3504 809 2695 1325 1370 734
is_linear=0
shrinkage=0.132659


Tree=273
num_leaves=9
num_cat=0
split_feature=5 5 6 6 3 3 5 10
split_gain=0.453428 0.670564 0.414124 0.636707 0.358587 0.534013 0.485539 0.304973
threshold=0.18429677446561166 0.17921267112257541 -0.018012338035275747 -0.0046681031952438036 2936.8000000000006 2950.3000000000006 0.1891734978645187 0.11739721558028149
decision_type=2 2 2 2 2 2 2 2
left_child=1 2 -1 -4 7 -6 -7 -2
right_child=4 -3 3 -5 5 6 -8 -9
leaf_value=-0.0083221843484814761 -0.013126695114798312 0.01192530623962371 0.0091717107629721694 -0.00058025509435628332 0.010535107298176796 -0.01067805961794357 -0.00048829435143937891 -0.0015525739706637126
leaf_weight=73 75 119 167 400 75 85 2570 86
leaf_count=73 75 119 167 400 75 85 2570 86
internal_value=-0.000103926 0.0027817 0.0010813 0.00229219 -0.000861529 -0.000502718 -0.000814584 -0.00694504
internal_weight=3650 759 640 567 2891 2730 2655 161
internal_count=3650 759 640 567 2891 2730 2655 161
is_linear=0
shrinkage=0.132659


Tree=274
num_leaves=10
num_cat=0
split_feature=5 5 6 6 6 6 6 6 10
split_gain=0.345592 0.511381 0.320995 0.537686 0.305644 1.11396 0.711243 0.705963 0.400161
threshold=0.18429677446561166 0.17921267112257541 -0.017264861155677481 -0.0046681031952438036 0.0042556227423077714 0.0077814477618251719 1.0000000180025095e-35 0.012921659212982732 0.14150153631368056
decision_type=2 2 2 2 2 2 2 2 2
left_child=1 2 -1 -4 6 -6 8 -7 -2
right_child=4 -3 3 -5 5 7 -8 -9 -10
leaf_value=-0.0068090689148338768 -0.0026564197467157532 0.010409988500225507 0.0086308375035773575 -0.00050905541888639173 0.016126523620818921 -0.0097734366190659529 -0.014883527218103007 0.00068123111735045295 0.0028160692167600154
leaf_weight=82 1062 119 158 400 77 125 73 1252 302
leaf_count=82 1062 119 158 400 77 125 73 1252 302
internal_value=-9.41461e-05 0.00242509 0.000940166 0.00207911 -0.000755554 0.000600459 -0.0021276 -0.000267914 -0.00144475
internal_weight=3650 759 640 558 2891 1454 1437 1377 1364
internal_count=3650 759 640 558 2891 1454 1437 1377 1364
is_linear=0
shrinkage=0.132659


Tree=275
num_leaves=7
num_cat=0
split_feature=5 6 4 6 6 2
split_gain=0.281489 0.236666 1.35865 1.40613 0.542029 0.32139
threshold=0.14931482818692607 0.0042556227423077714 0.0021186552300029552 -0.0022263621696935122 0.0077814477618251719 101.50000000000001
decision_type=2 2 2 2 2 2
left_child=-1 2 3 -2 -3 -6
right_child=1 4 -4 -5 5 -7
leaf_value=0.0061490731522028282 -0.0013830738288388245 0.0094530787057422062 -0.016003953327340538 0.015138113661788908 0.0011052644523467663 -0.0036523764191159053
leaf_weight=123 1625 119 105 96 1271 311
leaf_count=123 1625 119 105 96 1271 311
internal_value=-8.88534e-05 -0.000306422 -0.00135524 -0.000461362 0.000819469 0.000169946
internal_weight=3650 3527 1826 1721 1701 1582
internal_count=3650 3527 1826 1721 1701 1582
is_linear=0
shrinkage=0.132659


Tree=276
num_leaves=6
num_cat=0
split_feature=1 9 10 4 7
split_gain=0.547133 0.328681 0.451406 0.872865 0.533993
threshold=9350.0000000000018 0.28151308204073394 0.15320472521179734 0.12998229314717452 0.32476915533968936
decision_type=2 2 2 2 2
left_child=1 2 4 -4 -1
right_child=-2 -3 3 -5 -6
leaf_value=0.0028255380226284879 -0.0077645631851613849 -0.0043458656011345353 0.0023137626149075962 0.017663567515546489 -0.00071767048898033886
leaf_weight=1545 120 170 260 87 1452
leaf_count=1545 120 170 260 87 1452
internal_value=0.00104329 0.0013441 0.00163339 0.00616292 0.00110891
internal_weight=3634 3514 3344 347 2997
internal_count=3634 3514 3344 347 2997
is_linear=0
shrinkage=0.132659


Tree=277
num_leaves=6
num_cat=0
split_feature=1 9 2 4 6
split_gain=0.419853 0.319413 0.872362 0.316002 0.2863
threshold=9350.0000000000018 0.011401544824069793 35.500000000000007 -0.13836647805661398 0.093552332000941235
decision_type=2 2 2 2 2
left_child=1 2 -1 -3 -5
right_child=-2 3 -4 4 -6
leaf_value=0.016095882752135186 -0.0068033256574900076 0.0054049693427353513 -0.00097531398066238919 9.9243311631988415e-05 0.0048104150153252751
leaf_weight=90 120 248 127 2802 247
leaf_count=90 120 248 127 2802 247
internal_value=0.000912311 0.00117582 0.00610556 0.000851333 0.000480921
internal_weight=3634 3514 217 3297 3049
internal_count=3634 3514 217 3297 3049
is_linear=0
shrinkage=0.132659


Tree=278
num_leaves=9
num_cat=1
split_feature=13 2 2 2 2 2 2 2
split_gain=0.353285 0.355742 0.909883 0.641773 0.313011 0.611558 0.223168 0.179304
threshold=0 103.50000000000001 93.500000000000014 190.50000000000003 38.500000000000007 49.000000000000007 91.500000000000014 36.500000000000007
decision_type=1 2 2 2 2 2 2 2
left_child=4 2 6 -3 7 -6 -2 -1
right_child=1 3 -4 -5 5 -7 -8 -9
leaf_value=0.0032992349205707696 -0.00038839636064754503 0.007522500449386584 -0.0087294191299264086 -0.0045414991732992188 -0.0095270103859565365 0.0015690259557378477 0.0070383149838061281 0.0096831291141467705
leaf_weight=776 1125 223 249 119 97 883 76 86
leaf_count=776 1125 223 249 119 97 883 76 86
internal_value=0.000802363 -0.000523748 -0.0014315 0.00332477 0.00209247 0.000470603 8.16558e-05 0.00393632
internal_weight=3634 1792 1450 342 1842 980 1201 862
internal_count=3634 1792 1450 342 1842 980 1201 862
cat_boundaries=0 1
cat_threshold=2
is_linear=0
shrinkage=0.132659


Tree=279
num_leaves=9
num_cat=0
split_feature=9 9 9 1 9 9 9 1
split_gain=0.460128 0.82121 1.88065 0.473954 0.317877 0.291081 0.26252 0.201485
threshold=0.016136681876594176 0.03640402886066027 0.042984206559630721 7750.0000000000009 0.03248906395860502 0.2086068674163977 0.025491377718305369 4475.0000000000009
decision_type=2 2 2 2 2 2 2 2
left_child=3 4 -3 7 6 -4 -2 -1
right_child=1 2 5 -5 -6 -7 -8 -9
leaf_value=-0.0037270401909842345 0.006758762570683946 -0.016377528179295924 -0.00054173784465092075 0.0021078407967317849 0.013165879652550207 0.0033989943290990226 -0.00067314424641868361 -0.011740224300118299
leaf_weight=93 210 129 2339 110 78 384 139 136
leaf_count=93 210 129 2339 110 78 384 139 136
internal_value=-0.000396197 8.48391e-05 -0.000727496 -0.00504884 0.00551038 1.40035e-05 0.00379887 -0.00848647
internal_weight=3618 3279 2852 339 427 2723 349 229
internal_count=3618 3279 2852 339 427 2723 349 229
is_linear=0
shrinkage=0.132659


Tree=280
num_leaves=9
num_cat=0
split_feature=9 6 9 9 9 9 9 9
split_gain=0.358922 0.901402 0.632719 1.47153 0.409789 0.248515 0.220121 0.200753
threshold=0.016136681876594176 -0.0022263621696935122 0.03640402886066027 0.042984206559630721 0.006413881053136364 0.03248906395860502 0.2086068674163977 0.025491377718305369
decision_type=2 2 2 2 2 2 2 2
left_child=1 -1 5 -4 -3 7 -5 -2
right_child=2 4 3 6 -6 -7 -8 -9
leaf_value=-0.016874916495796467 0.0059049162698391073 -0.005496196172788302 -0.014489043504297179 -0.00047291394594979152 0.0050814600668880345 0.011598772154410105 0.0029539785933906395 -0.00059413407373542116
leaf_weight=79 210 142 129 2339 118 78 384 139
leaf_count=79 210 142 129 2339 118 78 384 139
internal_value=-0.000357356 -0.00446659 6.74968e-05 -0.000645543 -0.000695538 0.00482985 1.03631e-05 0.00331655
internal_weight=3618 339 3279 2852 260 427 2723 349
internal_count=3618 339 3279 2852 260 427 2723 349
is_linear=0
shrinkage=0.132659


Tree=281
num_leaves=9
num_cat=0
split_feature=1 1 4 4 4 1 1 1
split_gain=0.19344 0.68797 0.424246 0.732168 0.310362 0.196493 0.384664 0.300695
threshold=8050.0000000000009 7450.0000000000009 -0.039314367163484049 -0.067587609578911773 -0.089993917764686834 4725.0000000000009 5900.0000000000009 4575.0000000000009
decision_type=2 2 2 2 2 2 2 2
left_child=1 5 3 4 -2 7 -7 -1
right_child=2 -3 -4 -5 -6 6 -8 -9
leaf_value=-0.00044020860149007122 0.00054034832482781911 -0.0071932765024872577 0.0084831345081152736 -0.011231330599286998 0.0095155815427940462 0.0037622934352575218 -0.0016416138701932966 -0.0066163548720527101
leaf_weight=1587 370 268 131 85 83 530 412 152
leaf_count=1587 370 268 131 85 83 530 412 152
internal_value=-0.000322871 -0.000784881 0.00171367 6.51284e-05 0.0021851 -0.00014424 0.00139881 -0.000980102
internal_weight=3618 2949 669 538 453 2681 942 1739
internal_count=3618 2949 669 538 453 2681 942 1739
is_linear=0
shrinkage=0.132659


Tree=282
num_leaves=7
num_cat=0
split_feature=2 3 3 2 9 3
split_gain=0.449915 0.408014 0.791 0.799328 0.69321 0.308789
threshold=191.50000000000003 4581.6000000000013 4586.3000000000011 185.50000000000003 0.011943397008025939 4563.0090000000009
decision_type=2 2 2 2 2 2
left_child=1 4 -3 -4 -1 -6
right_child=-2 2 3 -5 5 -7
leaf_value=0.012699878943688377 0.0064659944861368687 -0.014250188873119194 -0.00058453072876023249 -0.013428548367444677 -5.5767027140775497e-05 0.0083235681625997825
leaf_weight=88 170 84 2026 89 1143 83
leaf_count=88 170 84 2026 89 1143 83
internal_value=-0.000198888 -0.000521442 -0.00162658 -0.00112511 0.00132802 0.000511612
internal_weight=3683 3513 2199 2115 1314 1226
internal_count=3683 3513 2199 2115 1314 1226
is_linear=0
shrinkage=0.132659


Tree=283
num_leaves=8
num_cat=0
split_feature=2 1 9 2 2 9 10
split_gain=0.343556 0.369844 0.264267 0.260583 0.522738 0.315529 0.185447
threshold=191.50000000000003 2875.0000000000005 0.056537849534888766 184.50000000000003 182.50000000000003 0.12751445383422616 0.15192926942680532
decision_type=2 2 2 2 2 2 2
left_child=1 2 -1 4 -3 -5 -2
right_child=6 3 -4 5 -6 -7 -8
leaf_value=0.010450595004562746 0.00071203810706994808 -0.00089604553931491927 0.0016774849120262804 -0.0019544727534958417 0.0087707224550077033 -0.01221224195779038 0.0095361642655675139
leaf_weight=78 75 2812 268 178 102 75 95
leaf_count=78 75 2812 268 178 102 75 95
internal_value=-0.000180439 -0.000462301 0.00365564 -0.00091221 -0.000557628 -0.00499591 0.00564362
internal_weight=3683 3513 346 3167 2914 253 170
internal_count=3683 3513 346 3167 2914 253 170
is_linear=0
shrinkage=0.132659


Tree=284
num_leaves=10
num_cat=0
split_feature=3 3 7 9 9 9 9 3 7
split_gain=0.262498 0.555596 0.942587 0.473824 0.296989 0.275676 0.686468 0.23916 0.192394
threshold=4583.125500000001 4626.0000000000009 0.51948173719832724 0.011943397008025939 0.020284627006317477 0.017573358018743424 0.042984206559630721 2905.3000000000006 0.32476915533968936
decision_type=2 2 2 2 2 2 2 2 2
left_child=3 2 -2 -1 -5 8 -7 -6 -3
right_child=1 5 -4 4 7 6 -8 -9 -10
leaf_value=0.010240309488038541 -0.01310465767746553 0.0010618535590060476 0.0045861959537203496 -0.0068105790218936637 -0.0048158597785992099 -0.0066941162548310859 0.00029332540266979333 0.0016879268664906914 0.0098456137448805874
leaf_weight=96 157 110 80 89 109 295 1534 1140 73
leaf_count=96 157 110 80 89 109 295 1534 1140 73
internal_value=-0.000163893 -0.00105818 -0.00713314 0.00123865 0.000592668 -0.000342536 -0.000833729 0.00112029 0.00456633
internal_weight=3683 2249 237 1434 1338 2012 1829 1249 183
internal_count=3683 2249 237 1434 1338 2012 1829 1249 183
is_linear=0
shrinkage=0.132659


Tree=285
num_leaves=7
num_cat=0
split_feature=10 6 4 6 1 5
split_gain=0.31272 0.403153 0.382021 0.868669 0.652212 0.310876
threshold=0.19518838624087725 0.091010933190361187 0.035740411596626304 0.0164481013792219 3025.0000000000005 0.26017529114362187
decision_type=2 2 2 2 2 2
left_child=1 2 4 -4 -1 -3
right_child=-2 5 3 -5 -6 -7
leaf_value=-0.0089254045933091983 0.0084025752489646013 -0.00095024604611106177 0.0092416942228040946 0.00040486769959930633 -0.00011985503515187597 -0.011905081336948233
leaf_weight=160 79 97 244 990 1976 86
leaf_count=160 79 97 244 990 1976 86
internal_value=0.000148297 -3.52707e-05 0.000294034 0.00215228 -0.000779511 -0.00609903
internal_weight=3632 3553 3370 1234 2136 183
internal_count=3632 3553 3370 1234 2136 183
is_linear=0
shrinkage=0.132659


Tree=286
num_leaves=11
num_cat=0
split_feature=10 10 9 9 10 9 4 5 5 10
split_gain=0.243728 0.738186 0.480799 0.67922 0.468914 0.85105 0.35523 0.25043 0.595745 0.326337
threshold=0.13927415101004784 0.12686527067927675 0.073284881592977677 0.14574401013878216 0.11990108926159428 0.098339319026696195 0.0064141298527253211 0.36803277692246522 0.29482003443590377 0.18316374999571969
decision_type=2 2 2 2 2 2 2 2 2 2
left_child=1 4 -3 -4 6 -6 -1 8 9 -2
right_child=7 2 3 -5 5 -7 -8 -9 -10 -11
leaf_value=-0.0017544353788748084 0.0055215824661780455 -0.013577806634516739 0.0057277225350885691 -0.011669706380266659 0.015741471833254143 -0.0016839351952788969 0.0013889949262192343 0.0090598987360921927 -0.0097164252937940523 -0.0020179208060556635
leaf_weight=1281 323 113 86 73 93 105 1250 88 73 147
leaf_count=1281 323 113 86 73 93 105 1250 88 73 147
internal_value=0.000125857 -0.000372452 -0.0069625 -0.00226013 0.000284415 0.00650132 -0.000201971 0.00249574 0.00143169 0.00316349
internal_weight=3632 3001 272 159 2729 198 2531 631 543 470
internal_count=3632 3001 272 159 2729 198 2531 631 543 470
is_linear=0
shrinkage=0.132659


Tree=287
num_leaves=11
num_cat=0
split_feature=0 0 5 0 3 3 3 5 5 6
split_gain=0.295501 0.65575 0.766203 0.374841 0.36655 1.33873 0.541468 0.316529 0.531577 0.299246
threshold=27.950000000000003 39.550000000000004 0.20916467924786325 23.350000000000005 4660.6000000000013 4595.1000000000013 6015.5000000000009 0.20841930521486954 0.24167585055918078 -0.0065310559565554841
decision_type=2 2 2 2 2 2 2 2 2 2
left_child=3 2 -2 7 5 -3 -6 9 -9 -1
right_child=1 4 -4 -5 6 -7 -8 8 -10 -11
leaf_value=0.0016328298251892953 -0.018959816488188962 0.00059954923713159106 -9.7567579620138259e-05 0.011209561841698626 0.011301938260770519 -0.0095227956587291881 0.0007838348522460222 -0.0068711314585760625 0.0022141546174027325 0.012121359235221049
leaf_weight=115 72 1068 80 75 93 293 1164 153 437 82
leaf_count=115 72 1068 80 75 93 293 1164 153 437 82
internal_value=0.000104492 -0.000563015 -0.0090334 0.00224947 -7.11744e-05 -0.0015797 0.00156216 0.00139537 -0.000141978 0.00599926
internal_weight=3632 2770 152 862 2618 1361 1257 787 590 197
internal_count=3632 2770 152 862 2618 1361 1257 787 590 197
is_linear=0
shrinkage=0.132659


Tree=288
num_leaves=11
num_cat=0
split_feature=0 0 5 0 1 0 9 0 0 0
split_gain=0.644032 0.784395 0.904743 0.649538 0.505826 0.673262 0.643347 0.248913 0.432486 0.383996
threshold=203.85000000000005 267.50000000000006 0.20973374836979694 173.45000000000002 8850.0000000000018 18.750000000000004 0.14574401013878216 508.05000000000007 613.10000000000014 468.70000000000005
decision_type=2 2 2 2 2 2 2 2 2 2
left_child=3 2 -2 4 6 -6 -1 9 -9 -3
right_child=1 7 -4 -5 5 -7 -8 8 -10 -11
leaf_value=0.0017593198495328556 -0.00049024130159799905 -0.0015580228847848385 -0.017362342973208721 0.011387046638099661 -0.00070179000638590156 0.016845793651111291 -0.0044520032345422966 0.0065560709704804267 -0.00085673227699226313 -0.01152291719068007
leaf_weight=1300 108 533 116 113 75 79 379 175 664 78
leaf_count=1300 108 533 116 113 75 79 379 175 664 78
internal_value=-1.46508e-05 -0.00192242 -0.00922821 0.00162646 0.00102465 0.00830069 0.000357209 -0.000793711 0.000689535 -0.00283041
internal_weight=3620 1674 224 1946 1833 154 1679 1450 839 611
internal_count=3620 1674 224 1946 1833 154 1679 1450 839 611
is_linear=0
shrinkage=0.132659


Tree=289
num_leaves=11
num_cat=0
split_feature=0 0 5 0 2 2 2 0 0 0
split_gain=0.502438 0.622864 0.718283 0.496953 0.394525 0.918107 0.823684 0.189854 0.326471 0.293398
threshold=203.85000000000005 267.50000000000006 0.20973374836979694 173.45000000000002 58.500000000000007 40.500000000000007 91.500000000000014 508.05000000000007 613.10000000000014 468.70000000000005
decision_type=2 2 2 2 2 2 2 2 2 2
left_child=3 2 -2 4 5 -1 -6 9 -9 -3
right_child=1 7 -4 -5 6 -7 -8 8 -10 -11
leaf_value=0.00071336218046294466 -0.00042642045801278991 -0.0013625892818380867 -0.015459719629793221 0.0099702362373622847 -0.01400573879945604 0.010701039655587892 9.8676637266718021e-05 0.0056963711395724634 -0.00074410911967961026 -0.010072993919072936
leaf_weight=1007 108 533 116 113 84 193 549 175 664 78
leaf_count=1007 108 533 116 113 84 193 549 175 664 78
internal_value=-1.67992e-05 -0.00170185 -0.00821209 0.00143273 0.000906326 0.00231984 -0.0017733 -0.000696051 0.000599337 -0.0024748
internal_weight=3620 1674 224 1946 1833 1200 633 1450 839 611
internal_count=3620 1674 224 1946 1833 1200 633 1450 839 611
is_linear=0
shrinkage=0.132659


Tree=290
num_leaves=9
num_cat=0
split_feature=0 0 5 0 0 4 5 5
split_gain=0.388744 0.494493 0.57012 0.413799 0.935339 0.543144 0.35113 0.369642
threshold=203.85000000000005 267.50000000000006 0.20973374836979694 104.05000000000003 81.850000000000009 0.068446070038831811 0.16708796888738656 0.18859835827040058
decision_type=2 2 2 2 2 2 2 2
left_child=3 2 -2 4 5 -1 -5 -8
right_child=1 -3 -4 6 -6 -7 7 -9
leaf_value=0.0033713387217036198 -0.00037090796528690631 -0.00061039107353347819 -0.013764274811563124 -0.0037060813095589813 -0.01007958459180101 -0.0020589397436762713 0.012679017827015153 0.0036296315620969752
leaf_weight=837 108 1450 116 71 141 529 116 252
leaf_count=837 108 1450 116 71 141 529 116 252
internal_value=-2.43789e-05 -0.00150657 -0.00730726 0.00125064 0.000206542 0.0012684 0.00483468 0.00648259
internal_weight=3620 1674 224 1946 1507 1366 439 368
internal_count=3620 1674 224 1946 1507 1366 439 368
is_linear=0
shrinkage=0.132659


Tree=291
num_leaves=12
num_cat=0
split_feature=3 9 5 3 9 10 6 10 9 1 6
split_gain=0.632529 0.463095 0.638395 0.975677 0.974539 0.32482 0.347998 0.481041 0.284612 0.582851 0.288278
threshold=2956.5000000000005 0.047225591817281816 0.22847820582037881 7895.9000000000005 0.0077969893808054443 0.054183766113241293 0.0085197898857441914 0.093789833998801267 0.060302334235291723 4825.0000000000009 -0.10521651560894212
decision_type=2 2 2 2 2 2 2 2 2 2 2
left_child=5 2 4 -4 -2 -1 7 -7 9 -3 -10
right_child=1 8 3 -5 -6 6 -8 -9 10 -11 -12
leaf_value=-0.012044092868834233 -0.010808956713534806 0.0037141959209299634 -0.0010006789821170705 0.015560859980326722 0.0034377930868404486 0.0077644257675515945 -0.0076160136711654882 -0.0040607686401143263 -0.0078575098818118617 -0.0099305641942260131 0.00057746596377571114
leaf_weight=80 102 90 105 155 492 94 165 170 74 142 1946
leaf_count=80 102 90 105 155 492 94 165 170 74 142 1946
internal_value=5.01133e-05 0.000760482 0.00339087 0.00887289 0.000991149 -0.00428455 -0.00283714 0.000149922 -0.000237025 -0.00463743 0.0002684
internal_weight=3615 3106 854 260 594 509 429 264 2252 232 2020
internal_count=3615 3106 854 260 594 509 429 264 2252 232 2020
is_linear=0
shrinkage=0.132659


Tree=292
num_leaves=11
num_cat=0
split_feature=3 0 4 0 0 0 3 3 3 0
split_gain=0.483627 0.319893 1.11147 0.780667 0.311003 0.777716 0.435142 0.779021 0.700284 0.417137
threshold=2956.5000000000005 40.550000000000004 -0.063869962177091733 128.70000000000005 29.850000000000005 40.550000000000004 4660.6000000000013 4586.3000000000011 7780.2175000000016 65.600000000000009
decision_type=2 2 2 2 2 2 2 2 2 2
left_child=1 2 -1 -3 6 -6 7 -2 -8 -7
right_child=4 3 -4 -5 5 9 8 -9 -10 -11
leaf_value=0.0031581694738354771 -0.0038673074597698788 0.0076870288299582309 -0.018936412154177851 -0.0057931716297278096 0.012190930997049942 -0.0052781902005389937 -0.015994705842561508 0.0075092522838112073 -0.0017413823194015084 0.0013968859338105417
leaf_weight=75 246 111 86 237 112 179 82 186 233 2068
leaf_count=75 246 111 86 237 112 179 82 186 233 2068
internal_value=3.47689e-05 -0.0037555 -0.0086446 -0.00149329 0.000655922 0.00140291 -0.00170301 0.00103102 -0.00545241 0.000865102
internal_weight=3615 509 161 348 3106 2359 747 432 315 2247
internal_count=3615 509 161 348 3106 2359 747 432 315 2247
is_linear=0
shrinkage=0.132659


Tree=293
num_leaves=13
num_cat=0
split_feature=0 0 0 4 10 0 1 5 5 5 9 9
split_gain=0.353608 0.482629 1.04022 0.569482 0.486686 0.40946 0.660123 0.393365 0.689295 0.494885 0.354697 0.243653
threshold=32.150000000000013 98.950000000000017 72.700000000000003 0.039626139528236119 0.090564316943337747 18.750000000000004 4050.0000000000005 0.22847820582037881 0.23792996201568692 0.21536135695767314 0.26090554860741594 0.1497706053621756
decision_type=2 2 2 2 2 2 2 2 2 2 2 2
left_child=5 2 3 -2 -4 10 -7 9 -9 -3 11 -1
right_child=1 7 4 -5 -6 6 -8 8 -10 -11 -12 -13
leaf_value=-0.00038014653004699728 -0.0028363108475319694 -0.0010215895970445762 0.02027700573756952 0.0079191151063974612 0.0055735837766522668 -0.017820294459112936 -0.0017566669345918265 0.01158348034195617 0.00042571532680941906 -0.010159821811739821 0.0074430858970503657 -0.0064991522569264101
leaf_weight=484 268 718 84 128 75 71 123 106 1204 122 82 150
leaf_count=484 268 718 84 128 75 71 123 106 1204 122 82 150
internal_value=3.11397e-05 0.000792131 0.0042797 0.000640363 0.0133427 -0.0022309 -0.00763663 -0.000108173 0.00132869 -0.00234898 -0.000766074 -0.00182799
internal_weight=3615 2705 555 396 159 910 194 2150 1310 840 716 634
internal_count=3615 2705 555 396 159 910 194 2150 1310 840 716 634
is_linear=0
shrinkage=0.132659


Tree=294
num_leaves=9
num_cat=0
split_feature=4 4 4 0 2 0 0 3
split_gain=0.36563 0.521707 0.376598 0.365246 0.85119 0.754759 0.234651 0.569472
threshold=0.20066897318214041 0.10562833677401035 0.11284387824843931 106.85000000000001 12.500000000000002 146.15000000000003 41.95000000000001 8066.1000000000013
decision_type=2 2 2 2 2 2 2 2
left_child=1 3 -3 4 -1 -5 7 -2
right_child=6 2 -4 5 -6 -7 -8 -9
leaf_value=0.004583092151548087 0.0060289668043617206 0.013812085478551575 0.0032959577730385346 0.0092648827068116408 -0.0036962341298294194 0.00035170647394373259 -0.0067912708150336615 -0.0091053122756017488
leaf_weight=289 107 71 384 189 896 1448 195 74
leaf_count=289 107 71 384 189 896 1448 195 74
internal_value=0.00031936 0.000768926 0.00493737 9.68081e-05 -0.00167702 0.00138086 -0.00359865 -0.00015877
internal_weight=3653 3277 455 2822 1185 1637 376 181
internal_count=3653 3277 455 2822 1185 1637 376 181
is_linear=0
shrinkage=0.132659


Tree=295
num_leaves=8
num_cat=0
split_feature=3 4 4 3 3 3 3
split_gain=0.32455 0.30161 0.496038 0.567039 0.397693 0.201946 0.23103
threshold=8295.1000000000022 0.20066897318214041 -0.014565489744421513 8145.4000000000005 4526.5000000000009 4660.6000000000013 7961.8000000000011
decision_type=2 2 2 2 2 2 2
left_child=1 2 4 -4 -1 -3 -7
right_child=-2 5 3 -5 -6 6 -8
leaf_value=0.0019944135315905602 -0.006538246423576274 0.00075697967368946822 0.001632411413340344 0.0093037044586593339 -0.0023295537339486482 -0.011632494649716905 -0.0024093236540493742
leaf_weight=592 119 132 1396 193 1018 77 126
leaf_count=592 119 132 1396 193 1018 77 126
internal_value=0.000275419 0.000504884 0.000901478 0.00256425 -0.000739617 -0.00328214 -0.00590843
internal_weight=3653 3534 3199 1589 1610 335 203
internal_count=3653 3534 3199 1589 1610 335 203
is_linear=0
shrinkage=0.132659


Tree=296
num_leaves=7
num_cat=1
split_feature=13 4 4 3 2 4
split_gain=0.275862 0.321379 0.552266 1.27575 0.479172 0.381444
threshold=0 -0.13836647805661398 -0.10688497734242071 4660.6000000000013 93.500000000000014 -0.083455617767454596
decision_type=1 2 2 2 2 2
left_child=-1 4 3 -3 -2 -4
right_child=1 2 5 -5 -6 -7
leaf_value=0.0014016579984115693 0.010798932892295877 0.0017341945922663136 0.0064891407408421047 -0.022166654785757831 -0.0023193301343855132 -0.0013415608193100761
leaf_weight=1814 97 88 119 71 99 1365
leaf_count=1814 97 88 119 71 99 1365
internal_value=0.00024094 -0.000904 -0.00150972 -0.00893966 0.00417321 -0.000713561
internal_weight=3653 1839 1643 159 196 1484
internal_count=3653 1839 1643 159 196 1484
cat_boundaries=0 1
cat_threshold=2
is_linear=0
shrinkage=0.132659


Tree=297
num_leaves=5
num_cat=0
split_feature=10 9 9 9
split_gain=0.300496 0.3366 0.41215 0.211087
threshold=0.19029034153685673 0.048373909764477106 0.0037947171202809596 0.042984206559630721
decision_type=2 2 2 2
left_child=1 2 -1 -4
right_child=-2 -3 3 -5
leaf_value=-0.0058630046763785242 0.0072318064707618699 -0.000399198705435774 0.0025495778405227251 0.0085777921479098275
leaf_weight=95 118 2510 809 117
leaf_count=95 118 2510 809 117
internal_value=0.000646965 0.000426877 0.00245766 0.00331138
internal_weight=3649 3531 1021 926
internal_count=3649 3531 1021 926
is_linear=0
shrinkage=0.132659


Tree=298
num_leaves=8
num_cat=0
split_feature=2 9 9 9 9 9 9
split_gain=0.249325 0.245857 0.313223 0.349692 0.185846 0.413221 0.236467
threshold=103.50000000000001 0.32653874459779608 0.054152755201650575 0.0037947171202809596 0.16299409054565178 0.10034069678650286 0.024836359449227619
decision_type=2 2 2 2 2 2 2
left_child=1 2 3 -1 5 6 -2
right_child=4 -3 -4 -5 -6 -7 -8
leaf_value=-0.0069105781558012058 -0.0013472951371254281 0.0062235216025074156 -0.0011728638177628873 0.0025292037085224216 0.0073208446770840251 -0.0035931564674693368 0.006191919710606765
leaf_weight=75 99 109 1910 870 132 173 281
leaf_count=75 99 109 1910 870 132 173 281
internal_value=0.000567752 4.0592e-05 -0.000195496 0.00177991 0.00284872 0.00178104 0.00422777
internal_weight=3649 2964 2855 945 685 553 380
internal_count=3649 2964 2855 945 685 553 380
is_linear=0
shrinkage=0.132659


Tree=299
num_leaves=4
num_cat=0
split_feature=10 9 9
split_gain=0.196778 0.214943 0.248075
threshold=0.19029034153685673 0.048373909764477106 0.0037947171202809596
decision_type=2 2 2
left_child=1 2 -1
right_child=-2 -3 -4
leaf_value=-0.0045125206620351575 0.005826760278167413 -0.00034007166243955146 0.0026052018786835219
leaf_weight=95 118 2510 926
leaf_count=95 118 2510 926
internal_value=0.000498151 0.000320051 0.00194286
internal_weight=3649 3531 1021
internal_count=3649 3531 1021
is_linear=0
shrinkage=0.132659


Tree=300
num_leaves=6
num_cat=0
split_feature=5 3 5 10 5
split_gain=0.614891 0.349282 0.325614 1.2748 0.48171
threshold=0.1506291009516435 2900.0000000000005 0.19504616546522219 0.12538855832818246 0.21034968884562677
decision_type=2 2 2 2 2
left_child=-1 -2 3 -3 -4
right_child=1 2 4 -5 -6
leaf_value=0.0088049957458847198 0.0070949602870920272 -0.0012087792800888114 0.0051653081921448109 -0.01761826290108599 -0.00067787847847755849
leaf_weight=128 102 732 278 94 2322
leaf_count=128 102 732 278 94 2322
internal_value=-0.000226549 -0.000554264 -0.000782032 -0.00307651 -5.30776e-05
internal_weight=3656 3528 3426 826 2600
internal_count=3656 3528 3426 826 2600
is_linear=0
shrinkage=0.132659


Tree=301
num_leaves=9
num_cat=0
split_feature=10 10 10 0 0 1 1 10
split_gain=0.209996 1.52009 0.341129 0.329379 0.565315 0.327719 0.346625 0.324283
threshold=0.14245359493246132 0.13595384960421503 0.14918571763351632 52.95000000000001 351.60000000000008 7050.0000000000009 7850.0000000000009 0.12304202070352986
decision_type=2 2 2 2 2 2 2 2
left_child=1 5 -2 -4 -5 7 -7 -1
right_child=2 -3 3 4 -6 6 -8 -9
leaf_value=0.0013806175650099514 0.0092241109712055628 -0.01559527971098398 -0.0066072228209338854 0.0093135120284426158 -0.0014600979547938907 -0.0060143507354235171 -0.00038598291033287667 -0.0042735732168360544
leaf_weight=1900 99 115 89 133 241 284 598 197
leaf_count=1900 99 115 89 133 241 284 598 197
internal_value=-0.000202229 -0.000630727 0.00215674 0.0006453 0.00237139 -5.29594e-05 -0.00219837 0.000849411
internal_weight=3656 3094 562 463 374 2979 882 2097
internal_count=3656 3094 562 463 374 2979 882 2097
is_linear=0
shrinkage=0.132659


Tree=302
num_leaves=5
num_cat=0
split_feature=5 3 5 5
split_gain=0.458277 0.252492 0.25324 0.448011
threshold=0.14617474959800519 2900.0000000000005 0.3929870779144945 0.34942746504872574
decision_type=2 2 2 2
left_child=-1 -2 3 -3
right_child=1 2 -4 -5
leaf_value=0.0091635413836287649 0.0060840400672064997 -0.00068337096030047497 0.0031122537335015444 -0.010028126715683755
leaf_weight=90 102 3077 294 93
leaf_count=90 102 3077 294 93
internal_value=-0.000184607 -0.00042058 -0.000612142 -0.000957574
internal_weight=3656 3566 3464 3170
internal_count=3656 3566 3464 3170
is_linear=0
shrinkage=0.132659


Tree=303
num_leaves=8
num_cat=0
split_feature=10 2 1 2 10 4 4
split_gain=0.650001 0.680171 0.596491 0.454957 0.3288 0.288612 0.335537
threshold=0.049118266336220961 30.500000000000004 7950.0000000000009 12.500000000000002 0.052476130570704153 0.26549690962663924 -0.060508568640408433
decision_type=2 2 2 2 2 2 2
left_child=1 2 3 -1 -2 6 -6
right_child=4 -3 -4 -5 5 -7 -8
leaf_value=-0.0018663784243599629 0.0079082003924040457 -0.01389645493613478 -0.011109127129484739 0.008262236781936742 0.0024496302487470268 0.00630115654028274 -0.00062832036341942425
leaf_weight=383 121 94 99 98 993 161 1674
leaf_count=383 121 94 99 98 993 161 1674
internal_value=0.000287278 -0.00342944 -0.00173272 0.000197449 0.00113676 0.000846987 0.000517695
internal_weight=3623 674 580 481 2949 2828 2667
internal_count=3623 674 580 481 2949 2828 2667
is_linear=0
shrinkage=0.132659


Tree=304
num_leaves=11
num_cat=0
split_feature=9 3 5 3 10 9 9 2 9 10
split_gain=0.613977 0.56602 1.1244 0.467208 0.298335 0.56243 0.611087 0.293939 0.242573 0.214958
threshold=0.037126442442328662 7744.4000000000005 0.23724850519669824 4658.1665000000003 0.058663404934755838 0.072277560623024331 0.063781271652892421 30.500000000000004 0.26797268646111977 0.11739721558028149
decision_type=2 2 2 2 2 2 2 2 2 2
left_child=1 3 -3 9 7 6 -6 -2 -7 -1
right_child=4 2 -4 -5 5 8 -8 -9 -10 -11
leaf_value=-0.0013241758589625291 -7.230812090326956e-05 -0.021589143357938156 -0.0016106452540573003 0.0075044536346487219 0.0029514604463091797 0.0002999748736099847 0.01373791654137501 -0.0075216226372764958 0.0057133679743459672 -0.0090276690783359561
leaf_weight=370 511 78 136 97 326 1625 129 114 160 77
leaf_count=370 511 78 136 97 326 1625 129 114 160 77
internal_value=0.000243229 -0.00311414 -0.00889362 -0.000840397 0.00113151 0.00184657 0.00600998 -0.00143123 0.000785258 -0.00265146
internal_weight=3623 758 214 544 2865 2240 455 625 1785 447
internal_count=3623 758 214 544 2865 2240 455 625 1785 447
is_linear=0
shrinkage=0.132659


Tree=305
num_leaves=9
num_cat=0
split_feature=9 6 1 10 6 10 2 4
split_gain=0.478048 1.14035 0.692519 0.849443 0.31076 0.362918 0.517538 0.260211
threshold=0.037126442442328662 0.0085197898857441914 8150.0000000000009 0.049453170269718384 0.13127969247038115 0.15509935532936453 91.500000000000014 0.062879581750942479
decision_type=2 2 2 2 2 2 2 2
left_child=1 2 3 -1 5 6 -2 -7
right_child=4 -3 -4 -5 -6 7 -8 -9
leaf_value=-0.0048653242820994522 -5.7247051152077446e-06 -0.014066888772208965 -0.012377994441234722 0.0056578925659580039 0.0081058542482591138 -0.00076993259966509511 0.0041951370639095329 -0.0088470133905214927
leaf_weight=234 1711 130 75 319 104 204 739 107
leaf_count=234 1711 130 75 319 104 204 739 107
internal_value=0.000203885 -0.00275862 -0.000417432 0.00120501 0.000987694 0.000719524 0.00126141 -0.00354919
internal_weight=3623 758 628 553 2865 2761 2450 311
internal_count=3623 758 628 553 2865 2761 2450 311
is_linear=0
shrinkage=0.132659


Tree=306
num_leaves=9
num_cat=0
split_feature=5 6 5 5 5 6 5 6
split_gain=0.361813 0.333627 0.690131 0.608912 0.381976 0.36436 0.339595 0.254592
threshold=0.14767737986486648 0.039181213891895779 0.2674851774549894 0.36242716987560225 0.24014612081383702 -0.022052648532907147 0.19302463285189569 -0.0084527840166214747
decision_type=2 2 2 2 2 2 2 2
left_child=-1 5 4 -4 -3 6 -2 -7
right_child=1 2 3 -5 -6 7 -8 -9
leaf_value=-0.0079055747714355737 0.0049172156397839254 -0.00086972378043016492 -0.013032049213283896 -0.00053324668142053536 0.009225527614834186 0.0048403534272496536 -0.002011162110738738 0.001205460916457315
leaf_weight=96 145 321 152 125 83 448 880 1395
leaf_count=96 145 321 152 125 83 448 880 1395
internal_value=0.000129841 0.000347233 -0.00229228 -0.00739217 0.00120458 0.000973989 -0.00103099 0.00208907
internal_weight=3645 3549 681 277 404 2868 1025 1843
internal_count=3645 3549 681 277 404 2868 1025 1843
is_linear=0
shrinkage=0.132659


Tree=307
num_leaves=8
num_cat=0
split_feature=5 5 5 0 6 6 0
split_gain=0.276439 0.280909 0.881294 0.360109 0.638215 0.456348 0.268524
threshold=0.14767737986486648 0.17728539750959382 0.18088982923063499 114.75000000000001 -0.0022263621696935122 0.012921659212982732 296.75000000000006
decision_type=2 2 2 2 2 2 2
left_child=-1 3 -3 4 -2 -5 -4
right_child=1 2 6 5 -6 -7 -8
leaf_value=-0.0069116218126597743 -0.0067499382696575121 -0.013483331610578343 -0.00086049283644637898 0.012134954426765878 0.0072030189477087113 0.000730199334672977 0.0016881889075580426
leaf_weight=96 128 85 1725 132 105 116 1258
leaf_count=96 128 85 1725 132 105 116 1258
internal_value=0.000112079 0.000302101 -0.000165219 0.00328276 -0.000462048 0.00680088 0.000214347
internal_weight=3645 3549 3068 481 233 248 2983
internal_count=3645 3549 3068 481 233 248 2983
is_linear=0
shrinkage=0.132659


Tree=308
num_leaves=5
num_cat=0
split_feature=10 5 5 5
split_gain=0.31386 0.228597 0.213894 0.348148
threshold=0.18931463921927796 0.14931482818692607 0.17281704313325993 0.17921267112257541
decision_type=2 2 2 2
left_child=1 -1 -3 -4
right_child=-2 2 3 -5
leaf_value=-0.0056585261669484643 -0.0064687778995743917 0.003594599792706832 -0.0060128249327430052 0.00047948495796508277
leaf_weight=109 124 355 153 2904
leaf_count=109 124 355 153 2904
internal_value=9.03711e-05 0.000321396 0.000512458 0.00015452
internal_weight=3645 3521 3412 3057
internal_count=3645 3521 3412 3057
is_linear=0
shrinkage=0.132659


Tree=309
num_leaves=5
num_cat=0
split_feature=2 10 10 2
split_gain=0.444697 0.406604 0.526674 0.297974
threshold=192.50000000000003 0.026958662401292997 0.036203119022055218 33.500000000000007
decision_type=2 2 2 2
left_child=1 -1 -3 -4
right_child=-2 2 3 -5
leaf_value=0.0077080071928706121 0.0086640211999111164 -0.0077081540638838557 0.0018683844412799978 -0.00081467337151204511
leaf_weight=116 107 160 1097 2168
leaf_count=116 107 160 1097 2168
internal_value=0.00023888 -1.5744e-05 -0.000277373 8.6805e-05
internal_weight=3648 3541 3425 3265
internal_count=3648 3541 3425 3265
is_linear=0
shrinkage=0.132659


Tree=310
num_leaves=6
num_cat=0
split_feature=2 6 6 6 6
split_gain=0.336612 0.414182 0.18906 0.219959 0.200772
threshold=192.50000000000003 -0.11051404571910346 -0.06374472895028957 -0.045496197405151546 -0.075825937062823021
decision_type=2 2 2 2 2
left_child=1 -1 4 -4 -3
right_child=-2 2 3 -5 -6
leaf_value=-0.0095120063384318155 0.0075363183619707426 0.00076330509352751997 -0.0047448482557799427 0.00019856207392917385 0.0089117280715957942
leaf_weight=79 107 137 167 3071 87
leaf_count=79 107 137 167 3071 87
internal_value=0.000206216 -1.53134e-05 0.000201436 -5.64159e-05 0.00392852
internal_weight=3648 3541 3462 3238 224
internal_count=3648 3541 3462 3238 224
is_linear=0
shrinkage=0.132659


Tree=311
num_leaves=3
num_cat=0
split_feature=2 2
split_gain=0.254852 0.222105
threshold=192.50000000000003 190.50000000000003
decision_type=2 2
left_child=1 -1
right_child=-2 -3
leaf_value=0.00017093491342525067 0.0065553960076115666 -0.0059384501352751033
leaf_weight=3433 107 108
leaf_count=3433 107 108
internal_value=0.000177331 -1.54257e-05
internal_weight=3648 3541
internal_count=3648 3541
is_linear=0
shrinkage=0.132659


Tree=312
num_leaves=8
num_cat=0
split_feature=6 0 0 6 2 4 2
split_gain=0.900118 0.328901 0.980946 0.624859 0.596362 0.483726 0.275656
threshold=0.15383207311145256 251.85000000000005 270.80000000000007 0.061149974887668733 96.500000000000014 0.074510086567026887 30.500000000000004
decision_type=2 2 2 2 2 2 2
left_child=1 3 -3 5 -5 -1 -4
right_child=-2 2 6 4 -6 -7 -8
leaf_value=0.0018995298547370874 -0.014441311289337044 -0.015748675560998952 0.0027049528028820161 0.018540811179247014 0.0029732296475889677 -0.0036782752311040122 -0.0013790330855832332
leaf_weight=1534 72 75 412 71 111 333 989
leaf_count=1534 72 75 412 71 111 333 989
internal_value=0.000240461 0.000540409 -0.00096937 0.00162798 0.00904742 0.000904642 -0.000178013
internal_weight=3597 3525 1476 2049 182 1867 1401
internal_count=3597 3525 1476 2049 182 1867 1401
is_linear=0
shrinkage=0.132659


Tree=313
num_leaves=11
num_cat=0
split_feature=2 9 4 2 9 5 9 9 9 9
split_gain=0.343609 0.426428 0.911033 0.952667 0.698656 0.501697 0.352195 0.428365 0.26082 0.192466
threshold=184.50000000000003 0.023461790974109036 -0.0015250298837148262 35.500000000000007 0.028351071419590101 0.17401420585285834 0.15589943282953431 0.03640402886066027 0.3543325479191759 0.062723583100546723
decision_type=2 2 2 2 2 2 2 2 2 2
left_child=1 2 3 -1 -3 -4 7 -2 -6 -9
right_child=6 4 5 -5 8 -7 -8 9 -10 -11
leaf_value=0.00058273082936244336 -0.010276326933232138 -0.011988053418592661 -0.0097562454399171411 0.017991718131341861 0.00068514958004203873 0.0034846603370026377 -0.011031302929164585 0.0069324456860799816 -0.0066996016394136864 -0.0011151720011746405
leaf_weight=98 75 82 83 127 2570 128 84 72 87 191
leaf_count=98 75 82 83 127 2570 128 84 72 87 191
internal_value=0.000211761 0.000684463 0.00453773 0.0104097 7.10665e-05 -0.00172418 -0.00334458 -0.00143383 0.000443305 0.00108826
internal_weight=3597 3175 436 225 2739 211 422 338 2657 263
internal_count=3597 3175 436 225 2739 211 422 338 2657 263
is_linear=0
shrinkage=0.132659


Tree=314
num_leaves=8
num_cat=0
split_feature=6 5 2 4 6 10 5
split_gain=0.64162 0.258295 1.04024 0.941023 0.451366 0.380502 0.287613
threshold=0.15383207311145256 0.2872997092489798 36.500000000000007 0.10712162345884509 0.10289775731201804 0.081814840814703652 0.19302463285189569
decision_type=2 2 2 2 2 2 2
left_child=1 4 5 -4 6 -3 -1
right_child=-2 2 3 -5 -6 -7 -8
leaf_value=0.0021338908881555802 -0.012213445930306056 0.0030237085177263678 0.0019070594165342615 0.021091335864431862 -0.0096774654813780933 -0.0046812372597858096 -0.0007374005202946724
leaf_weight=907 72 245 91 89 84 209 1900
leaf_count=907 72 245 91 89 84 209 1900
internal_value=0.000182155 0.000435397 0.00286026 0.0113937 -9.63891e-05 -0.000523315 0.000190379
internal_weight=3597 3525 634 180 2891 454 2807
internal_count=3597 3525 634 180 2891 454 2807
is_linear=0
shrinkage=0.132659


Tree=315
num_leaves=13
num_cat=0
split_feature=9 4 6 3 4 5 5 3 5 3 3 3
split_gain=0.92752 0.579335 0.607499 0.559203 0.822828 0.650635 0.472735 0.313473 0.280306 0.21018 0.250546 0.24324
threshold=0.080695032873970882 -0.014565489744421513 0.025765380168359744 4635.1195000000016 -0.028203858479984481 0.19504616546522219 0.2346582483243782 8189.0000000000009 0.19436387035711397 4666.0000000000009 4600.1000000000013 7704.3000000000011
decision_type=2 2 2 2 2 2 2 2 2 2 2 2
left_child=1 3 6 4 -1 -5 -3 9 -4 10 -2 -11
right_child=7 2 8 5 -6 -7 -8 -9 -10 11 -12 -13
leaf_value=-0.0064983894547824012 0.0017113818720004908 -0.0018451043636857362 -0.003050319831725456 0.0086310011135229785 -0.022493034468941218 -0.0053334195215934636 0.0048468340157579457 -0.003435628266208017 -0.014636587761063144 0.0083101947942098506 -0.0030796676997080696 0.0022618980318631129
leaf_weight=279 829 564 73 76 71 258 277 231 74 149 250 545
leaf_count=279 829 564 73 76 71 258 277 231 74 149 250 545
internal_value=-0.000763977 -0.00307092 -0.00101627 -0.00603866 -0.00974391 -0.00215561 0.000359065 0.00116079 -0.00888385 0.00175967 0.000601282 0.00356062
internal_weight=3676 1672 988 684 350 334 841 2004 147 1773 1079 694
internal_count=3676 1672 988 684 350 334 841 2004 147 1773 1079 694
is_linear=0
shrinkage=0.132659


Tree=316
num_leaves=12
num_cat=0
split_feature=9 4 0 0 0 0 9 5 10 10 0
split_gain=0.72229 0.429008 0.600016 1.18822 0.325884 0.6939 0.230172 0.308765 0.215608 0.424766 0.179104
threshold=0.085760073997043842 -0.014565489744421513 236.90000000000001 36.850000000000009 27.150000000000006 98.950000000000017 0.10688832726830562 0.28602489602586156 0.059664527658672188 0.06937970442101167 312.95000000000005
decision_type=2 2 2 2 2 2 2 2 2 2 2
left_child=1 2 3 -1 -3 -6 7 -2 -8 -10 -4
right_child=6 4 10 -5 5 -7 8 -9 9 -11 -12
leaf_value=0.0013107260593711509 0.0059342415248880218 -0.0069155501950175415 0.0054346392846497281 -0.012620956356631704 0.0063930421727100839 -0.0020857696670694486 -0.0036114152668677807 -0.0030967463761809354 0.0094990544584470198 0.00033024324275675814 -0.0021565571856462266
leaf_weight=164 308 135 76 314 228 666 206 85 96 1203 195
leaf_count=164 308 135 76 314 228 666 206 85 96 1203 195
internal_value=-0.000677604 -0.00259885 -0.0050141 -0.00784116 -0.000840755 7.66844e-05 0.00112218 0.00398092 0.000375637 0.00100796 -2.74523e-05
internal_weight=3676 1778 749 478 1029 894 1898 393 1505 1299 271
internal_count=3676 1778 749 478 1029 894 1898 393 1505 1299 271
is_linear=0
shrinkage=0.132659


Tree=317
num_leaves=8
num_cat=0
split_feature=10 6 6 6 6 6 10
split_gain=0.3298 0.399727 0.259177 0.471859 0.634632 0.45624 0.638293
threshold=0.035376488043195008 0.001223274243240738 0.00030799389255789565 0.0062832196105539924 0.010063242395355382 -0.042170385010960425 0.043732378324900949
decision_type=2 2 2 2 2 2 2
left_child=1 -1 5 -4 -5 -2 -7
right_child=2 -3 3 4 -6 6 -8
leaf_value=-0.00074572418270221828 0.0015373717130175303 -0.010985632950458192 0.0079993391234380838 -0.0091264503659452441 0.00093130366773302607 0.0084867139426515765 -0.004066775781319895
leaf_weight=161 572 115 149 119 1526 77 957
leaf_count=161 572 115 149 119 1526 77 957
internal_value=-0.000602699 -0.00501276 -0.000244683 0.000851174 0.000203637 -0.00146882 -0.00313182
internal_weight=3676 276 3400 1794 1645 1606 1034
internal_count=3676 276 3400 1794 1645 1606 1034
is_linear=0
shrinkage=0.132659


Tree=318
num_leaves=8
num_cat=0
split_feature=10 3 4 4 10 4 4
split_gain=0.534371 0.586136 0.323491 0.272144 0.260556 0.320666 0.215326
threshold=0.039392813908053756 4663.4000000000005 -0.17800536719318483 0.020963001506648777 0.047785116928535994 0.065035813424065933 -0.15908359252037024
decision_type=2 2 2 2 2 2 2
left_child=1 3 -2 -1 5 -4 -6
right_child=2 -3 4 -5 6 -7 -8
leaf_value=0.0038656925104801135 0.0074227847911076152 0.011295208435886448 -0.009005136044385513 -0.0063281428702442856 -0.0073123661441678259 0.00081802690675676659 -0.00033543993528611151
leaf_weight=128 85 144 145 72 80 98 2871
leaf_count=128 85 144 145 72 80 98 2871
internal_value=-0.000131652 0.00484232 -0.000653493 0.000195681 -0.00086846 -0.00504373 -0.000524621
internal_weight=3623 344 3279 200 3194 243 2951
internal_count=3623 344 3279 200 3194 243 2951
is_linear=0
shrinkage=0.132659


Tree=319
num_leaves=10
num_cat=0
split_feature=10 3 8 8 4 4 4 10 4
split_gain=0.40845 0.448895 0.262454 0.437783 0.243349 0.345938 0.323992 0.242604 0.208758
threshold=0.039392813908053756 4663.4000000000005 3.7056655090319413 1.9160200268233594 -0.13836647805661398 -0.1502860849163565 0.040732293383533243 0.09560457220593363 0.020963001506648777
decision_type=2 2 2 2 2 2 2 2 2
left_child=1 8 3 -2 5 -4 -6 -5 -1
right_child=2 -3 4 7 6 -7 -8 -9 -10
leaf_value=0.0033809812954675935 -0.0037595266578371966 0.0098802057717059955 -0.0013713825601049498 0.010233878268633348 -0.0032467428586937996 0.010385292157999876 3.1434086560809089e-05 0.0020724041391389819 -0.0055471332053760323
leaf_weight=128 231 144 111 71 1150 73 985 658 72
leaf_count=128 231 144 111 71 1150 73 985 658 72
internal_value=-0.000115541 0.00423307 -0.000571774 0.00127283 -0.00133539 0.00329343 -0.00173434 0.00286749 0.000166656
internal_weight=3623 344 3279 960 2319 184 2135 729 200
internal_count=3623 344 3279 960 2319 184 2135 729 200
is_linear=0
shrinkage=0.132659


Tree=320
num_leaves=4
num_cat=0
split_feature=10 3 4
split_gain=0.330891 0.640727 0.239995
threshold=0.037101021217959211 4663.4000000000005 -0.17800536719318483
decision_type=2 2 2
left_child=1 -1 -2
right_child=2 -3 -4
leaf_value=-0.00058191191869834901 0.006473234199987834 0.012226360949906437 -0.00066687962899183463
leaf_weight=186 85 109 3243
leaf_count=186 85 109 3243
internal_value=-0.000107022 0.00415103 -0.000484484
internal_weight=3623 295 3328
internal_count=3623 295 3328
is_linear=0
shrinkage=0.132659


Tree=321
num_leaves=8
num_cat=0
split_feature=6 6 6 2 6 1 6
split_gain=0.327508 1.12091 0.720522 0.699007 0.440006 0.310854 0.230859
threshold=-0.0039299792741794059 -0.0016999103264114855 0.001223274243240738 191.50000000000003 -0.0072546407142935884 3175.0000000000005 0.088208475683243651
decision_type=2 2 2 2 2 2 2
left_child=3 -2 -3 4 5 -1 -4
right_child=1 2 6 -5 -6 -7 -8
leaf_value=0.0061100900259820562 -0.016946657597092671 0.01089967170415577 -0.0020046893444016149 0.01286470502197052 0.0082086769958033372 -0.00084923911018957719 0.0022022382112900545
leaf_weight=124 79 88 1565 84 118 1266 269
leaf_count=124 79 88 1565 84 118 1266 269
internal_value=-0.000331877 -0.00146158 -0.000824957 0.00108805 0.000431929 -0.000228341 -0.00138763
internal_weight=3593 2001 1922 1592 1508 1390 1834
internal_count=3593 2001 1922 1592 1508 1390 1834
is_linear=0
shrinkage=0.132659


Tree=322
num_leaves=11
num_cat=0
split_feature=7 9 9 9 6 1 6 6 5 9
split_gain=0.252876 0.706269 0.817814 1.42058 0.395732 0.534957 0.381833 0.318383 0.280606 0.274215
threshold=0.33304780332702039 0.0089646697588042761 0.020284627006317477 0.033383608445138747 -0.0039299792741794059 7450.0000000000009 -0.022294148794681102 -0.014312524396880412 0.23893293917651856 0.060302334235291723
decision_type=2 2 2 2 2 2 2 2 2 2
left_child=1 -1 -3 -4 6 8 9 -8 -6 -2
right_child=4 2 3 -5 5 -7 7 -9 -10 -11
leaf_value=0.011264553160958089 -0.005345493277482816 -0.012169216580190949 0.011610542049540998 -0.002389257824247891 -0.0020960168577618746 -0.011096292412135977 0.015134184237317699 0.0037455664080058761 0.0027258773771977685 0.0024775236340630132
leaf_weight=74 91 128 140 1433 506 85 72 108 366 590
leaf_count=74 91 128 140 1433 506 85 72 108 366 590
internal_value=-0.000294683 -0.00142099 -0.00197296 -0.00114314 0.000804983 -0.00105146 0.0028684 0.00830198 -7.21317e-05 0.00143205
internal_weight=3593 1775 1701 1573 1818 957 861 180 872 681
internal_count=3593 1775 1701 1573 1818 957 861 180 872 681
is_linear=0
shrinkage=0.132659


Tree=323
num_leaves=7
num_cat=0
split_feature=0 5 5 4 9 5
split_gain=0.258812 0.25546 0.438437 1.25813 0.255929 0.229765
threshold=6.4500000000000011 0.36803277692246522 0.29870936051883984 0.0770899327239329 0.021727571804781545 0.26471824382594988
decision_type=2 2 2 2 2 2
left_child=5 2 4 -4 -2 -1
right_child=1 -3 3 -5 -6 -7
leaf_value=-0.0074172215730789687 -0.0026585374045101961 0.0057797027085566234 0.0051620635446400802 -0.015677488866792849 0.00086689872745363157 -0.0010256622024071489
leaf_weight=154 427 136 95 110 2394 277
leaf_count=154 427 136 95 110 2394 277
internal_value=-0.000260096 0.000155586 -9.72112e-05 -0.00602047 0.000333259 -0.00330962
internal_weight=3593 3162 3026 205 2821 431
internal_count=3593 3162 3026 205 2821 431
is_linear=0
shrinkage=0.132659


Tree=324
num_leaves=11
num_cat=0
split_feature=9 4 4 10 2 2 4 9 10 10
split_gain=0.602738 0.996463 0.779481 0.476646 0.413593 0.763308 0.350933 0.377178 0.336577 0.21192
threshold=0.035841165418163082 -0.029070815926179643 0.085281934728792433 0.042408426315059387 9.5000000000000018 28.500000000000004 -0.060508568640408433 0.066029861006533144 0.060576737524599959 0.16069154401024871
decision_type=2 2 2 2 2 2 2 2 2 2
left_child=1 -1 6 -4 -3 -6 7 -2 -8 -5
right_child=2 4 3 9 5 -7 8 -9 -10 -11
leaf_value=0.017783541283219146 0.008176475212723508 0.010619099779870385 -0.0062269128121589384 0.0039843912905880071 -0.010840279758598113 0.0025219901886985299 -0.0010599183133914391 -0.0016175703040178999 -0.0069391763121977026 -0.0014214742726821853
leaf_weight=76 74 82 108 769 88 518 276 1063 452 153
leaf_count=76 74 82 108 769 88 518 276 1063 452 153
internal_value=5.6173e-05 0.00337046 -0.000818492 0.00211059 0.00177794 0.000581353 -0.00243617 -0.000980029 -0.0047103 0.00308731
internal_weight=3659 764 2895 1030 688 606 1865 1137 728 922
internal_count=3659 764 2895 1030 688 606 1865 1137 728 922
is_linear=0
shrinkage=0.132659


Tree=325
num_leaves=9
num_cat=0
split_feature=9 9 9 7 10 10 7 1
split_gain=0.462611 0.555812 0.372542 0.566212 0.350935 1.5306 0.418531 0.180282
threshold=0.035841165418163082 0.029722458506103434 0.045991381505971894 0.33304780332702039 0.076916490103997148 0.055471173308864398 0.50612503611349402 8450.0000000000018
decision_type=2 2 2 2 2 2 2 2
left_child=1 4 3 -2 5 -1 -6 -4
right_child=2 -3 7 -5 6 -7 -8 -9
leaf_value=0.0034997806134291296 -0.013119008891852012 0.011111991149867401 0.00019158281032661552 0.00075662929855106818 0.012448092650191075 -0.01655583217960261 0.0013676683604871879 -0.0026709768759009046
leaf_weight=280 103 123 2219 104 89 88 184 469
leaf_count=280 103 123 2219 104 89 88 184 469
internal_value=4.07639e-05 0.00294435 -0.000725512 -0.00614814 0.00137683 -0.00129663 0.0049805 -0.000307886
internal_weight=3659 764 2895 207 641 368 273 2688
internal_count=3659 764 2895 207 641 368 273 2688
is_linear=0
shrinkage=0.132659


Tree=326
num_leaves=10
num_cat=0
split_feature=9 4 4 2 2 6 2 6 4
split_gain=0.350399 0.657053 0.545859 0.301672 0.607626 0.29062 0.287815 0.2904 0.175141
threshold=0.035841165418163082 -0.029070815926179643 0.085281934728792433 9.5000000000000018 28.500000000000004 0.024813210858644335 31.500000000000004 0.068308540058091949 0.065987051122843809
decision_type=2 2 2 2 2 2 2 2 2
left_child=1 -1 5 -3 -5 8 -4 -8 -2
right_child=2 3 6 4 -6 -7 7 -9 -10
leaf_value=0.014255821406615764 -0.001755733751804101 0.0088096238277775695 -0.00070828523863235402 -0.0099535745970188924 0.0019684071336808356 -0.0071415167473594327 0.0075181271068901871 0.0014163212132587231 0.004760122167247114
leaf_weight=76 1614 82 450 88 518 175 223 357 76
leaf_count=76 1614 82 450 88 518 175 223 357 76
internal_value=2.50215e-05 0.00255204 -0.000641876 0.00125887 0.000236938 -0.0019956 0.00180927 0.00376251 -0.00146267
internal_weight=3659 764 2895 688 606 1865 1030 580 1690
internal_count=3659 764 2895 688 606 1865 1030 580 1690
is_linear=0
shrinkage=0.132659


Tree=327
num_leaves=10
num_cat=0
split_feature=1 6 10 10 3 6 2 2 10
split_gain=0.403123 0.422494 0.537549 0.820703 0.443419 0.375633 0.442605 0.496214 0.35434
threshold=7250.0000000000009 -0.061478193387585534 0.07029635617463291 0.074955204288523966 8189.0000000000009 -0.024121703135571364 190.50000000000003 57.500000000000007 0.068094389658201721
decision_type=2 2 2 2 2 2 2 2 2
left_child=5 -2 4 -4 -3 8 7 -7 -1
right_child=1 2 3 -5 -6 6 -8 -9 -10
leaf_value=0.010384396560457412 -0.0043182476028746572 -0.0093085652466375624 0.016959418518031209 0.0030562550549966538 0.00216453057321783 -0.0033666011287152627 -0.011223592399735964 0.0010152252016485265 0.00045708082651303478
leaf_weight=74 170 98 86 569 150 1201 90 732 436
leaf_count=74 170 98 86 569 150 1201 90 732 436
internal_value=-0.000406702 0.00174834 0.0028905 0.00488209 -0.00236949 -0.0013196 -0.00213072 -0.00170727 0.0018978
internal_weight=3606 1073 903 655 248 2533 2023 1933 510
internal_count=3606 1073 903 655 248 2533 2023 1933 510
is_linear=0
shrinkage=0.132659


Tree=328
num_leaves=11
num_cat=0
split_feature=1 4 0 0 0 4 4 1 4 2
split_gain=0.314754 0.464982 0.540341 1.00428 0.911651 0.312061 0.285409 0.525043 0.270469 0.211821
threshold=7250.0000000000009 0.0770899327239329 135.80000000000004 251.85000000000005 76.850000000000009 -0.05967432797466108 0.13379355330501849 4775.0000000000009 -0.14569273016226583 96.500000000000014
decision_type=2 2 2 2 2 2 2 2 2 2
left_child=5 2 4 -4 -2 8 7 -7 -1 -8
right_child=1 -3 3 -5 -6 6 9 -9 -10 -11
leaf_value=-0.0038223378419059918 0.00094433709108072787 0.010517165090818367 0.013210711378590617 0.00028211914131438608 -0.014808396681397685 -0.0020434856329571652 0.0021217222974335365 -0.0097328844011187517 0.0028099882694520707 -0.0031243256725432766
leaf_weight=138 207 93 131 548 94 1105 403 182 501 204
leaf_count=138 207 93 131 548 94 1105 403 182 501 204
internal_value=-0.000350716 0.00155353 0.000702734 0.0027767 -0.00397564 -0.00115737 -0.00201263 -0.00313099 0.00137759 0.000358594
internal_weight=3606 1073 980 679 301 2533 1894 1287 639 607
internal_count=3606 1073 980 679 301 2533 1894 1287 639 607
is_linear=0
shrinkage=0.132659


Tree=329
num_leaves=14
num_cat=0
split_feature=6 4 2 2 6 2 3 3 3 3 6 3 10
split_gain=0.275041 0.521872 0.404266 0.647354 0.462823 0.457724 0.570984 0.411191 0.33146 0.300433 0.254748 0.245694 0.22274
threshold=-0.014621159148870839 -0.089993917764686834 56.500000000000007 190.50000000000003 0.036501881812023546 38.500000000000007 4631.8000000000011 2955.1000000000004 2955.1000000000004 7704.3000000000011 -0.033276727803057772 2989.0000000000005 0.11943175718057729
decision_type=2 2 2 2 2 2 2 2 2 2 2 2 2
left_child=1 8 5 4 -4 7 -7 -2 12 10 -3 -10 -1
right_child=2 9 3 -5 -6 6 -8 -9 11 -11 -12 -13 -14
leaf_value=0.010040506894490701 -0.0099279201502031761 0.0079391341357395086 0.0055527627518797669 -0.0091040925812707046 -0.00062321523752491791 -0.0012319760307271457 -0.01708231002639414 -0.0010205127005251838 -0.0081372702084038587 0.010157960803423747 -0.00019045321923354347 -0.00094664020111096426 -8.7492439226147961e-05
leaf_weight=74 99 104 384 101 481 79 81 1156 99 136 195 538 79
leaf_count=74 99 104 384 101 481 79 81 1156 99 136 195 538 79
internal_value=-0.000316034 0.00129918 -0.00114705 0.000945023 0.00211854 -0.00257527 -0.00925714 -0.00172329 -0.000732625 0.00498902 0.00263749 -0.00206436 0.00481154
internal_weight=3606 1225 2381 966 865 1415 160 1255 790 435 299 637 153
internal_count=3606 1225 2381 966 865 1415 160 1255 790 435 299 637 153
is_linear=0
shrinkage=0.132659


Tree=330
num_leaves=8
num_cat=0
split_feature=9 10 1 9 4 4 9
split_gain=0.449853 0.895183 0.246268 0.234052 0.222588 0.540581 0.374987
threshold=0.014452755897025932 0.046799082457807367 9350.0000000000018 0.006413881053136364 -0.12001884951274878 -0.10688497734242071 0.13070427317950367
decision_type=2 2 2 2 2 2 2
left_child=1 -1 4 -3 6 -6 -2
right_child=2 3 -4 -5 5 -7 -8
leaf_value=0.015584764385293985 0.0099668974572730967 -0.0042483648060305844 -0.0062459327497140869 0.0043299687867185896 -0.0087337067653796702 8.8063042980189503e-05 0.00069088216457714605
leaf_weight=99 102 102 111 124 128 2710 309
leaf_count=99 102 102 111 124 128 2710 309
internal_value=0.000353921 0.0050666 -0.000101939 0.00045829 0.000107995 -0.000309864 0.00299327
internal_weight=3685 325 3360 226 3249 2838 411
internal_count=3685 325 3360 226 3249 2838 411
is_linear=0
shrinkage=0.132659


Tree=331
num_leaves=4
num_cat=0
split_feature=10 6 4
split_gain=0.292519 0.26751 0.225327
threshold=0.02592325369645725 -0.11623052295614998 0.28586613800609323
decision_type=2 2 2
left_child=-1 -2 -3
right_child=1 2 -4
leaf_value=0.0072469951431076724 -0.0076750315735795924 0.00051661469399644244 -0.0044906850030544494
leaf_weight=104 76 3339 166
leaf_count=104 76 3339 166
internal_value=0.000312029 0.00011059 0.000279444
internal_weight=3685 3581 3505
internal_count=3685 3581 3505
is_linear=0
shrinkage=0.132659


Tree=332
num_leaves=7
num_cat=0
split_feature=9 9 5 5 6 6
split_gain=0.351187 0.43244 0.495297 0.280742 0.333948 0.176892
threshold=0.013423934960792786 0.0077969893808054443 0.19376574635990304 0.1632621600528156 -0.0053778435190419069 -0.11623052295614998
decision_type=2 2 2 2 2 2
left_child=1 2 -1 4 -2 -5
right_child=3 -3 -4 5 -6 -7
leaf_value=-0.0056438604906911168 0.010357397500173124 0.010846130112864566 0.0088739917392387443 -0.0067374529754038954 -0.0002194303016936646 -0.000260303119753977
leaf_weight=99 96 119 71 76 116 3108
leaf_count=99 96 119 71 76 116 3108
internal_value=0.000274099 0.00471333 0.000419725 -0.000103699 0.00457048 -0.000414943
internal_weight=3685 289 170 3396 212 3184
internal_count=3685 289 170 3396 212 3184
is_linear=0
shrinkage=0.132659


Tree=333
num_leaves=8
num_cat=0
split_feature=10 5 10 5 1 0 0
split_gain=0.417927 0.375944 1.05861 0.768411 0.449223 0.282552 0.273199
threshold=0.02592325369645725 0.16105782497484661 0.046799082457807367 0.15426394185745895 2875.0000000000005 9.5500000000000025 11.15
decision_type=2 2 2 2 2 2 2
left_child=-1 2 -2 -4 6 -6 -3
right_child=1 4 3 -5 5 -7 -8
leaf_value=-0.0085790978373391242 0.017847526793109872 -0.0009379911358949047 -0.0093517793373183236 0.0090358344939089463 0.002531498884891971 -0.001186781194833644 0.0073427437724716948
leaf_weight=98 79 105 87 74 418 2576 211
leaf_count=98 79 105 87 74 418 2576 211
internal_value=-3.38896e-05 0.000202043 0.00527166 -0.000900251 -0.000165565 -0.000667651 0.00459132
internal_weight=3648 3550 240 161 3310 2994 316
internal_count=3648 3550 240 161 3310 2994 316
is_linear=0
shrinkage=0.132659


Tree=334
num_leaves=7
num_cat=0
split_feature=10 0 0 0 0 0
split_gain=0.322719 0.270422 1.43 0.473346 0.294224 0.207411
threshold=0.02592325369645725 128.70000000000005 101.55000000000001 74.450000000000017 508.05000000000007 852.45000000000016
decision_type=2 2 2 2 2 2
left_child=-1 2 3 -2 -3 -6
right_child=1 4 -4 -5 5 -7
leaf_value=-0.0075456956648786346 0.0011052356254415956 -0.0022195359978747879 0.014745414017646168 -0.0066829046523459107 0.003221948753939542 -0.00095589679824727473
leaf_weight=98 1268 1159 131 154 401 437
leaf_count=98 1268 1159 131 154 401 437
internal_value=-3.66496e-05 0.000170675 0.00148361 0.000261726 -0.000850352 0.00104331
internal_weight=3648 3550 1553 1422 1997 838
internal_count=3648 3550 1553 1422 1997 838
is_linear=0
shrinkage=0.132659


Tree=335
num_leaves=5
num_cat=0
split_feature=10 5 5 5
split_gain=0.249241 0.282123 0.231898 0.208583
threshold=0.02592325369645725 0.16105782497484661 0.16574667713673585 0.17695175986887318
decision_type=2 2 2 2
left_child=-1 -2 -3 -4
right_child=1 2 3 -5
leaf_value=-0.0066367728210604635 0.0045361984699026766 -0.0076194265901871616 0.0038329554322625308 -0.00030347740978068646
leaf_weight=98 240 72 231 3007
leaf_count=98 240 72 231 3007
internal_value=-3.77077e-05 0.000144492 -0.000173959 -8.36431e-06
internal_weight=3648 3550 3310 3238
internal_count=3648 3550 3310 3238
is_linear=0
shrinkage=0.132659


Tree=336
num_leaves=6
num_cat=0
split_feature=4 7 7 7 6
split_gain=0.228047 0.309749 0.52035 0.422253 0.189988
threshold=-0.17407313090595591 0.72622060749543249 0.72053950522274435 0.52211207492427214 0.0031996747914049381
decision_type=2 2 2 2 2
left_child=-1 2 3 -2 -4
right_child=1 -3 4 -5 -6
leaf_value=0.0070409187582050848 0.0011719215920854872 -0.0068951770035308169 0.0038084740662519207 -0.0027683284076701858 0.013446315698964855
leaf_weight=100 2738 94 72 580 72
leaf_count=100 2738 94 72 580 72
internal_value=0.000793661 0.000617947 0.000821975 0.000483139 0.00862838
internal_weight=3656 3556 3462 3318 144
internal_count=3656 3556 3462 3318 144
is_linear=0
shrinkage=0.132659


Tree=337
num_leaves=11
num_cat=0
split_feature=0 4 4 4 4 0 9 9 9 9
split_gain=0.24687 0.35062 0.842517 0.748627 0.329408 0.276791 0.222773 0.499676 0.286725 0.21683
threshold=98.950000000000017 0.22787069664009865 0.28586613800609323 0.13593049278307914 0.099191526195917826 116.95000000000002 0.042984206559630721 0.033383608445138747 0.060302334235291723 0.18615263619506298
decision_type=2 2 2 2 2 2 2 2 2 2
left_child=1 3 -3 4 -1 -2 7 -7 -8 -5
right_child=5 2 -4 9 -6 6 8 -9 -10 -11
leaf_value=0.0016548965166012265 -0.0069644555183950531 0.018392290186238881 -0.00078579724552030631 -0.012895317077240604 0.0090920381500763179 0.0001065455009499735 0.0053896796234934839 -0.0094143329538314835 0.0001833465202536461 -0.0025996880936370649
leaf_weight=1085 102 73 90 72 116 391 217 129 1309 72
leaf_count=1085 102 73 90 72 116 391 217 129 1309 72
internal_value=0.000692816 0.00199382 0.00780411 0.00128959 0.00237334 -0.000220561 0.000115695 -0.00225558 0.000923748 -0.00774839
internal_weight=3656 1508 163 1345 1201 2148 2046 520 1526 144
internal_count=3656 1508 163 1345 1201 2148 2046 520 1526 144
is_linear=0
shrinkage=0.132659


Tree=338
num_leaves=8
num_cat=0
split_feature=5 5 5 4 4 4 5
split_gain=0.42782 0.233395 0.329025 0.307922 0.503237 0.483488 0.199038
threshold=0.1506291009516435 0.18489236617401403 0.18983180005945854 0.0021186552300029552 -0.022217266897252227 0.034030987223915253 0.21471263827373424
decision_type=2 2 2 2 2 2 2
left_child=-1 3 -3 4 -2 -5 -4
right_child=1 2 6 5 -6 -7 -8
leaf_value=0.0081042589966215835 -0.0028621565308257738 0.0080132656133320782 -0.0018206166050272242 -0.010621260832378843 0.0083328952913107341 -0.00016888892054920721 0.0010805827020502119
leaf_weight=129 208 108 509 143 107 171 2281
leaf_count=129 208 108 509 143 107 171 2281
internal_value=0.000601126 0.000326662 0.000829417 -0.00198964 0.000940828 -0.00492936 0.000551287
internal_weight=3656 3527 2898 629 315 314 2790
internal_count=3656 3527 2898 629 315 314 2790
is_linear=0
shrinkage=0.132659


Tree=339
num_leaves=6
num_cat=0
split_feature=5 2 10 1 1
split_gain=0.472058 1.04895 0.313265 0.32499 0.627122
threshold=0.15939864562133901 35.500000000000007 0.02875778741537521 2875.0000000000005 3025.0000000000005
decision_type=2 2 2 2 2
left_child=1 -1 -2 -4 -5
right_child=2 -3 3 4 -6
leaf_value=-0.017276582347900672 0.0066379868486967485 0.00083660738624213036 0.0026553469447493715 -0.012707617852810158 -0.0012803653075860847
leaf_weight=101 93 127 351 87 2942
leaf_count=101 93 127 351 87 2942
internal_value=-0.00134073 -0.00718786 -0.000956837 -0.00116584 -0.00160865
internal_weight=3701 228 3473 3380 3029
internal_count=3701 228 3473 3380 3029
is_linear=0
shrinkage=0.132659


Tree=340
num_leaves=9
num_cat=0
split_feature=9 2 1 1 6 1 1 1
split_gain=0.581908 0.900256 0.337588 0.413272 0.327201 0.457042 0.228021 0.215659
threshold=0.010707775420066604 49.000000000000007 4925.0000000000009 2875.0000000000005 0.072331602876164566 5050.0000000000009 6100.0000000000009 3025.0000000000005
decision_type=2 2 2 2 2 2 2 2
left_child=1 -1 3 -2 5 -4 -6 -5
right_child=2 -3 4 7 6 -7 -8 -9
leaf_value=-0.015324598125808766 0.0019365225549563836 0.0023968119258189285 0.01082817872710974 -0.0088429112145598961 0.00085339714981237256 0.0006945625115301646 -0.0084191076194451795 -0.0025751118204505722
leaf_weight=122 371 86 83 104 80 1386 112 1357
leaf_count=122 371 86 83 104 80 1386 112 1357
internal_value=-0.00118148 -0.00799784 -0.000775544 -0.00201734 0.000594095 0.00126724 -0.0045558 -0.00302137
internal_weight=3701 208 3493 1832 1661 1469 192 1461
internal_count=3701 208 3493 1832 1661 1469 192 1461
is_linear=0
shrinkage=0.132659


Tree=341
num_leaves=7
num_cat=0
split_feature=9 7 1 1 6 6
split_gain=0.468999 0.714043 0.258796 0.315364 0.272006 0.339615
threshold=0.010707775420066604 0.3654560345199207 4925.0000000000009 2875.0000000000005 0.014104142426404474 0.0042556227423077714
decision_type=2 2 2 2 2 2
left_child=1 -1 3 -2 5 -4
right_child=2 -3 4 -5 -6 -7
leaf_value=-0.013692558056107706 0.0016830996465861156 0.0020900034654105833 0.00092158640401090953 -0.0026478709954246339 -0.0017685171900851625 0.008304719080354548
leaf_weight=122 371 86 946 1461 591 124
leaf_count=122 371 86 946 1461 591 124
internal_value=-0.00104796 -0.0071674 -0.000683531 -0.00177079 0.000515668 0.00177732
internal_weight=3701 208 3493 1832 1661 1070
internal_count=3701 208 3493 1832 1661 1070
is_linear=0
shrinkage=0.132659


Tree=342
num_leaves=13
num_cat=0
split_feature=6 5 5 0 0 6 5 5 3 6 0 4
split_gain=0.653044 0.676575 0.893609 0.568858 0.786798 0.528493 0.610129 1.45469 0.831252 0.501198 0.402438 0.219949
threshold=0.011548058490906591 0.28298337081907721 0.25426439354670149 63.550000000000004 20.350000000000005 0.0085197898857441914 0.26337008261158484 0.27621102574736162 4658.1665000000003 0.052596348195591981 296.75000000000006 0.14267776557983677
decision_type=2 2 2 2 2 2 2 2 2 2 2 2
left_child=5 2 10 4 -3 6 8 -8 -1 -4 -2 -5
right_child=1 3 9 11 -6 -7 7 -9 -10 -11 -12 -13
leaf_value=-0.0020139550441520613 0.005422614433076004 -0.0020058344287121862 0.017873108616680827 -0.012543076146319308 0.014053674843246159 -0.010876106857272408 -0.017733685951906889 -0.00035057271773957492 0.0041472764666736139 0.0043224400058890387 -0.00039334119612111209 -0.0034427663088624533
leaf_weight=1005 397 220 116 83 71 96 119 294 625 82 443 107
leaf_count=1005 397 220 116 83 71 96 119 294 625 82 443 107
internal_value=0.000236137 0.00233947 0.0042453 -0.00177331 0.00191301 -0.00125754 -0.000805483 -0.00535977 0.000348496 0.012262 0.00235544 -0.00741891
internal_weight=3658 1519 1038 481 291 2139 2043 413 1630 198 840 190
internal_count=3658 1519 1038 481 291 2139 2043 413 1630 198 840 190
is_linear=0
shrinkage=0.132659


Tree=343
num_leaves=10
num_cat=1
split_feature=3 0 0 4 2 13 2 2 10
split_gain=0.391534 0.833227 0.42483 0.312508 0.259009 0.367522 0.248552 0.325775 0.224487
threshold=8201.2000000000025 79.350000000000023 766.45000000000016 0.048158136572761689 12.500000000000002 0 190.50000000000003 182.50000000000003 0.07029635617463291
decision_type=2 2 2 2 2 1 2 2 2
left_child=3 8 -3 6 -5 -6 7 -1 -2
right_child=1 2 -4 4 5 -7 -8 -9 -10
leaf_value=-0.0014559538853708054 -0.0079275929011916359 0.017708987353548505 0.0044058389454585132 -0.0018700195512332057 0.0051721822806843482 -4.9659512045401827e-05 -0.0064019119985163943 0.0038149826249631244 0.0024417340993571793
leaf_weight=1692 72 84 85 315 467 482 151 235 75
leaf_count=1692 72 84 85 315 467 482 151 235 75
internal_value=0.000203231 0.00466643 0.0110191 -0.000218802 0.00142598 0.00252003 -0.00121929 -0.000813129 -0.00263741
internal_weight=3658 316 169 3342 1264 949 2078 1927 147
internal_count=3658 316 169 3342 1264 949 2078 1927 147
cat_boundaries=0 1
cat_threshold=2
is_linear=0
shrinkage=0.132659


Tree=344
num_leaves=9
num_cat=0
split_feature=3 0 0 10 10 3 3 4
split_gain=0.305475 0.645115 0.460854 0.254778 1.13093 0.500662 0.616798 0.313252
threshold=8201.2000000000025 27.950000000000003 294.00000000000006 0.074483252726582377 0.072410622296947877 4563.0090000000009 4660.6000000000013 0.01903168752282287
decision_type=2 2 2 2 2 2 2 2
left_child=3 -2 -3 4 -1 7 -7 -5
right_child=1 2 -4 5 -6 6 -8 -9
leaf_value=-0.00067200394703813672 -0.0040235471183432256 0.017171857665994938 0.0039526926504141495 -0.0042999716215536901 -0.017353723024252529 0.0073732188048549231 0.00065255115338842503 0.0010879773845791302
leaf_weight=1209 111 71 134 435 76 320 965 337
leaf_count=1209 111 71 134 435 76 320 965 337
internal_value=0.000179408 0.0041217 0.00853204 -0.000193369 -0.00165883 0.000722106 0.00232625 -0.001948
internal_weight=3658 316 205 3342 1285 2057 1285 772
internal_count=3658 316 205 3342 1285 2057 1285 772
is_linear=0
shrinkage=0.132659


Tree=345
num_leaves=11
num_cat=0
split_feature=2 5 5 2 0 0 0 6 5 5
split_gain=0.414507 0.494331 0.921379 0.288491 0.589232 0.558417 0.457673 0.370194 0.27194 0.57604
threshold=37.500000000000007 0.17143822658260058 0.15510653537011937 57.500000000000007 289.05000000000007 23.350000000000005 74.450000000000017 -0.025325879105003914 0.18261532430407035 0.20841930521486954
decision_type=2 2 2 2 2 2 2 2 2 2
left_child=1 2 -1 4 7 -5 -7 -2 -3 -10
right_child=3 8 -4 5 -6 6 -8 -9 9 -11
leaf_value=0.0015045076840996751 -0.0010055784909051727 0.0057109305565090354 -0.016252724023920233 -0.0088839259639693011 -0.0034042357187308984 0.0055897247032290756 -0.00060898039664156862 0.0097397208315006378 -0.0096924980591179561 -0.0008840382469305322
leaf_weight=93 76 89 115 122 143 253 1222 219 147 1174
leaf_count=93 76 89 115 122 143 253 1222 219 147 1174
internal_value=-0.000691996 -0.00227677 -0.00831368 0.00056804 0.003584 -0.000259156 0.000454302 0.00697153 -0.00138613 -0.00186435
internal_weight=3653 1618 208 2035 438 1597 1475 295 1410 1321
internal_count=3653 1618 208 2035 438 1597 1475 295 1410 1321
is_linear=0
shrinkage=0.132659


Tree=346
num_leaves=7
num_cat=0
split_feature=10 10 0 5 5 9
split_gain=0.35465 0.510634 0.260006 0.219956 0.265756 0.202772
threshold=0.13237855501267795 0.13793564011239393 1144.5500000000002 0.14617474959800519 0.16221286105803326 0.28151308204073394
decision_type=2 2 2 2 2 2
left_child=2 -2 3 -1 -5 -3
right_child=1 5 -4 4 -6 -7
leaf_value=0.0048623776612502934 0.0094763427806385837 0.001279365086312594 0.0042176956849019342 -0.0066261066915046041 -0.0014371182608309298 -0.0056242103200271846
leaf_weight=90 130 578 143 187 2439 86
leaf_count=90 130 578 143 187 2439 86
internal_value=-0.000606526 0.00187376 -0.00129536 -0.00158565 -0.00180667 0.000385108
internal_weight=3653 794 2859 2716 2626 664
internal_count=3653 794 2859 2716 2626 664
is_linear=0
shrinkage=0.132659


Tree=347
num_leaves=10
num_cat=1
split_feature=13 7 7 9 6 7 6 6 0
split_gain=0.292447 0.54475 0.427664 0.407136 0.39682 0.348521 0.343255 0.456474 0.338242
threshold=0 0.5034111702718661 0.40033866349824354 0.060302334235291723 -0.043952193631113488 0.15253690940829259 -0.016120025964965382 -0.0098100187205547914 21.550000000000004
decision_type=1 2 2 2 2 2 2 2 2
left_child=1 2 5 6 -3 -1 -2 -8 -6
right_child=3 4 -4 -5 8 -7 7 -9 -10
leaf_value=-0.0052634447514575246 -0.012025066391367153 -0.0015459751627313178 -0.0086987842201755958 -0.0002773364881179272 -0.0026717285922362092 0.00093375245669772503 0.0064273595990120983 -0.0047178461209856585 0.0072653187377250718
leaf_weight=196 90 181 116 1194 71 862 75 469 399
leaf_count=196 90 181 116 1194 71 862 75 469 399
internal_value=-0.000534026 0.0006539 -0.0010528 -0.00172 0.00373169 -0.00021437 -0.00443686 -0.00318113 0.00576414
internal_weight=3653 1825 1174 1828 651 1058 634 544 470
internal_count=3653 1825 1174 1828 651 1058 634 544 470
cat_boundaries=0 1
cat_threshold=2
is_linear=0
shrinkage=0.132659


Tree=348
num_leaves=14
num_cat=0
split_feature=0 0 1 10 0 1 0 10 0 10 9 1 1
split_gain=0.648298 0.528189 0.364539 0.810191 0.670579 1.2326 0.332951 0.329808 0.312326 0.25234 0.528325 0.207281 0.245342
threshold=8.9500000000000011 2.7500000000000004 4475.0000000000009 0.061256878315753459 133.55000000000004 8950.0000000000018 165.70000000000002 0.12997467065308524 285.50000000000006 0.0753235845006507 0.09022698577035991 5500.0000000000009 3650.0000000000005
decision_type=2 2 2 2 2 2 2 2 2 2 2 2 2
left_child=1 11 3 8 5 -4 -6 -5 -2 10 -3 12 -1
right_child=2 9 4 7 6 -7 -8 -9 -10 -11 -12 -13 -14
leaf_value=-0.0011191042533539545 0.0087380882446612667 0.0037678057244251982 -0.0082287611915454195 -0.0029586685427677481 0.0072989705043283786 0.0077560202752594357 -0.00099026143335130307 0.0032977428225092914 0.00035781291687890184 0.0024499826926161522 0.019375341830387399 -0.0056040448649312879 0.0078260888778250454
leaf_weight=137 245 73 532 629 92 101 1164 194 115 73 80 76 89
leaf_count=137 245 73 532 629 92 101 1164 194 115 73 80 76 89
internal_value=-0.00027579 0.00401817 -0.00101383 0.000812242 -0.00215742 -0.00567813 -0.000383 -0.00148385 0.0060612 0.00886815 0.0119298 0.000388418 0.00240385
internal_weight=3600 528 3072 1183 1889 633 1256 823 360 226 153 302 226
internal_count=3600 528 3072 1183 1889 633 1256 823 360 226 153 302 226
is_linear=0
shrinkage=0.132659


Tree=349
num_leaves=11
num_cat=0
split_feature=0 0 5 5 5 9 1 5 9 9
split_gain=0.513518 0.703413 0.498982 1.34819 0.36774 1.1374 0.420363 0.333761 0.320999 0.277398
threshold=27.950000000000003 39.550000000000004 0.21536135695767314 0.2301055562029572 0.24905023977317153 0.06550612596178064 8350.0000000000018 0.57640925427236767 0.089708394009234457 0.066029861006533144
decision_type=2 2 2 2 2 2 2 2 2 2
left_child=2 8 9 -4 6 -6 -3 -5 -2 -1
right_child=1 4 3 7 5 -7 -8 -9 -10 -11
leaf_value=0.0014961737374901756 -0.003949123263561902 0.0011881322552009122 0.021079646864417604 0.003715663607079393 -0.0108536483886011 -2.9745366644573552e-05 -0.0058840188421710737 -0.004912721234011516 -0.016564236314247589 -0.0071392981989157394
leaf_weight=147 71 1506 76 465 231 656 164 95 71 118
leaf_count=147 71 1506 76 465 231 656 164 95 71 118
internal_value=-0.000255148 -0.00117057 0.00248703 0.00450216 -0.000665859 -0.00284875 0.00049357 0.00225181 -0.0102579 -0.00234924
internal_weight=3600 2699 901 636 2557 887 1670 560 142 265
internal_count=3600 2699 901 636 2557 887 1670 560 142 265
is_linear=0
shrinkage=0.132659


Tree=350
num_leaves=12
num_cat=0
split_feature=0 5 0 1 0 1 2 1 2 1 5
split_gain=0.414221 0.438133 0.532494 1.09044 0.41557 0.421266 0.40516 0.863295 0.624649 0.242023 0.180196
threshold=8.9500000000000011 0.26284324056066943 312.95000000000005 7350.0000000000009 4.1500000000000012 3475.0000000000005 30.500000000000004 4475.0000000000009 35.500000000000007 7850.0000000000009 0.57640925427236767
decision_type=2 2 2 2 2 2 2 2 2 2 2
left_child=4 6 3 -3 10 -6 7 -2 -8 -4 -1
right_child=1 2 9 -5 5 -7 8 -9 -10 -11 -12
leaf_value=0.0024559648689334154 0.0093937169976465382 -0.0011179974877978502 -0.0031605003335763485 -0.016901948881674934 0.0022225177489537322 0.015716765575516378 -0.0083274422098503376 -0.0015484804335430488 -5.3970554895729206e-05 0.0033062650004384228 -0.0042611176676374601
leaf_weight=270 230 183 254 133 84 79 178 283 1641 170 95
leaf_count=270 230 183 254 133 84 79 178 283 1641 170 95
internal_value=-0.000237552 -0.000827495 -0.00363985 -0.00776178 0.00319476 0.0087636 6.49507e-05 0.00335751 -0.000863647 -0.000567659 0.000707563
internal_weight=3600 3072 740 316 528 163 2332 513 1819 424 365
internal_count=3600 3072 740 316 528 163 2332 513 1819 424 365
is_linear=0
shrinkage=0.132659


Tree=351
num_leaves=5
num_cat=0
split_feature=5 5 10 2
split_gain=0.315981 0.49139 0.445775 0.342939
threshold=0.15196997945725405 0.1632621600528156 0.029911348884858028 184.50000000000003
decision_type=2 2 2 2
left_child=-1 -2 -3 -4
right_child=1 2 3 -5
leaf_value=-0.0056444131924729213 0.0082935007083037755 -0.0082784995565945239 0.0014110032472409906 -0.0026841000508506449
leaf_weight=132 154 96 2844 412
leaf_count=132 154 96 2844 412
internal_value=0.00072686 0.000966762 0.000630113 0.000892815
internal_weight=3638 3506 3352 3256
internal_count=3638 3506 3352 3256
is_linear=0
shrinkage=0.132659


Tree=352
num_leaves=8
num_cat=0
split_feature=6 10 10 10 10 10 6
split_gain=0.211284 0.255547 0.943941 0.376796 0.431885 0.27442 0.218509
threshold=-0.049886375910020972 0.12635902046368278 0.13190609459135796 0.073377743956015581 0.071207082921212458 0.07775499159668707 -0.1004675478979427
decision_type=2 2 2 2 2 2 2
left_child=6 3 -3 4 -2 -5 -1
right_child=1 2 -4 5 -6 -7 -8
leaf_value=-0.0015713902652765997 -2.6894579772259461e-05 -0.014028876726662623 9.6636057085610938e-05 0.0079247281482742946 -0.0099982173554772416 0.0018393408030762054 0.0051759918507471199
leaf_weight=115 1354 99 523 150 81 998 318
leaf_count=115 1354 99 523 150 81 998 318
internal_value=0.00063355 0.000261949 -0.00215194 0.000843236 -0.000589844 0.00263457 0.00338396
internal_weight=3638 3205 622 2583 1435 1148 433
internal_count=3638 3205 622 2583 1435 1148 433
is_linear=0
shrinkage=0.132659


Tree=353
num_leaves=7
num_cat=0
split_feature=5 9 10 10 10 9
split_gain=0.23751 0.446211 0.617467 0.491178 0.301904 0.231228
threshold=0.15196997945725405 0.013774438298551834 0.08955129078259623 0.048724077246409238 0.029911348884858028 0.022744718051972777
decision_type=2 2 2 2 2 2
left_child=-1 2 3 -2 -3 -6
right_child=1 4 -4 -5 5 -7
leaf_value=-0.0049716421036350234 0.0032306049647608526 -0.0073078386073559811 -0.0029278451156613049 0.018204075361900579 -0.0045154919996604863 0.00082006488998770085
leaf_weight=132 72 88 83 83 150 3030
leaf_count=132 72 88 83 83 150 3030
internal_value=0.000552139 0.000760131 0.00630558 0.0112497 0.00035624 0.000568365
internal_weight=3638 3506 238 155 3268 3180
internal_count=3638 3506 238 155 3268 3180
is_linear=0
shrinkage=0.132659


Tree=354
num_leaves=5
num_cat=0
split_feature=4 6 10 6
split_gain=0.323339 0.195906 0.552863 0.405576
threshold=-0.17800536719318483 -0.046918582822620396 0.12635902046368278 -0.032002246349954265
decision_type=2 2 2 2
left_child=-1 2 -2 -3
right_child=1 3 -4 -5
leaf_value=0.0083333278565565425 -0.0097485529663728747 0.0052603930314139074 0.0010158627892569508 0.00021165951603773205
leaf_weight=92 124 311 260 2809
leaf_count=92 124 311 260 2809
internal_value=0.000570796 0.000366947 -0.0024604 0.00071494
internal_weight=3596 3504 384 3120
internal_count=3596 3504 384 3120
is_linear=0
shrinkage=0.132659


Tree=355
num_leaves=6
num_cat=0
split_feature=9 9 6 6 6
split_gain=0.414765 0.735469 0.275058 0.35723 0.265586
threshold=0.006413881053136364 0.020963001506648777 -0.10521651560894212 -0.086239821045333107 0.0055149008710141485
decision_type=2 2 2 2 2
left_child=-1 4 -3 -4 -2
right_child=1 2 3 -5 -6
leaf_value=-0.0069201282724250558 0.0092446003458571593 0.0069498365255905997 -0.0089138953816042706 0.00017928100849303545 7.5056333044808109e-06
leaf_weight=128 229 102 78 2987 72
leaf_count=128 229 102 78 2987 72
internal_value=0.000495243 0.000768968 0.000173376 -5.21723e-05 0.00703519
internal_weight=3596 3468 3167 3065 301
internal_count=3596 3468 3167 3065 301
is_linear=0
shrinkage=0.132659


Tree=356
num_leaves=8
num_cat=0
split_feature=9 9 9 9 6 6 4
split_gain=0.322757 0.584326 0.495741 0.432826 0.241606 0.392232 0.227062
threshold=0.006413881053136364 0.029722458506103434 0.037126442442328662 0.033383608445138747 -0.006271415166993758 -0.0019925741803736448 -0.17800536719318483
decision_type=2 2 2 2 2 2 2
left_child=-1 4 3 -3 -2 -6 -4
right_child=1 2 6 -5 5 -7 -8
leaf_value=-0.0061076049219403938 -0.00056020032408956146 -0.00067217195120131384 0.0068609780435837401 -0.014756267117602457 0.012869812524580032 0.00364229484020402 0.0001612337759250238
leaf_weight=128 109 81 92 73 118 259 2736
leaf_count=128 109 81 92 73 118 259 2736
internal_value=0.000433777 0.00067524 -1.99328e-05 -0.00734927 0.00494055 0.00653092 0.000379228
internal_weight=3596 3468 2982 154 486 377 2828
internal_count=3596 3468 2982 154 486 377 2828
is_linear=0
shrinkage=0.132659


Tree=357
num_leaves=8
num_cat=0
split_feature=1 1 5 5 5 1 1
split_gain=0.273735 0.32771 0.312232 0.69329 0.638542 0.244966 0.361973
threshold=7950.0000000000009 7650.0000000000009 0.23893293917651856 0.25210836439483003 0.2301055562029572 7350.0000000000009 7050.0000000000009
decision_type=2 2 2 2 2 2 2
left_child=1 5 4 -4 -2 6 -1
right_child=2 -3 3 -5 -6 -7 -8
leaf_value=0.00068176210967461199 -0.0032817568842478766 0.0078068760625938198 -0.010991616052940977 -0.00039975766538396715 0.012050648409282825 -0.0043802443071506948 0.0079389641874008324
leaf_weight=2533 126 120 156 359 77 156 127
leaf_count=2533 126 120 156 359 77 156 127
internal_value=0.00045019 0.001018 -0.00187162 -0.00360841 0.00253446 0.000728654 0.0010283
internal_weight=3654 2936 718 515 203 2816 2660
internal_count=3654 2936 718 515 203 2816 2660
is_linear=0
shrinkage=0.132659


Tree=358
num_leaves=9
num_cat=0
split_feature=10 10 10 1 3 10 3 3
split_gain=0.415567 0.573205 0.548141 0.384371 0.515054 0.300247 0.541248 0.336659
threshold=0.12686527067927675 0.12997467065308524 0.12454081548577449 9150.0000000000018 7895.9000000000005 0.07029635617463291 8119.3000000000011 8119.3000000000011
decision_type=2 2 2 2 2 2 2 2
left_child=2 -2 5 4 -3 6 -1 -7
right_child=1 3 -4 -5 -6 7 -8 -9
leaf_value=0.00090019723082614611 -0.013178754639256694 -0.0019970492486869069 0.01270627936005706 -0.0096922842594965187 0.0063424966354312003 0.001297849326710647 -0.0055719619165700068 0.0067093459038938966
leaf_weight=1040 75 581 71 82 168 1098 291 248
leaf_count=1040 75 581 71 82 168 1098 291 248
internal_value=0.000390777 -0.00207306 0.0012031 -0.0010705 -0.000126396 0.000897932 -0.000514876 0.00229499
internal_weight=3654 906 2748 831 749 2677 1331 1346
internal_count=3654 906 2748 831 749 2677 1331 1346
is_linear=0
shrinkage=0.132659


Tree=359
num_leaves=10
num_cat=0
split_feature=10 10 10 1 5 1 10 10 10
split_gain=0.318308 0.439935 0.415256 0.313842 0.433801 0.298319 0.221083 0.269647 0.204227
threshold=0.12686527067927675 0.12997467065308524 0.124188725670294 7350.0000000000009 0.26284324056066943 5350.0000000000009 0.07029635617463291 0.11654322498770101 0.067233671651219865
decision_type=2 2 2 2 2 2 2 2 2
left_child=2 -2 6 5 -5 -3 8 -8 -1
right_child=1 3 -4 4 -6 -7 7 -9 -10
leaf_value=1.047726012468683e-05 -0.011547382665120426 -0.0017953076202523685 0.010121160009719819 1.9543019628314815e-05 -0.010496147115429488 0.0044402963274976148 0.0026875932920945285 -0.002969136711462672 -0.0062810015813372149
leaf_weight=1233 75 312 86 159 122 238 1161 170 98
leaf_count=1233 75 312 86 159 122 238 1161 170 98
internal_value=0.00033833 -0.001818 0.00104927 -0.000939682 -0.00454632 0.000903053 0.000756124 0.00196507 -0.000452825
internal_weight=3654 906 2748 831 281 550 2662 1331 1331
internal_count=3654 906 2748 831 281 550 2662 1331 1331
is_linear=0
shrinkage=0.132659


Tree=360
num_leaves=10
num_cat=0
split_feature=10 11 0 10 0 0 0 1 1
split_gain=0.355319 0.454394 0.661226 1.47286 0.605415 0.812353 0.484065 0.272721 0.406438
threshold=0.034135111993103359 1.0000000180025095e-35 86.15000000000002 0.076503487829569825 114.75000000000001 242.15000000000003 76.850000000000009 4875.0000000000009 3225.0000000000005
decision_type=2 2 2 2 2 2 2 2 2
left_child=7 4 -3 -4 6 -6 -2 8 -1
right_child=1 2 3 -5 5 -7 -8 -9 -10
leaf_value=0.0085370830473243554 -0.0024137605847109485 0.0045221893053083049 -0.02157212742723898 -0.0016990890444126868 0.0062026063391292883 -0.00093261677374460933 -0.010786056216738744 0.010445826038570992 -0.0041178521560024028
leaf_weight=73 1217 80 105 175 350 1420 135 71 115
leaf_count=73 1217 80 105 175 350 1420 135 71 115
internal_value=-0.0012982 -0.00165081 -0.00611345 -0.0091523 -0.00113619 0.000478345 -0.00324987 0.00344205 0.000796325
internal_weight=3741 3482 360 280 3122 1770 1352 259 188
internal_count=3741 3482 360 280 3122 1770 1352 259 188
is_linear=0
shrinkage=0.132659


Tree=361
num_leaves=9
num_cat=0
split_feature=3 3 10 3 10 11 3 3
split_gain=0.629274 0.635803 0.736312 0.337937 0.290841 0.24953 0.237632 0.342464
threshold=4552.2000000000016 4511.1000000000013 0.046799082457807367 4617.1000000000013 0.09560457220593363 1.0000000180025095e-35 4595.1000000000013 4583.4255000000012
decision_type=2 2 2 2 2 2 2 2
left_child=1 2 -1 6 -4 -5 7 -2
right_child=3 -3 4 5 -6 -7 -8 -9
leaf_value=0.0082837124306256692 -0.0066793880029786109 0.0099554945852760399 -0.0035266105828495741 -0.0011965197462639916 0.0011402665609195641 -0.0058619721261996705 -0.01133722140809645 0.0037434999838919171
leaf_weight=170 213 133 472 1879 468 226 105 75
leaf_count=170 213 133 472 1879 468 226 105 75
internal_value=-0.00115052 0.00128852 0.000249916 -0.00236418 -0.00120312 -0.00169746 -0.00593509 -0.00396503
internal_weight=3741 1243 1110 2498 940 2105 393 288
internal_count=3741 1243 1110 2498 940 2105 393 288
is_linear=0
shrinkage=0.132659


Tree=362
num_leaves=10
num_cat=0
split_feature=3 3 10 3 10 10 10 10 10
split_gain=0.485095 0.484704 0.560671 0.26377 0.57672 0.259376 0.497612 0.257736 0.175147
threshold=4552.2000000000016 4511.1000000000013 0.046799082457807367 4617.1000000000013 0.066128214256103587 0.13595384960421503 0.12538855832818246 0.056558101610975971 0.19029034153685673
decision_type=2 2 2 2 2 2 2 2 2
left_child=1 2 -1 4 -2 6 -5 -4 -7
right_child=3 -3 7 5 -6 8 -8 -9 -10
leaf_value=0.0072307677888535388 -0.012504013938840149 0.0086945458349087235 -0.0067620512410089678 -0.0014159273812281285 -0.0016820886861823362 -0.0056973240852170844 0.0067273003110302834 -0.00020320908459760714 5.767052724947575e-05
leaf_weight=170 129 133 121 1478 264 356 145 819 126
leaf_count=170 129 133 121 1478 264 356 145 819 126
internal_value=-0.00101429 0.00112719 0.00022035 -0.00207989 -0.0052347 -0.00149085 -0.000688344 -0.00104759 -0.00419295
internal_weight=3741 1243 1110 2498 393 2105 1623 940 482
internal_count=3741 1243 1110 2498 393 2105 1623 940 482
is_linear=0
shrinkage=0.132659


Tree=363
num_leaves=7
num_cat=0
split_feature=5 10 1 2 2 6
split_gain=0.521594 0.971963 0.397311 0.409741 0.552291 0.314367
threshold=0.15304911999308862 0.047201807496679939 2475.0000000000005 33.500000000000007 31.500000000000004 0.093552332000941235
decision_type=2 2 2 2 2 2
left_child=1 -1 -2 4 -4 -5
right_child=2 -3 3 5 -6 -7
leaf_value=0.018157879491684969 -0.0091229748111383378 -0.0030640319135772395 0.0012538000671092394 -0.0015476001940847538 0.012262156036860813 0.0037232694918896401
leaf_weight=78 84 74 1187 1932 86 222
leaf_count=78 84 74 1187 1932 86 222
internal_value=0.000219219 0.00782691 -0.00011017 0.000110786 0.00199764 -0.00100434
internal_weight=3663 152 3511 3427 1273 2154
internal_count=3663 152 3511 3427 1273 2154
is_linear=0
shrinkage=0.132659


Tree=364
num_leaves=9
num_cat=0
split_feature=5 10 10 5 5 3 5 5
split_gain=0.404375 0.753115 0.295363 0.920008 1.04073 0.364065 0.361612 0.264799
threshold=0.15304911999308862 0.047201807496679939 0.09560457220593363 0.23680949963127595 0.22630950886894971 2951.9000000000005 0.24488894251071042 0.16574667713673585
decision_type=2 2 2 2 2 2 2 2
left_child=1 -1 5 4 -4 -2 -5 -7
right_child=2 -3 3 6 -6 7 -8 -9
leaf_value=0.015984476878765076 0.0072234053654188276 -0.002696091816202954 -0.0035631470714901138 0.0063617846902697481 -0.020725254216441502 -0.0053233739672956552 -0.00022120922275976521 0.00088595176782450824
leaf_weight=78 151 74 500 182 71 130 760 1717
leaf_count=78 151 74 500 182 71 130 760 1717
internal_value=0.000192129 0.00689065 -9.78957e-05 -0.00149611 -0.00569767 0.000960913 0.00105075 0.000448868
internal_weight=3663 152 3511 1513 571 1998 942 1847
internal_count=3663 152 3511 1513 571 1998 942 1847
is_linear=0
shrinkage=0.132659


Tree=365
num_leaves=9
num_cat=0
split_feature=1 3 5 5 0 10 5 10
split_gain=0.326751 0.489572 0.475497 0.62448 0.601456 0.405477 0.505086 0.270736
threshold=2475.0000000000005 2982.4000000000005 0.23680949963127595 0.22785699811003765 251.85000000000005 0.096783000175160325 0.21097213690295735 0.11654322498770101
decision_type=2 2 2 2 2 2 2 2
left_child=-1 5 3 -3 -4 6 -2 -7
right_child=1 2 4 -5 -6 7 -8 -9
leaf_value=-0.0080178068759651309 0.0088681505258782108 -0.0013994841515351667 0.0037299245539524233 -0.011057107278215073 -0.0013298491365308729 -0.0073405760241596063 0.00026707731098568144 0.0020421923361247044
leaf_weight=84 308 1032 764 133 901 81 197 163
leaf_count=84 308 1032 764 133 901 81 197 163
internal_value=0.000159751 0.000351716 -0.000446485 -0.00250217 0.000991885 0.00336756 0.005513 -0.00107284
internal_weight=3663 3579 2830 1165 1665 749 505 244
internal_count=3663 3579 2830 1165 1665 749 505 244
is_linear=0
shrinkage=0.132659


Tree=366
num_leaves=10
num_cat=0
split_feature=6 0 0 0 4 6 6 4 4
split_gain=0.29847 0.394254 0.974281 0.584075 0.297902 0.287018 0.79082 0.677566 0.560122
threshold=-0.016613571497254325 10.450000000000001 24.400000000000002 54.250000000000007 -0.12483071018636321 -0.0022263621696935122 -0.0046681031952438036 0.0021186552300029552 -0.023045142883892065
decision_type=2 2 2 2 2 2 2 2 2
left_child=1 4 -3 -4 -1 6 8 -7 -2
right_child=5 2 3 -5 -6 7 -8 -9 -10
leaf_value=8.6247155998226194e-05 -0.0047250846279019492 0.014344658580543863 -0.0080939476853671508 0.0019097418370315857 -0.011177377314532874 0.0092671028376539767 -0.016407646173209878 -0.0014525316989581151 0.0068660293996931927
leaf_weight=92 322 101 118 792 75 110 81 1827 95
leaf_count=92 322 101 118 792 75 110 81 1827 95
internal_value=-0.000735367 0.00099814 0.00198451 0.000612436 -0.00497284 -0.001574 -0.00441442 -0.000843702 -0.00208425
internal_weight=3613 1178 1011 910 167 2435 498 1937 417
internal_count=3613 1178 1011 910 167 2435 498 1937 417
is_linear=0
shrinkage=0.132659


Tree=367
num_leaves=6
num_cat=0
split_feature=10 10 6 0 6
split_gain=0.311214 0.437405 0.267139 0.315574 0.271781
threshold=0.19326925354164123 0.18316374999571969 -0.016613571497254325 10.450000000000001 -0.0022263621696935122
decision_type=2 2 2 2 2
left_child=1 2 3 -1 -4
right_child=-2 -3 4 -5 -6
leaf_value=-0.004313287382692565 -0.0080999952402782058 0.0083856324942375958 -0.0042814458589188814 0.001943983168698594 -0.00075966901956267367
leaf_weight=167 96 96 489 941 1824
leaf_count=167 96 96 489 941 1824
internal_value=-0.000648486 -0.000445053 -0.000692898 0.00100082 -0.00150425
internal_weight=3613 3517 3421 1108 2313
internal_count=3613 3517 3421 1108 2313
is_linear=0
shrinkage=0.132659


Tree=368
num_leaves=3
num_cat=0
split_feature=10 10
split_gain=0.239255 0.331588
threshold=0.19326925354164123 0.18316374999571969
decision_type=2 2
left_child=1 -1
right_child=-2 -3
leaf_value=-0.00060791326020987152 -0.0071039804313615526 0.0072965648480356879
leaf_weight=3421 96 96
leaf_count=3421 96 96
internal_value=-0.00057049 -0.000392119
internal_weight=3613 3517
internal_count=3613 3517
is_linear=0
shrinkage=0.132659


Tree=369
num_leaves=7
num_cat=0
split_feature=9 10 0 0 9 0
split_gain=0.962997 0.590836 1.17802 0.497062 1.2252 0.800189
threshold=0.0077969893808054443 0.035376488043195008 52.95000000000001 135.80000000000004 0.040687123001527707 270.80000000000007
decision_type=2 2 2 2 2 2
left_child=-1 2 -2 4 -3 -5
right_child=1 3 -4 5 -6 -7
leaf_value=0.010068454756072492 0.0042117971001856521 -0.010354525435099843 -0.014646696163725379 0.0071333248619026238 0.00014943668986427567 0.00028187403942985699
leaf_weight=169 102 232 136 386 1239 1346
leaf_count=169 102 232 136 386 1239 1346
internal_value=0.000292227 -0.000187963 -0.00656473 0.000285895 -0.0015073 0.00180887
internal_weight=3610 3441 238 3203 1471 1732
internal_count=3610 3441 238 3203 1471 1732
is_linear=0
shrinkage=0.132659


Tree=370
num_leaves=9
num_cat=0
split_feature=9 9 0 0 9 6 9 6
split_gain=0.743033 0.509699 0.541855 0.579133 0.505745 0.314709 0.384749 0.352968
threshold=0.0077969893808054443 0.042984206559630721 167.50000000000003 128.70000000000005 0.028876289640716507 0.022120680035582603 0.15128541185456909 -0.039832741338711557
decision_type=2 2 2 2 2 2 2 2
left_child=-1 2 3 -2 -4 7 -7 -3
right_child=1 5 4 -5 -6 6 -8 -9
leaf_value=0.008827746969891909 -0.0038383729039684171 -0.00073023159580394158 0.0058987375361236076 -0.015883260270710568 -0.0050201509971886851 -0.0035202904103061121 0.0014060258725665813 0.0033318964693786388
leaf_weight=169 320 598 164 90 137 561 555 1016
leaf_count=169 320 598 164 90 137 561 555 1016
internal_value=0.000240325 -0.000181472 -0.00334514 -0.0064829 0.000928997 0.000642485 -0.00107039 0.00182685
internal_weight=3610 3441 711 410 301 2730 1116 1614
internal_count=3610 3441 711 410 301 2730 1116 1614
is_linear=0
shrinkage=0.132659


Tree=371
num_leaves=9
num_cat=0
split_feature=9 6 4 0 0 6 0 6
split_gain=0.572488 0.426252 0.518644 0.735765 0.374988 0.307434 0.404113 0.357992
threshold=0.0077969893808054443 -0.010394365820356789 -0.023045142883892065 43.650000000000013 106.85000000000001 -0.039832741338711557 62.000000000000007 -0.056155161726667381
decision_type=2 2 2 2 2 2 2 2
left_child=-1 5 3 -3 -4 7 -7 -2
right_child=1 2 4 -5 -6 6 -8 -9
leaf_value=0.0077363569372617402 0.0019640166057028233 0.001552543372431318 -0.0028618512602692505 -0.016308782943720689 0.00089929168495822868 0.0073629613018223747 0.0010965846645495053 -0.0046864340520365848
leaf_weight=169 364 72 835 93 1057 283 503 234
leaf_count=169 364 72 835 93 1057 283 503 234
internal_value=0.000198599 -0.000171641 -0.00138273 -0.00851534 -0.000760629 0.00162836 0.00335291 -0.000638384
internal_weight=3610 3441 2057 165 1892 1384 786 598
internal_count=3610 3441 2057 165 1892 1384 786 598
is_linear=0
shrinkage=0.132659


Tree=372
num_leaves=10
num_cat=0
split_feature=6 0 4 4 4 0 0 0 9
split_gain=0.42471 0.461235 0.720617 0.521869 0.472944 0.380083 0.301025 0.282007 0.731169
threshold=0.035750137290876553 34.750000000000007 0.013787859668511574 0.039626139528236119 -0.14184911568200001 5.6500000000000004 58.150000000000013 213.95000000000005 0.12147210532052914
decision_type=2 2 2 2 2 2 2 2 2
left_child=1 4 6 -4 -1 -2 -3 8 -7
right_child=5 2 3 -5 -6 7 -8 -9 -10
leaf_value=0.0063182764275673551 0.0043916504502842296 0.0053910590850180127 0.010072115738242727 0.002134177451127677 -0.003981845485763213 -0.017942598191372505 -0.0011812694462188442 -0.0021746092831217054 -0.0033484467956950122
leaf_weight=89 95 135 214 457 661 86 1338 374 203
leaf_count=89 95 135 214 457 661 86 1338 374 203
internal_value=-0.000660064 7.2093e-05 0.00106262 0.00466599 -0.00275945 -0.00345534 -0.000578863 -0.00457981 -0.00769211
internal_weight=3652 2894 2144 671 750 758 1473 663 289
internal_count=3652 2894 2144 671 750 758 1473 663 289
is_linear=0
shrinkage=0.132659


Tree=373
num_leaves=6
num_cat=0
split_feature=6 0 0 0 0
split_gain=0.330636 0.352401 0.39436 0.28984 0.257555
threshold=0.035750137290876553 34.750000000000007 41.95000000000001 5.6500000000000004 23.350000000000005
decision_type=2 2 2 2 2
left_child=1 -1 -3 -2 -5
right_child=3 2 -4 4 -6
leaf_value=-0.0024059336271736956 0.0038091592689049828 0.010655415361369313 0.00060190223719772736 -0.0098872424179583581 -0.0028588786340211993
leaf_weight=750 95 71 2073 110 553
leaf_count=750 95 71 2073 110 553
internal_value=-0.000576902 6.90978e-05 0.00093491 -0.00304325 -0.00402519
internal_weight=3652 2894 2144 758 663
internal_count=3652 2894 2144 758 663
is_linear=0
shrinkage=0.132659


Tree=374
num_leaves=7
num_cat=0
split_feature=4 4 4 3 6 6
split_gain=0.276126 0.453942 0.276446 0.283724 0.713455 0.398999
threshold=0.093972439306633224 0.10357119415033059 0.085281934728792433 8020.5285000000013 0.0022821827705766548 0.025765380168359744
decision_type=2 2 2 2 2 2
left_child=2 -2 3 5 -5 -1
right_child=1 -3 -4 4 -6 -7
leaf_value=0.0010754339027879891 -0.012680858773889827 -0.0016389798016112707 0.0071959716663350199 -0.0062952814883931764 0.004900129234314105 -0.0057894458752470691
leaf_weight=1996 71 847 95 340 142 161
leaf_count=1996 71 847 95 340 142 161
internal_value=-0.000502535 -0.00249319 0.000165882 -8.72322e-05 -0.00299699 0.000562994
internal_weight=3652 918 2734 2639 482 2157
internal_count=3652 918 2734 2639 482 2157
is_linear=0
shrinkage=0.132659


Tree=375
num_leaves=10
num_cat=0
split_feature=10 3 5 5 5 10 10 10 5
split_gain=0.376932 0.257487 0.236881 0.404786 0.50067 0.270022 0.52699 0.345989 0.175011
threshold=0.18316374999571969 7735.3000000000011 0.18319609574611018 0.21173837064246714 0.20547127287577133 0.087090005998752787 0.11739721558028149 0.062490488559022957 0.21911937281070346
decision_type=2 2 2 2 2 2 2 2 2
left_child=2 -2 5 4 -4 7 -7 -1 -5
right_child=1 -3 3 8 -6 6 -8 -9 -10
leaf_value=0.0030733373616185699 -0.010773275392075428 -0.0010455610432376289 -0.00055800639963000649 0.0063623516584937461 -0.0099877113412654064 0.012073020242934645 -0.001801810464087592 -0.0067292250315478591 0.0011103758358993697
leaf_weight=408 78 124 493 118 124 138 74 75 2073
leaf_count=408 78 124 493 118 124 138 74 75 2073
internal_value=0.000769459 -0.00480238 0.00109078 0.000548053 -0.00245333 0.00328349 0.00723013 0.00155102 0.00139328
internal_weight=3705 202 3503 2808 617 695 212 483 2191
internal_count=3705 202 3503 2808 617 695 212 483 2191
is_linear=0
shrinkage=0.132659


Tree=376
num_leaves=7
num_cat=0
split_feature=2 5 5 5 5 5
split_gain=0.24496 0.230741 0.239779 0.239392 0.42749 0.181012
threshold=192.50000000000003 0.18319609574611018 0.17921267112257541 0.21173837064246714 0.20547127287577133 0.22258747294995415
decision_type=2 2 2 2 2 2
left_child=1 2 -1 4 -3 -5
right_child=-2 3 -4 5 -6 -7
leaf_value=0.0021015184661223327 -0.0056784846644541013 -0.00022862143306085579 0.0095645014481076547 0.0050723796326030092 -0.0090779313573317484 0.00061356323380303522
leaf_weight=586 104 466 87 173 121 2168
leaf_count=586 104 466 87 173 121 2168
internal_value=0.000668239 0.000851563 0.00306648 0.00034245 -0.00205296 0.000943104
internal_weight=3705 3601 673 2928 587 2341
internal_count=3705 3601 673 2928 587 2341
is_linear=0
shrinkage=0.132659


Tree=377
num_leaves=5
num_cat=0
split_feature=10 2 2 2
split_gain=0.277657 0.219583 0.42605 0.929469
threshold=0.18316374999571969 192.50000000000003 103.50000000000001 101.50000000000001
decision_type=2 2 2 2
left_child=1 2 3 -1
right_child=-2 -3 -4 -5
leaf_value=0.00082772915955171052 -0.0041999088098547445 -0.0059680262955596345 0.0048983344741212465 -0.01422578937235214
leaf_weight=2913 202 81 435 74
leaf_count=2913 202 81 435 74
internal_value=0.000582222 0.000858002 0.00101961 0.000454717
internal_weight=3705 3503 3422 2987
internal_count=3705 3503 3422 2987
is_linear=0
shrinkage=0.132659


Tree=378
num_leaves=9
num_cat=0
split_feature=10 0 2 0 0 0 4 0
split_gain=0.466701 0.44156 0.338244 0.487934 0.345422 0.78849 0.299488 0.260471
threshold=0.02875778741537521 72.700000000000003 100.50000000000001 46.750000000000007 101.55000000000001 27.950000000000003 -0.024627277855043511 251.85000000000005
decision_type=2 2 2 2 2 2 2 2
left_child=1 -1 4 -4 5 -2 -5 -6
right_child=2 -3 3 6 7 -7 -8 -9
leaf_value=0.00062614838247626028 -0.00017856081366801965 0.014875692969517953 0.011876549341768551 0.0039466767718967918 0.0033296995916852023 -0.0072585476355780231 -0.0014635951479826592 -0.00069027976661914872
leaf_weight=83 801 71 81 333 391 423 392 1033
leaf_count=83 801 71 81 333 391 423 392 1033
internal_value=5.1697e-05 0.00719663 -0.000266898 0.00211255 -0.000991165 -0.00262539 0.00102143 0.000413544
internal_weight=3608 154 3454 806 2648 1224 725 1424
internal_count=3608 154 3454 806 2648 1224 725 1424
is_linear=0
shrinkage=0.132659


Tree=379
num_leaves=9
num_cat=0
split_feature=10 0 2 0 0 0 0 4
split_gain=0.360147 0.340029 0.261459 0.379006 0.271011 0.619931 0.256352 0.254055
threshold=0.02875778741537521 72.700000000000003 100.50000000000001 46.750000000000007 101.55000000000001 27.950000000000003 154.60000000000002 -0.0066395942814828799
decision_type=2 2 2 2 2 2 2 2
left_child=1 -1 4 -4 5 -2 -5 -6
right_child=2 -3 3 6 7 -7 -8 -9
leaf_value=0.00055010461010115248 -0.00015519901603717494 0.013054545717110896 0.010456913541343659 -0.0032224303385730763 0.0023197938187127678 -0.0064329810501346551 0.0024029620748591695 -0.0012407628711071357
leaf_weight=83 801 71 81 195 643 423 530 781
leaf_count=83 801 71 81 195 643 423 530 781
internal_value=3.93982e-05 0.00631592 -0.000240474 0.00185153 -0.000877248 -0.00232479 0.000889883 0.000366994
internal_weight=3608 154 3454 806 2648 1224 725 1424
internal_count=3608 154 3454 806 2648 1224 725 1424
is_linear=0
shrinkage=0.132659


Tree=380
num_leaves=9
num_cat=0
split_feature=10 0 1 0 0 3 1 4
split_gain=0.279996 0.263636 0.250222 0.669106 0.615408 0.598526 0.465567 0.317559
threshold=0.02875778741537521 72.700000000000003 5900.0000000000009 135.80000000000004 251.85000000000005 4666.0000000000009 8850.0000000000018 -0.15690721120803394
decision_type=2 2 2 2 2 2 2 2
left_child=1 -1 5 6 -5 7 -4 -2
right_child=2 -3 3 4 -6 -7 -8 -9
leaf_value=0.0004832962594005557 -0.007899910918695156 0.011493843613411828 -0.0086167654311021576 0.0082880475799749498 -0.0010834131939488761 0.008395622367408883 0.0003672051226382998 0.00038925329233956032
leaf_weight=83 85 71 314 149 715 163 150 1878
leaf_count=83 85 71 314 149 715 163 150 1878
internal_value=2.60753e-05 0.00556028 -0.000220697 -0.00164932 0.000532851 0.000671691 -0.00571255 3.02601e-05
internal_weight=3608 154 3454 1328 864 2126 464 1963
internal_count=3608 154 3454 1328 864 2126 464 1963
is_linear=0
shrinkage=0.132659


Tree=381
num_leaves=15
num_cat=0
split_feature=2 0 0 6 10 10 9 6 2 9 0 2 2 10
split_gain=0.664186 0.640236 0.948212 1.12004 0.527545 0.955996 0.411515 0.350431 0.466685 0.405099 0.247155 0.223771 0.793676 0.432242
threshold=49.000000000000007 138.10000000000002 109.90000000000002 -0.058084069433636927 0.076503487829569825 0.082223730803916442 0.11776557247940281 0.037185674193541345 190.50000000000003 0.10103786555157478 49.45000000000001 35.500000000000007 37.500000000000007 0.068874542146510828
decision_type=2 2 2 2 2 2 2 2 2 2 2 2 2 2
left_child=4 2 3 -2 11 6 -6 8 -3 -9 -7 13 -13 -1
right_child=1 7 -4 -5 5 10 -8 9 -10 -11 -12 12 -14 -15
leaf_value=0.0008342217318170938 0.014896896448144287 0.00090321412868530563 0.018071808794589656 0.0010039936115204067 -0.020514044250645479 0.0035521136792338952 -0.0063294182950960386 0.012349410817164163 -0.0081399397156388612 0.0016705029726461779 -0.0039672372581425952 0.012263381037974478 -0.0017271344364472728 -0.0069415936862059786
leaf_weight=995 132 643 101 451 72 149 72 89 119 210 159 120 176 144
leaf_count=995 132 643 101 451 72 149 72 89 119 210 159 120 176 144
internal_value=0.00117582 0.00304131 0.00620599 0.00414989 -0.000549298 -0.00450138 -0.0134233 0.00100105 -0.000509175 0.00484968 -0.000329623 0.000695574 0.00394504 -0.00014893
internal_weight=3632 1745 684 583 1887 452 144 1061 762 299 308 1435 296 1139
internal_count=3632 1745 684 583 1887 452 144 1061 762 299 308 1435 296 1139
is_linear=0
shrinkage=0.132659


Tree=382
num_leaves=12
num_cat=0
split_feature=8 0 1 4 3 9 9 4 9 0 0
split_gain=0.51097 0.499854 1.23679 0.859769 0.46097 0.51013 1.03879 0.45611 0.320707 0.310659 1.08776
threshold=7.6041076637142062 362.30000000000007 6300.0000000000009 -0.071957324291300237 8145.4000000000005 0.010707775420066604 0.024836359449227619 0.21573903688446849 0.054152755201650575 3.2500000000000004 49.45000000000001
decision_type=2 2 2 2 2 2 2 2 2 2 2
left_child=1 2 7 -4 5 -2 -7 -1 -3 -6 -11
right_child=4 8 3 -5 9 6 -8 -9 -10 10 -12
leaf_value=0.002812619108283333 -0.011486107154811988 -0.0064318426804338578 0.0036657311452323359 0.0185878520693269 -0.003620074166724887 0.010138650155076907 -0.0023724978389213997 -0.0077204673525241574 0.0011363890743133747 0.016386463457069799 0.00061912328727597218
leaf_weight=755 89 122 121 155 104 130 1148 80 512 102 314
leaf_count=755 89 122 121 155 104 130 1148 80 512 102 314
internal_value=0.00101584 0.00265207 0.00434813 0.0120465 -0.000497278 -0.00177608 -0.00109973 0.00180333 -0.00032008 0.00286443 0.00448565
internal_weight=3632 1745 1111 276 1887 1367 1278 835 634 520 416
internal_count=3632 1745 1111 276 1887 1367 1278 835 634 520 416
is_linear=0
shrinkage=0.132659


Tree=383
num_leaves=15
num_cat=0
split_feature=2 0 0 3 10 10 3 3 10 2 10 3 0 10
split_gain=0.389334 0.485875 0.671924 0.522368 0.399185 0.76155 0.632921 0.489261 0.469017 0.323715 0.28378 0.437853 0.291488 0.174499
threshold=49.000000000000007 138.10000000000002 109.90000000000002 7780.2175000000016 0.076503487829569825 0.082223730803916442 8020.5285000000013 4677.5000000000009 0.07029635617463291 33.500000000000007 0.11826549523211195 2955.6000000000004 210.15000000000001 0.087090005998752787
decision_type=2 2 2 2 2 2 2 2 2 2 2 2 2 2
left_child=4 2 3 -2 6 9 7 -1 -8 -6 11 -3 -12 -7
right_child=1 10 -4 -5 5 13 8 -9 -10 -11 12 -13 -14 -15
leaf_value=-0.0001647071736593246 0.0014247224008493761 -0.0051656724673657768 0.015059249792634085 0.011573370650968308 -0.0056311886085828799 0.0053186979714730199 0.0028568632120024523 -0.010393573403255836 0.014212373840279921 -0.018213129854777608 -0.0074127509702766126 0.0064449241052924478 0.00016569154335812445 -0.001972807566357075
leaf_weight=959 473 74 101 110 73 77 305 90 81 71 104 251 632 231
leaf_count=959 473 74 101 110 73 77 305 90 81 71 104 251 632 231
internal_value=0.000885477 0.00231374 0.00507065 0.00333983 -0.000435315 -0.00387314 0.000647569 -0.00104245 0.00524026 -0.0118362 0.00053638 0.00380115 -0.00090531 -0.000149738
internal_weight=3632 1745 684 583 1887 452 1435 1049 386 144 1061 325 736 308
internal_count=3632 1745 684 583 1887 452 1435 1049 386 144 1061 325 736 308
is_linear=0
shrinkage=0.132659


Tree=384
num_leaves=13
num_cat=0
split_feature=1 10 10 10 10 5 9 3 6 1 5 5
split_gain=0.353827 0.543642 0.874196 0.898196 0.494168 0.448655 0.397438 0.386626 0.403735 0.295307 0.20676 0.241965
threshold=7350.0000000000009 0.13856193131707034 0.095073179168062669 0.082223730803916442 0.18458645386912662 0.23897229432949588 0.047225591817281816 2955.6000000000004 -0.022294148794681102 3225.0000000000005 0.29181336222203003 0.31517919906469272
decision_type=2 2 2 2 2 2 2 2 2 2 2 2
left_child=5 2 3 -2 -3 7 -4 9 -9 -1 -7 -12
right_child=1 4 6 -5 -6 10 -8 8 -10 -11 11 -13
leaf_value=-0.0059191230863368327 -0.0036991680014525096 0.0089575698670885818 -0.0034575272458705082 0.010038276986525135 -0.004551144583348688 0.0055309032775871583 -0.01564018875461079 -0.0039188432085535251 0.0016768877104972686 0.0025796354556011864 -0.0051236777215492206 0.0027109587792260243
leaf_weight=330 468 125 73 102 77 365 133 286 1098 92 84 398
leaf_count=330 468 125 73 102 77 365 133 286 1098 92 84 398
internal_value=-0.000164958 -0.00232177 -0.00391752 -0.00124067 0.00380824 0.000630136 -0.0113237 -0.000551289 0.00052051 -0.00406628 0.00314918 0.00134545
internal_weight=3631 978 776 570 202 2653 206 1806 1384 422 847 482
internal_count=3631 978 776 570 202 2653 206 1806 1384 422 847 482
is_linear=0
shrinkage=0.132659


Tree=385
num_leaves=7
num_cat=0
split_feature=3 1 9 9 3 3
split_gain=0.288678 0.328421 0.497235 0.544599 0.237429 0.263064
threshold=2882.6325000000002 7350.0000000000009 0.029722458506103434 0.039392850351457349 4563.0090000000009 4642.6000000000013
decision_type=2 2 2 2 2 2
left_child=-1 4 -3 -4 -2 -6
right_child=1 2 3 -5 5 -7
leaf_value=-0.0084714335138895529 -0.0005578041850866711 -0.0080135635533567819 0.010112364688612671 -0.0017059526172994914 0.0045074872163371662 0.00064956036132206936
leaf_weight=72 1210 197 76 705 477 894
leaf_count=72 1210 197 76 705 477 894
internal_value=-0.000156153 1.21055e-05 -0.00205807 -0.00055571 0.00079655 0.00199185
internal_weight=3631 3559 978 781 2581 1371
internal_count=3631 3559 978 781 2581 1371
is_linear=0
shrinkage=0.132659


Tree=386
num_leaves=5
num_cat=1
split_feature=13 4 4 4
split_gain=0.263975 0.239661 0.369004 0.235783
threshold=0 0.068446070038831811 0.048158136572761689 0.028569580773672446
decision_type=1 2 2 2
left_child=-1 2 3 -2
right_child=1 -3 -4 -5
leaf_value=0.00098444313698553922 -0.0022308768829817187 0.0010008132937868383 -0.010204330197274233 0.0045108191712506709
leaf_weight=1828 1047 560 96 100
leaf_count=1828 1047 560 96 100
internal_value=-0.000138896 -0.00127781 -0.00230439 -0.00164305
internal_weight=3631 1803 1243 1147
internal_count=3631 1803 1243 1147
cat_boundaries=0 1
cat_threshold=2
is_linear=0
shrinkage=0.132659


Tree=387
num_leaves=11
num_cat=0
split_feature=10 3 0 0 0 0 10 0 3 10
split_gain=0.367465 0.514232 0.70786 0.735783 0.676659 0.410471 0.902904 1.50758 0.235307 0.211535
threshold=0.060576737524599959 2956.5000000000005 120.7 232.75000000000003 34.750000000000007 8.9500000000000011 0.0753235845006507 441.40000000000003 4660.6000000000013 0.12997467065308524
decision_type=2 2 2 2 2 2 2 2 2 2
left_child=1 -1 4 -4 -3 8 7 -7 -2 -8
right_child=5 2 3 -5 -6 6 9 -9 -10 -11
leaf_value=-0.0074935138358331018 0.0061233241479525073 0.0021042543244954833 -0.010441736139301961 0.0018177980850031484 0.012593298475795423 -0.013226897890629308 -0.0023274120355088039 0.0073980350171412718 -0.001405091222568998 0.00049508434692503061
leaf_weight=105 172 301 119 312 169 271 1146 81 127 789
leaf_count=105 172 301 119 312 169 271 1146 81 127 789
internal_value=-0.000859608 0.00129162 0.00231554 -0.00156734 0.00587616 -0.00169648 -0.0023008 -0.00848069 0.00292572 -0.00117654
internal_weight=3592 1006 901 431 470 2586 2287 352 299 1935
internal_count=3592 1006 901 431 470 2586 2287 352 299 1935
is_linear=0
shrinkage=0.132659


Tree=388
num_leaves=12
num_cat=0
split_feature=10 0 0 10 0 0 0 10 0 10 10
split_gain=0.283421 0.318553 1.20087 0.552688 0.511872 0.413361 0.313039 0.703985 1.27907 0.300815 0.190812
threshold=0.060576737524599959 128.70000000000005 34.750000000000007 0.046799082457807367 232.75000000000003 338.40000000000009 8.9500000000000011 0.0753235845006507 267.50000000000006 0.051082425718881226 0.095274738219744595
decision_type=2 2 2 2 2 2 2 2 2 2 2
left_child=1 2 9 -4 -3 -6 10 8 -8 -1 -2
right_child=6 4 3 -5 5 -7 7 -9 -10 -11 -12
leaf_value=-0.0040921369502599971 0.0050056599961088404 -0.0087052287609901136 0.018029619071847226 0.0040957292205545054 0.0087556012037591311 -0.0016986667200707027 -0.014573531470256319 -0.0010311925566894263 0.0015344775892822606 0.004170342755684898 -0.0020146458343994578
leaf_weight=238 194 125 106 95 93 234 197 1935 155 115 105
leaf_count=238 194 125 106 95 93 234 197 1935 155 115 105
internal_value=-0.000761205 0.00112807 0.00326029 0.0114448 -0.00148534 0.00127484 -0.00149617 -0.00202391 -0.00748076 -0.00140032 0.00254035
internal_weight=3592 1006 554 201 452 327 2586 2287 352 353 299
internal_count=3592 1006 554 201 452 327 2586 2287 352 353 299
is_linear=0
shrinkage=0.132659


Tree=389
num_leaves=11
num_cat=0
split_feature=5 0 0 5 5 5 0 0 0 0
split_gain=0.351065 0.425377 1.9725 0.772852 0.598123 0.342243 0.498418 0.787178 0.687742 0.255997
threshold=0.21034968884562677 296.75000000000006 67.350000000000009 0.25540903367878304 0.23897229432949588 0.14384922964977662 54.250000000000007 98.950000000000017 26.350000000000005 341.9500000000001
decision_type=2 2 2 2 2 2 2 2 2 2
left_child=5 2 3 -2 -4 -1 8 -8 -7 -3
right_child=1 9 4 -5 -6 6 7 -9 -10 -11
leaf_value=-0.0078509490478599064 -0.004926929926938925 0.0075775479586935425 -0.0040260598179301579 0.0036515043134135081 -0.014861335010188576 0.0024331659277185822 0.010936884655119678 0.0012131771936813331 -0.0090819230339240584 -0.00034443579924057539
leaf_weight=71 296 77 138 492 256 218 190 640 157 1057
leaf_count=71 296 77 138 492 256 218 190 640 157 1057
internal_value=-0.000668477 -0.00164193 -0.00340288 0.000429109 -0.0110666 0.00109838 0.00162579 0.00343926 -0.00238799 0.000193574
internal_weight=3592 2316 1182 788 394 1276 1205 830 375 1134
internal_count=3592 2316 1182 788 394 1276 1205 830 375 1134
is_linear=0
shrinkage=0.132659


Tree=390
num_leaves=8
num_cat=0
split_feature=5 3 5 3 3 6 6
split_gain=0.45804 0.709066 0.707933 0.673666 0.541277 0.390495 0.336314
threshold=0.19091808784291206 4646.2000000000007 0.15196997945725405 2905.7000000000003 4617.1000000000013 0.072331602876164566 -0.11051404571910346
decision_type=2 2 2 2 2 2 2
left_child=1 2 -1 -2 -4 6 -5
right_child=3 -3 4 5 -6 -7 -8
leaf_value=0.0092707578346442974 -0.010610992269737579 -0.012760817404033118 -0.0041806781382664401 -0.0067427475517747573 0.0067673850759966897 -0.0028348054246315484 0.0022288891124678423
leaf_weight=100 86 105 583 76 92 347 2250
leaf_count=100 86 105 583 76 92 347 2250
internal_value=0.000104003 -0.00253127 -0.00114509 0.00094455 -0.00268837 0.0013164 0.0019357
internal_weight=3639 880 775 2759 675 2673 2326
internal_count=3639 880 775 2759 675 2673 2326
is_linear=0
shrinkage=0.132659


Tree=391
num_leaves=12
num_cat=0
split_feature=5 6 5 5 7 1 6 7 7 7 6
split_gain=0.355424 0.344133 0.343762 0.402454 0.354564 0.41906 0.314278 0.45772 0.280861 0.271613 0.184497
threshold=0.19091808784291206 -0.11623052295614998 0.17728539750959382 0.16643817038001948 0.52211207492427214 4475.0000000000009 0.068308540058091949 0.5034111702718661 0.30287752636085419 0.32476915533968936 0.055262410789564606
decision_type=2 2 2 2 2 2 2 2 2 2 2
left_child=2 -2 3 9 5 -4 10 -8 -5 -1 -3
right_child=1 6 4 8 -6 -7 7 -9 -10 -11 -12
leaf_value=-0.0066899962663895599 -0.0082238945316612036 0.001422562148504815 -0.0041459955935055299 0.010749074086285785 0.0008294500994375588 -0.01627471285475561 -0.011842339215123449 -0.00019418422538189446 0.0008555590846620457 0.00096328503315457926 0.0079452032777146877
leaf_weight=185 72 2234 129 72 97 82 74 300 169 146 79
leaf_count=185 72 2234 129 72 97 82 74 300 169 146 79
internal_value=8.55112e-05 0.000825941 -0.00223587 -0.000311849 -0.00580885 -0.00886042 0.00106849 -0.00249932 0.00381183 -0.00331434 0.0016454
internal_weight=3639 2759 880 572 308 211 2687 374 241 331 2313
internal_count=3639 2759 880 572 308 211 2687 374 241 331 2313
is_linear=0
shrinkage=0.132659


Tree=392
num_leaves=9
num_cat=0
split_feature=1 7 7 7 7 6 6 7
split_gain=0.28866 0.399005 0.261722 0.316226 0.231918 0.361661 0.439974 0.192699
threshold=7250.0000000000009 0.72622060749543249 0.28906059791277361 0.31185806109839725 0.5247292272526497 0.021066481279820831 0.011896743168263845 0.27942115730081862
decision_type=2 2 2 2 2 2 2 2
left_child=1 2 7 -4 5 6 -2 -1
right_child=4 -3 3 -5 -6 -7 -8 -9
leaf_value=0.00017199201880352033 0.0033052318767580057 0.0084902162060323701 -0.0074154856937191302 -0.0013297857083748833 -0.0019926687805499432 0.012005408691434743 -0.0064910656291199426 0.0062590931630938547
leaf_weight=762 655 81 167 1498 209 71 92 104
leaf_count=762 655 81 167 1498 209 71 92 104
internal_value=6.68259e-05 -0.000674034 -0.000967373 -0.00194025 0.00195106 0.00295871 0.00209861 0.000903113
internal_weight=3639 2612 2531 1665 1027 818 747 866
internal_count=3639 2612 2531 1665 1027 818 747 866
is_linear=0
shrinkage=0.132659


Tree=393
num_leaves=8
num_cat=0
split_feature=9 2 2 10 9 10 10
split_gain=0.487001 0.436294 0.448123 0.370711 0.306204 0.19435 0.193375
threshold=0.021727571804781545 49.000000000000007 183.50000000000003 0.097379482298587269 0.11539091163012129 0.088445681998814502 0.084389250185516337
decision_type=2 2 2 2 2 2 2
left_child=-1 3 5 6 -4 -3 -2
right_child=1 2 4 -5 -6 -7 -8
leaf_value=-0.0030076150267366562 0.00023568269269439574 0.00064130083311272619 -0.0034243990021064108 -0.0064390319745821446 0.0040332809462272105 0.0053527705893880641 0.0058045359644104122
leaf_weight=474 1407 185 253 141 157 922 119
leaf_count=474 1407 185 253 141 157 922 119
internal_value=0.000959437 0.00155002 0.00317785 6.86468e-05 -0.000568599 0.00456542 0.00067001
internal_weight=3658 3184 1517 1667 410 1107 1526
internal_count=3658 3184 1517 1667 410 1107 1526
is_linear=0
shrinkage=0.132659


Tree=394
num_leaves=10
num_cat=0
split_feature=3 5 5 5 2 5 5 9 5
split_gain=0.387886 0.439356 0.31544 0.417818 0.401944 0.384 0.340273 0.27056 0.207871
threshold=8189.0000000000009 0.24333582360554087 0.17143822658260058 0.16796242097688643 183.50000000000003 0.19336562468989704 0.21097213690295735 0.027476011818223994 0.31213952388822869
decision_type=2 2 2 2 2 2 2 2 2
left_child=2 -2 3 7 6 -6 -4 -1 -3
right_child=1 8 4 -5 5 -7 -8 -9 -10
leaf_value=-0.0038611767726645157 0.0022979292949905305 -0.011777296288538895 0.0049875288886008168 -0.011085729429968829 -0.0093874655789338013 0.00018656492030123795 0.0014851540149432344 0.0032782903896032109 -0.0035223011837178342
leaf_weight=181 150 93 679 74 95 329 1737 193 127
leaf_count=181 150 93 679 74 95 329 1737 193 127
internal_value=0.00083404 -0.00323808 0.00129229 -0.00197916 0.00180836 -0.00195883 0.0024695 -0.000176915 -0.00701253
internal_weight=3658 370 3288 448 2840 424 2416 374 220
internal_count=3658 370 3288 448 2840 424 2416 374 220
is_linear=0
shrinkage=0.132659


Tree=395
num_leaves=10
num_cat=0
split_feature=3 10 4 5 10 5 10 5 5
split_gain=0.297369 0.548788 0.539129 0.245277 0.352718 0.587083 0.310516 0.237241 0.234544
threshold=8189.0000000000009 0.072410622296947877 -0.011336898155983917 0.17143822658260058 0.048158437665810565 0.15426394185745895 0.052476130570704153 0.17695175986887318 0.1891734978645187
decision_type=2 2 2 2 2 2 2 2 2
left_child=3 2 -2 4 5 -1 -6 -5 -9
right_child=1 -3 -4 7 6 -7 -8 8 -10
leaf_value=5.3569742175680703e-05 0.0088781046967226513 -0.009354297585137587 -0.0042057623247011948 0.0070912512006594272 0.0080800345567662597 -0.01537309639198845 -0.0017101581334783233 -0.0022536454606639873 0.0017386708438374653
leaf_weight=105 94 141 135 131 82 74 187 290 2419
leaf_count=105 94 141 135 131 82 74 187 290 2419
internal_value=0.000721624 -0.00284384 0.00116514 0.00112286 -0.00176191 -0.00632473 0.00127451 0.00157793 0.00131128
internal_weight=3658 370 229 3288 448 179 269 2840 2709
internal_count=3658 370 229 3288 448 179 269 2840 2709
is_linear=0
shrinkage=0.132659


Tree=396
num_leaves=6
num_cat=0
split_feature=10 10 9 9 10
split_gain=0.416531 0.502964 0.306965 0.40286 0.180671
threshold=0.058663404934755838 0.062490488559022957 0.011943397008025939 0.029722458506103434 0.055074290361289094
decision_type=2 2 2 2 2
left_child=4 -2 -3 -4 -1
right_child=1 2 3 -5 -6
leaf_value=-0.0013174028549862897 0.010198861268960888 0.0073494542361369243 -0.0052144027018357015 0.0010906663911815033 -0.0073754118940011016
leaf_weight=887 107 124 194 2207 96
leaf_count=887 107 124 194 2207 96
internal_value=0.000420915 0.00129115 0.000913614 0.000581186 -0.00190914
internal_weight=3615 2632 2525 2401 983
internal_count=3615 2632 2525 2401 983
is_linear=0
shrinkage=0.132659


Tree=397
num_leaves=9
num_cat=0
split_feature=0 2 2 2 0 2 2 2
split_gain=0.234974 0.802634 0.358414 0.562829 0.460905 0.236148 0.301661 0.311409
threshold=131.65000000000003 187.50000000000003 40.500000000000007 93.500000000000014 90.050000000000011 7.5000000000000009 38.500000000000007 56.500000000000007
decision_type=2 2 2 2 2 2 2 2
left_child=1 2 4 -4 -1 -2 -7 -8
right_child=5 -3 3 -5 -6 6 7 -9
leaf_value=-0.0015402027707576227 -0.0066960601405274623 0.01464499210500096 0.0074891190535666544 -0.00044301981018458225 0.0090829479296497765 0.0019638411903842266 -0.0077282913588299614 -0.00080858757529772291
leaf_weight=913 107 78 301 330 78 665 129 1014
leaf_count=913 107 78 301 330 78 665 129 1014
internal_value=0.000366657 0.00150179 0.000869612 0.00334086 -0.000703935 -0.000641038 -0.000282635 -0.00158965
internal_weight=3615 1700 1622 631 991 1915 1808 1143
internal_count=3615 1700 1622 631 991 1915 1808 1143
is_linear=0
shrinkage=0.132659


Tree=398
num_leaves=3
num_cat=0
split_feature=6 6
split_gain=0.295682 0.213291
threshold=-0.11623052295614998 -0.090784281115697099
decision_type=2 2
left_child=-1 -2
right_child=1 -3
leaf_value=0.0081959979388686478 -0.0070066807420286611 0.00028753065684579768
leaf_weight=82 72 3461
leaf_count=82 72 3461
internal_value=0.000321647 0.000138848
internal_weight=3615 3533
internal_count=3615 3533
is_linear=0
shrinkage=0.132659


Tree=399
num_leaves=11
num_cat=0
split_feature=1 5 5 9 9 5 5 9 1 1
split_gain=0.260928 0.614265 0.977898 0.590514 0.532041 0.668416 0.372532 0.357192 0.3439 0.290978
threshold=4775.0000000000009 0.19550093912284108 0.23540937333970588 0.037126442442328662 0.012717003744970297 0.15426394185745895 0.25426439354670149 0.006413881053136364 4875.0000000000009 2875.0000000000005
decision_type=2 2 2 2 2 2 2 2 2 2
left_child=4 8 3 -3 7 -6 -4 -1 -2 -7
right_child=1 2 6 -5 5 9 -8 -9 -10 -11
leaf_value=0.00038298016220481235 0.014970364614183216 -0.016005066252411895 0.0049268392527179851 -0.0030095975858276795 -0.014282359173445223 0.0020405686675887351 0.0002764070843944883 0.012686978053932279 0.0035543636833659516 -0.0023585204017069149
leaf_weight=93 77 84 435 230 74 341 1000 75 117 1181
leaf_count=93 77 84 435 230 74 341 1000 75 117 1181
internal_value=-5.60399e-05 0.00100442 0.000218822 -0.00648675 -0.00122411 -0.0019716 0.00168616 0.00587655 0.00808634 -0.0013729
internal_weight=3707 1943 1749 314 1764 1596 1435 168 194 1522
internal_count=3707 1943 1749 314 1764 1596 1435 168 194 1522
is_linear=0
shrinkage=0.132659


Tree=400
num_leaves=8
num_cat=0
split_feature=9 9 5 5 9 5 9
split_gain=0.254765 0.219019 0.321328 0.704987 0.261356 0.444977 0.305217
threshold=0.003049088441340581 0.018303791810598984 0.18429677446561166 0.15939864562133901 0.055697718043469992 0.21278056649225288 0.05958648786117287
decision_type=2 2 2 2 2 2 2
left_child=-1 2 3 -2 5 -3 -6
right_child=1 4 -4 -5 6 -7 -8
leaf_value=0.0071232461924514686 -0.0083554251671488639 -0.00021723733041665509 -0.0085472867938848965 0.0097813118342636035 -0.0087553843944622855 0.0062371771222737259 -0.00032690176397625335
leaf_weight=85 78 512 132 73 78 297 2452
leaf_count=85 78 512 132 73 78 297 2452
internal_value=-5.49695e-05 -0.000223458 -0.00376673 0.000412753 7.68711e-05 0.00215238 -0.000586808
internal_weight=3707 3622 283 151 3339 809 2530
internal_count=3707 3622 283 151 3339 809 2530
is_linear=0
shrinkage=0.132659


Tree=401
num_leaves=11
num_cat=0
split_feature=2 1 2 2 2 5 5 1 5 5
split_gain=0.236903 0.532531 0.98114 0.312179 0.31409 0.286741 0.372284 0.363756 0.24513 0.185154
threshold=36.500000000000007 4425.0000000000009 30.500000000000004 30.500000000000004 12.500000000000002 0.15426394185745895 0.16412962035248516 2675.0000000000005 0.25493746445562865 0.25426439354670149
decision_type=2 2 2 2 2 2 2 2 2 2
left_child=1 3 9 4 -1 -2 -7 -8 -4 -3
right_child=5 2 8 -5 -6 6 7 -9 -10 -11
leaf_value=-0.0025459735155503997 -0.0084268588073927921 0.003028415254721637 0.014351197649878038 -0.007470762028791364 0.0046086748348674609 0.0083963605169787448 0.0079886965017878456 -0.0013723977621812997 0.0054988783961386432 -0.0012002433247901678
leaf_weight=341 87 342 135 135 158 77 76 1873 93 390
leaf_count=341 87 342 135 135 158 77 76 1873 93 390
internal_value=-4.90236e-05 0.00117197 0.00314243 -0.0018117 -0.000280492 -0.000970115 -0.000649843 -0.0010073 0.010741 0.00077546
internal_weight=3707 1594 960 634 499 2113 2026 1949 228 732
internal_count=3707 1594 960 634 499 2113 2026 1949 228 732
is_linear=0
shrinkage=0.132659


Tree=402
num_leaves=10
num_cat=0
split_feature=5 5 5 5 5 2 2 5 2
split_gain=0.352451 0.247979 0.697809 0.365268 0.237057 0.216166 0.279257 0.198015 0.181719
threshold=0.2031871284925062 0.2301055562029572 0.22475697069338821 0.24231204920713795 0.40604306053594852 93.500000000000014 100.50000000000001 0.20841930521486954 98.500000000000014
decision_type=2 2 2 2 2 2 2 2 2
left_child=5 2 7 8 -5 -1 -7 -2 -3
right_child=1 3 -4 4 -6 6 -8 -9 -10
leaf_value=-0.00053545338401887873 0.0063151144773535232 -0.0043076543656479539 0.014189062572588918 0.0020243488848602303 -0.0023569984089676882 -0.010054189610581573 -0.0022999859858866805 -0.00058487703379743233 0.001507491616481074
leaf_weight=727 98 379 89 1251 263 110 318 289 126
leaf_count=727 98 379 89 1251 263 110 318 289 126
internal_value=-1.20494e-05 0.000874889 0.00359862 0.000232717 0.00126324 -0.00192798 -0.0042932 0.00116259 -0.00285674
internal_weight=3650 2495 476 2019 1514 1155 428 387 505
internal_count=3650 2495 476 2019 1514 1155 428 387 505
is_linear=0
shrinkage=0.132659


Tree=403
num_leaves=8
num_cat=0
split_feature=3 1 3 1 2 5 5
split_gain=0.44379 0.636683 0.368337 0.346849 0.34449 0.343666 0.461685
threshold=7780.2175000000016 7550.0000000000009 4666.0000000000009 6300.0000000000009 182.50000000000003 0.22847820582037881 0.23893293917651856
decision_type=2 2 2 2 2 2 2
left_child=1 2 -1 -2 -3 -5 -7
right_child=3 4 -4 5 -6 6 -8
leaf_value=-0.00097064703391329973 -0.0041660225774783595 -0.015465287942937975 0.0051252091921354347 -0.0033625413180722397 -0.002956842910171174 0.012312304872452303 0.0027983894683088462
leaf_weight=2128 137 78 190 133 77 101 806
leaf_count=2128 137 78 190 133 77 101 806
internal_value=-1.22591e-05 -0.0010214 -0.000470953 0.00210804 -0.00925239 0.00293459 0.00385803
internal_weight=3650 2473 2318 1177 155 1040 907
internal_count=3650 2473 2318 1177 155 1040 907
is_linear=0
shrinkage=0.132659


Tree=404
num_leaves=5
num_cat=0
split_feature=7 1 1 1
split_gain=0.265572 0.302567 0.212603 0.182789
threshold=0.7109701287407354 5500.0000000000009 4375.0000000000009 4725.0000000000009
decision_type=2 2 2 2
left_child=1 2 -1 -4
right_child=-2 -3 3 -5
leaf_value=0.00045906804860853536 -0.003077772657235545 0.0020670609520346598 -0.0048983516103300222 -0.00066720251919610992
leaf_weight=1260 438 1204 300 448
leaf_count=1260 438 1204 300 448
internal_value=-1.35364e-05 0.000404326 -0.000592659 -0.00236426
internal_weight=3650 3212 2008 748
internal_count=3650 3212 2008 748
is_linear=0
shrinkage=0.132659


Tree=405
num_leaves=7
num_cat=0
split_feature=5 9 9 9 0 9
split_gain=0.554564 0.346472 0.327622 0.819031 0.30851 0.261556
threshold=0.15304911999308862 0.0054437172214267665 0.026218604416695133 0.020963001506648777 67.350000000000009 0.030312310908217392
decision_type=2 2 2 2 2 2
left_child=4 -2 3 -3 -1 -4
right_child=1 2 5 -5 -6 -7
leaf_value=0.014003162748836924 0.0082142107710107617 -0.00038527366165318439 0.0073205476309192025 -0.014053211577701501 0.00210305833410888 -0.00041472035911425503
leaf_weight=72 79 264 79 109 82 2911
leaf_count=72 79 264 79 109 82 2911
internal_value=-0.000120289 -0.000468768 -0.000672778 -0.00437983 0.00766765 -0.000210304
internal_weight=3596 3442 3363 373 154 2990
internal_count=3596 3442 3363 373 154 2990
is_linear=0
shrinkage=0.132659


Tree=406
num_leaves=6
num_cat=0
split_feature=5 5 6 6 6
split_gain=0.426888 0.264791 0.28713 0.921256 0.552117
threshold=0.15304911999308862 0.63348813177680252 0.038298503636430441 0.031332412154762443 0.044295922815349081
decision_type=2 2 2 2 2
left_child=-1 2 3 -2 -4
right_child=1 -3 4 -5 -6
leaf_value=0.0067264722704162734 -0.00062470216983023439 0.0058177708788268593 -0.013633265664459297 0.010174489150745841 -0.0017026318922274937
leaf_weight=154 2555 116 78 147 546
leaf_count=154 2555 116 78 147 546
internal_value=-0.000106408 -0.000412152 -0.000629459 -3.7123e-05 -0.00319428
internal_weight=3596 3442 3326 2702 624
internal_count=3596 3442 3326 2702 624
is_linear=0
shrinkage=0.132659


Tree=407
num_leaves=12
num_cat=0
split_feature=5 1 5 1 0 9 5 9 0 0 9
split_gain=0.338246 0.451539 0.373465 0.62021 0.307829 0.395959 0.318214 0.281226 0.223031 0.248507 0.180678
threshold=0.22334282864140353 7750.0000000000009 0.24743497089449978 7150.0000000000009 125.55000000000001 0.075546341043676898 0.17281704313325993 0.05769222370303672 0.75000000000000011 508.05000000000007 0.16747912678420601
decision_type=2 2 2 2 2 2 2 2 2 2 2
left_child=1 4 3 10 5 -1 -6 -5 -4 -10 -2
right_child=2 -3 8 7 6 -7 -8 -9 9 -11 -12
leaf_value=0.0047726279649445711 -0.0026040129951513239 0.011068873313568458 0.0054922990306675917 -0.004082942439086178 0.0032072654057517715 -0.0017794980601091121 -0.0031855673291794743 -0.01247237328613038 -0.0019151993095985716 0.0018607835968858647 0.003042440225007415
leaf_weight=515 262 81 122 134 197 237 450 148 786 503 161
leaf_count=515 262 81 122 134 197 237 450 148 786 503 161
internal_value=-9.83396e-05 0.00144005 -0.00117434 -0.00366759 0.00088243 0.00270766 -0.00123903 -0.00848638 7.14206e-05 -0.000441709 -0.000454848
internal_weight=3596 1480 2116 705 1399 752 647 282 1411 1289 423
internal_count=3596 1480 2116 705 1399 752 647 282 1411 1289 423
is_linear=0
shrinkage=0.132659


Tree=408
num_leaves=9
num_cat=0
split_feature=9 0 9 0 0 4 10 9
split_gain=0.301742 0.338882 1.06621 1.08849 0.6794 0.412859 0.391062 0.327043
threshold=0.003049088441340581 167.50000000000003 0.028876289640716507 56.350000000000009 228.65000000000001 0.065987051122843809 0.17825460342417884 0.026218604416695133
decision_type=2 2 2 2 2 2 2 2
left_child=-1 2 3 -2 7 -4 -6 -3
right_child=1 4 5 -5 6 -7 -8 -9
leaf_value=0.0077551963278127984 0.003039526541444312 0.014689008597225824 0.0015485926948981335 -0.013596438859953673 0.00050061066681005256 -0.0030031770863587067 -0.0068976575046779277 0.0039655280895056783
leaf_weight=80 99 77 894 230 1413 577 138 143
leaf_count=80 99 77 894 230 1413 577 138 143
internal_value=-0.000301421 -0.000481945 -0.00176379 -0.00859057 0.000820891 -0.000236851 -0.000157712 0.00771956
internal_weight=3651 3571 1800 329 1771 1471 1551 220
internal_count=3651 3571 1800 329 1771 1471 1551 220
is_linear=0
shrinkage=0.132659


Tree=409
num_leaves=11
num_cat=0
split_feature=3 10 0 4 0 10 2 2 0 10
split_gain=0.277296 0.354634 0.709868 1.0469 0.692643 0.265261 0.258451 0.254675 0.404876 0.255208
threshold=8032.1000000000013 0.051422300583386267 362.30000000000007 0.11469241968593141 236.90000000000001 0.095073179168062669 189.50000000000003 99.500000000000014 159.05000000000004 0.031671453617239421
decision_type=2 2 2 2 2 2 2 2 2 2
left_child=6 4 3 -3 -2 -4 7 9 -9 -1
right_child=1 2 5 -5 -6 -7 -8 8 -10 -11
leaf_value=-0.0058212361795673502 -0.011761505518469688 0.01340088002824193 0.0013554028729979048 -0.0019355875616468737 0.0036553155507768921 -0.0085523514163027888 0.0031368423328510396 -0.008258428849246718 -0.0009387335138347216 -0.00015834344372489458
leaf_weight=151 86 207 127 126 127 76 260 216 346 1929
leaf_count=151 86 207 127 126 127 76 260 216 346 1929
internal_value=-0.000266437 0.0020092 0.00382884 0.00759807 -0.00256972 -0.00235427 -0.000853784 -0.00124652 -0.00375216 -0.000569491
internal_weight=3651 749 536 333 213 203 2902 2642 562 2080
internal_count=3651 749 536 333 213 203 2902 2642 562 2080
is_linear=0
shrinkage=0.132659


Tree=410
num_leaves=8
num_cat=0
split_feature=1 1 9 9 4 9 9
split_gain=0.266879 0.382119 0.207977 0.446503 0.204257 0.293911 0.179041
threshold=2975.0000000000005 2875.0000000000005 0.056537849534888766 0.10307357267915432 0.32609717207346495 0.27574420728700377 0.0071504807080980358
decision_type=2 2 2 2 2 2 2
left_child=1 2 -1 -4 5 6 -2
right_child=4 -3 3 -5 -6 -7 -8
leaf_value=0.0049582165522420374 0.0051761404062476337 -0.010676182293743742 -0.009133480850535421 0.0015395706962706653 0.0058616499346666254 -0.0081537250191485219 -1.165339485304047e-05
leaf_weight=75 122 96 118 166 108 76 2890
leaf_count=75 122 96 118 166 108 76 2890
internal_value=-0.000236703 -0.00324261 -0.00125441 -0.00289526 0.000191247 -7.09855e-06 0.000198502
internal_weight=3651 455 359 284 3196 3088 3012
internal_count=3651 455 359 284 3196 3088 3012
is_linear=0
shrinkage=0.132659


Tree=411
num_leaves=7
num_cat=0
split_feature=9 0 0 0 0 0
split_gain=0.400305 0.226906 0.307842 0.655505 0.402428 0.289263
threshold=0.0037947171202809596 10.450000000000001 27.950000000000003 20.350000000000005 39.550000000000004 7.7500000000000009
decision_type=2 2 2 2 2 2
left_child=-1 5 3 -3 -4 -2
right_child=1 2 4 -5 -6 -7
leaf_value=-0.0090076345391336861 -0.0015031293716678456 -0.00018739632276667452 -0.0068966888312215983 0.012519603393263556 0.00015381754427530876 -0.010361249215011518
leaf_weight=94 480 211 151 108 2517 75
leaf_count=94 480 211 151 108 2517 75
internal_value=-0.000464033 -0.000237256 0.000220428 0.00411506 -0.000245256 -0.00270044
internal_weight=3636 3542 2987 319 2668 555
internal_count=3636 3542 2987 319 2668 555
is_linear=0
shrinkage=0.132659


Tree=412
num_leaves=10
num_cat=0
split_feature=9 9 2 10 10 2 2 10 10
split_gain=0.322013 0.51322 1.0348 0.513435 0.456965 0.38282 0.456702 0.341511 0.41353
threshold=0.018303791810598984 0.029722458506103434 31.500000000000004 0.083822849216738479 0.033095708506070291 103.50000000000001 183.50000000000003 0.050177188282657693 0.08642419657166743
decision_type=2 2 2 2 2 2 2 2 2
left_child=4 2 -2 -4 -1 -3 -7 -6 -9
right_child=1 5 3 -5 7 6 -8 8 -10
leaf_value=0.0053217283795252953 0.017368076877688942 -0.0011899352167021029 -0.0087586843657587576 0.0058124493803514473 -0.013866650490778657 0.0090986729349827201 0.00041474021634647858 0.0022247936792433084 -0.0092329349903969033
leaf_weight=73 88 2445 73 102 79 144 410 107 115
leaf_count=73 88 2445 73 102 79 144 410 107 115
internal_value=-0.000406448 1.62804e-05 0.00563505 -0.000266023 -0.0040933 -0.000476489 0.00267214 -0.00637686 -0.00371074
internal_weight=3636 3262 263 175 374 2999 554 301 222
internal_count=3636 3262 263 175 374 2999 554 301 222
is_linear=0
shrinkage=0.132659


Tree=413
num_leaves=6
num_cat=0
split_feature=10 9 5 5 5
split_gain=0.291911 0.266134 0.346809 0.43076 0.290997
threshold=0.19029034153685673 0.0037947171202809596 0.22942331923836598 0.22406639012487506 0.23540937333970588
decision_type=2 2 2 2 2
left_child=1 -1 3 -3 -4
right_child=-2 2 4 -5 -6
leaf_value=-0.0075261584577247945 0.0065020535688799334 0.00055228212186147541 -0.0086219750218524353 0.010106968519036023 -0.0011976089485529143
leaf_weight=94 106 1468 98 88 1782
leaf_count=94 106 1468 98 88 1782
internal_value=-0.000356756 -0.000562744 -0.000372208 0.00109275 -0.0015847
internal_weight=3636 3530 3436 1556 1880
internal_count=3636 3530 3436 1556 1880
is_linear=0
shrinkage=0.132659


Tree=414
num_leaves=7
num_cat=0
split_feature=9 3 3 10 4 4
split_gain=0.242045 0.850801 0.272216 0.285397 0.340321 0.274034
threshold=0.011943397008025939 4639.7195000000011 2900.0000000000005 0.037101021217959211 0.022417316897014084 -0.170746369925977
decision_type=2 2 2 2 2 2
left_child=1 -1 -2 4 -4 -5
right_child=2 -3 3 5 -6 -7
leaf_value=0.0031373625151875978 -0.0074240880655522682 -0.012278060216278587 -0.00056134174327511434 -0.0064106144333682339 -0.010669658891609122 0.00048684928555910417
leaf_weight=126 92 126 153 105 95 2917
leaf_count=126 92 126 153 105 95 2917
internal_value=-0.000605357 -0.00457063 -0.000308118 -0.000107876 -0.00443393 0.000247162
internal_weight=3614 252 3362 3270 248 3022
internal_count=3614 252 3362 3270 248 3022
is_linear=0
shrinkage=0.132659


Tree=415
num_leaves=2
num_cat=0
split_feature=9
split_gain=0.19846
threshold=0.0099469006180210404
decision_type=2
left_child=-1
right_child=-2
leaf_value=-0.0045544351014066035 -0.00029494527827530798
leaf_weight=204 3410
leaf_count=204 3410
internal_value=-0.000535401
internal_weight=3614
internal_count=3614
is_linear=0
shrinkage=0.132659


end of trees

feature_importances:
midprice=661
otm_depth=455
iv=401
iv_x_sqrt_dte=396
S=369
days_to_expire=349
log_moneyness_x_sqrt_dte=252
strike=247
log_moneyness=236
sqrt_dte=66
type_cat=38
inv_dte=21
ticker_cat=5
is_atm=4
dte_bucket=1

parameters:
[boosting: gbdt]
[objective: huber]
[metric: huber]
[tree_learner: serial]
[device_type: cpu]
[data_sample_strategy: bagging]
[data: ]
[valid: ]
[num_iterations: 2000]
[learning_rate: 0.132659]
[num_leaves: 111]
[num_threads: 8]
[seed: 0]
[deterministic: 0]
[force_col_wise: 0]
[force_row_wise: 0]
[histogram_pool_size: -1]
[max_depth: 4]
[min_data_in_leaf: 71]
[min_sum_hessian_in_leaf: 0.001]
[bagging_fraction: 0.683813]
[pos_bagging_fraction: 1]
[neg_bagging_fraction: 1]
[bagging_freq: 3]
[bagging_seed: 3]
[bagging_by_query: 0]
[feature_fraction: 0.742133]
[feature_fraction_bynode: 1]
[feature_fraction_seed: 2]
[extra_trees: 0]
[extra_seed: 6]
[early_stopping_round: 0]
[early_stopping_min_delta: 0]
[first_metric_only: 0]
[max_delta_step: 0]
[lambda_l1: 2.45782e-05]
[lambda_l2: 0.0161061]
[linear_lambda: 0]
[min_gain_to_split: 0.174167]
[drop_rate: 0.1]
[max_drop: 50]
[skip_drop: 0.5]
[xgboost_dart_mode: 0]
[uniform_drop: 0]
[drop_seed: 4]
[top_rate: 0.2]
[other_rate: 0.1]
[min_data_per_group: 100]
[max_cat_threshold: 32]
[cat_l2: 10]
[cat_smooth: 10]
[max_cat_to_onehot: 4]
[top_k: 20]
[monotone_constraints: ]
[monotone_constraints_method: basic]
[monotone_penalty: 0]
[feature_contri: ]
[forcedsplits_filename: ]
[refit_decay_rate: 0.9]
[cegb_tradeoff: 1]
[cegb_penalty_split: 0]
[cegb_penalty_feature_lazy: ]
[cegb_penalty_feature_coupled: ]
[path_smooth: 0]
[interaction_constraints: ]
[verbosity: -1]
[saved_feature_importance_type: 0]
[use_quantized_grad: 0]
[num_grad_quant_bins: 4]
[quant_train_renew_leaf: 0]
[stochastic_rounding: 1]
[linear_tree: 0]
[max_bin: 255]
[max_bin_by_feature: ]
[min_data_in_bin: 3]
[bin_construct_sample_cnt: 200000]
[data_random_seed: 1]
[is_enable_sparse: 1]
[enable_bundle: 1]
[use_missing: 1]
[zero_as_missing: 0]
[feature_pre_filter: 1]
[pre_partition: 0]
[two_round: 0]
[header: 0]
[label_column: ]
[weight_column: ]
[group_column: ]
[ignore_column: ]
[categorical_feature: 12,13]
[forcedbins_filename: ]
[precise_float_parser: 0]
[parser_config_file: ]
[objective_seed: 5]
[num_class: 1]
[is_unbalance: 0]
[scale_pos_weight: 1]
[sigmoid: 1]
[boost_from_average: 1]
[reg_sqrt: 0]
[alpha: 0.954517]
[fair_c: 1]
[poisson_max_delta_step: 0.7]
[tweedie_variance_power: 1.5]
[lambdarank_truncation_level: 30]
[lambdarank_norm: 1]
[label_gain: ]
[lambdarank_position_bias_regularization: 0]
[eval_at: ]
[multi_error_top_k: 1]
[auc_mu_weights: ]
[num_machines: 1]
[local_listen_port: 12400]
[time_out: 120]
[machine_list_filename: ]
[machines: ]
[gpu_platform_id: -1]
[gpu_device_id: -1]
[gpu_use_dp: 0]
[num_gpu: 1]

end of parameters

pandas_categorical:[["HO", "IO", "MO"], ["C", "P"], ["near", "short", "medium", "far"]]
